timestamp,rainfall_mm,rainfall_intensity_mm_hr,rainfall_duration_hr,water_level_m,water_level_rise_rate_m_hr,water_level_acceleration_m_hr2,soil_moisture_percent,saturation_index,elevation_m,distance_from_river_m,vulnerability_level,flood_type,risk_level
2026-07-01 00:00:00,72.8,8.9,17.3,1.82,0.11,-0.04,50.3,0.434,85.0,372.3,MEDIUM,Slow Saturation,LOW
2026-07-01 00:30:00,72.0,7.2,42.3,1.62,0.1,-0.06,52.4,0.435,152.0,354.9,LOW,Slow Saturation,LOW
2026-07-01 01:00:00,70.6,9.4,52.3,1.58,0.13,-0.08,50.4,0.438,158.6,802.8,LOW,Slow Saturation,LOW
2026-07-01 01:30:00,99.3,10.8,54.0,1.8,0.07,-0.05,52.5,0.475,161.1,783.0,LOW,Slow Saturation,LOW
2026-07-01 02:00:00,75.5,8.6,18.4,1.58,0.05,-0.09,51.2,0.444,122.0,623.6,LOW,Slow Saturation,LOW
2026-07-01 02:30:00,98.3,8.9,26.9,1.61,0.1,-0.05,53.0,0.464,40.3,283.2,HIGH,Slow Saturation,LOW
2026-07-01 03:00:00,89.7,11.0,49.3,1.63,0.12,-0.03,50.2,0.456,66.6,235.1,HIGH,Slow Saturation,LOW
2026-07-01 03:30:00,76.9,13.2,65.1,1.83,0.1,-0.07,51.9,0.435,57.8,226.0,HIGH,Slow Saturation,LOW
2026-07-01 04:00:00,97.5,11.2,29.7,1.86,0.08,-0.09,52.2,0.463,27.7,24.7,CRITICAL,Slow Saturation,MEDIUM
2026-07-01 04:30:00,81.1,12.6,48.7,1.86,0.05,-0.07,52.3,0.438,180.0,995.6,LOW,Slow Saturation,LOW
2026-07-01 05:00:00,85.3,11.9,53.5,1.6,0.07,-0.05,51.9,0.435,90.5,1065.4,LOW,Slow Saturation,LOW
2026-07-01 05:30:00,73.0,10.6,29.8,1.66,0.12,-0.02,52.8,0.46,117.4,464.6,LOW,Slow Saturation,LOW
2026-07-01 06:00:00,85.6,12.6,44.1,1.58,0.04,-0.08,54.0,0.475,164.0,973.7,LOW,Slow Saturation,LOW
2026-07-01 06:30:00,100.4,13.3,19.1,1.59,0.05,-0.06,53.3,0.465,144.5,446.3,LOW,Slow Saturation,LOW
2026-07-01 07:00:00,98.0,9.0,44.7,1.74,0.08,-0.09,53.2,0.468,46.8,254.0,HIGH,Slow Saturation,LOW
2026-07-01 07:30:00,85.9,10.3,49.9,1.68,0.05,-0.09,52.7,0.472,51.8,214.7,HIGH,Slow Saturation,LOW
2026-07-01 08:00:00,99.8,8.8,48.9,1.65,0.12,-0.1,53.0,0.455,49.1,176.9,HIGH,Slow Saturation,LOW
2026-07-01 08:30:00,95.8,10.6,45.8,1.61,0.12,-0.09,52.1,0.473,85.3,700.3,LOW,Slow Saturation,LOW
2026-07-01 09:00:00,72.1,14.2,51.1,1.85,0.08,-0.07,51.4,0.444,44.9,312.9,HIGH,Slow Saturation,LOW
2026-07-01 09:30:00,101.3,9.0,30.6,1.76,0.08,-0.02,50.7,0.45,184.9,977.0,LOW,Slow Saturation,LOW
2026-07-01 10:00:00,75.1,13.3,64.3,1.71,0.09,-0.09,50.8,0.45,77.6,543.7,LOW,Slow Saturation,LOW
2026-07-01 10:30:00,84.4,10.5,56.9,1.76,0.13,-0.01,53.4,0.453,38.8,247.6,HIGH,Slow Saturation,LOW
2026-07-01 11:00:00,96.1,11.2,46.3,1.75,0.05,-0.05,54.0,0.489,39.2,533.1,MEDIUM,Slow Saturation,LOW
2026-07-01 11:30:00,93.9,11.6,25.8,1.87,0.07,-0.1,51.6,0.441,114.9,814.5,LOW,Slow Saturation,LOW
2026-07-01 12:00:00,103.3,11.1,46.5,1.68,0.07,-0.04,52.3,0.463,128.2,575.0,LOW,Slow Saturation,LOW
2026-07-01 12:30:00,87.0,7.9,55.3,1.63,0.14,-0.01,51.6,0.443,57.9,521.3,MEDIUM,Slow Saturation,LOW
2026-07-01 13:00:00,76.9,10.1,61.9,1.8,0.12,-0.04,54.7,0.477,125.1,355.9,LOW,Slow Saturation,LOW
2026-07-01 13:30:00,104.6,12.1,31.8,1.65,0.06,-0.09,53.0,0.482,59.1,380.1,MEDIUM,Slow Saturation,LOW
2026-07-01 14:00:00,81.3,12.0,26.8,1.88,0.09,-0.02,51.2,0.449,85.3,557.5,LOW,Slow Saturation,LOW
2026-07-01 14:30:00,81.6,12.0,56.3,1.75,0.12,-0.05,50.9,0.424,25.0,196.0,CRITICAL,Slow Saturation,MEDIUM
2026-07-01 15:00:00,93.2,13.4,44.6,1.72,0.06,-0.09,54.5,0.488,149.7,995.5,LOW,Slow Saturation,LOW
2026-07-01 15:30:00,76.8,9.4,27.2,1.76,0.12,-0.02,53.5,0.469,38.7,519.8,MEDIUM,Slow Saturation,LOW
2026-07-01 16:00:00,104.5,13.3,67.0,1.74,0.05,-0.03,54.8,0.497,150.8,998.0,LOW,Slow Saturation,LOW
2026-07-01 16:30:00,77.8,13.2,30.2,1.71,0.13,-0.02,54.4,0.474,91.6,578.9,LOW,Slow Saturation,LOW
2026-07-01 17:00:00,81.2,7.9,28.1,1.94,0.08,-0.02,52.3,0.46,123.0,649.8,LOW,Slow Saturation,LOW
2026-07-01 17:30:00,78.9,14.3,44.2,1.94,0.14,-0.09,52.3,0.464,30.8,104.1,CRITICAL,Slow Saturation,MEDIUM
2026-07-01 18:00:00,93.2,12.0,32.6,1.73,0.09,-0.05,54.1,0.48,12.3,204.7,CRITICAL,Slow Saturation,MEDIUM
2026-07-01 18:30:00,99.2,13.0,53.7,1.86,0.09,-0.1,52.6,0.467,66.3,484.6,MEDIUM,Slow Saturation,LOW
2026-07-01 19:00:00,90.5,10.0,32.0,1.7,0.09,-0.07,53.0,0.469,174.7,858.0,LOW,Slow Saturation,LOW
2026-07-01 19:30:00,95.8,10.0,48.4,1.8,0.05,-0.08,53.7,0.484,125.3,698.7,LOW,Slow Saturation,LOW
2026-07-01 20:00:00,108.6,11.2,27.5,1.7,0.13,-0.09,53.5,0.477,121.5,601.4,LOW,Slow Saturation,LOW
2026-07-01 20:30:00,85.4,12.6,55.5,1.75,0.07,-0.1,53.4,0.472,159.0,404.6,LOW,Slow Saturation,LOW
2026-07-01 21:00:00,102.4,9.3,49.2,1.88,0.1,-0.08,51.6,0.457,141.9,927.5,LOW,Slow Saturation,LOW
2026-07-01 21:30:00,112.0,9.2,38.5,1.76,0.1,-0.1,55.0,0.48,91.0,951.1,LOW,Slow Saturation,LOW
2026-07-01 22:00:00,112.2,12.2,67.8,1.91,0.14,-0.04,53.7,0.488,155.7,760.9,LOW,Slow Saturation,LOW
2026-07-01 22:30:00,88.5,11.4,55.1,1.93,0.08,-0.04,53.8,0.479,120.4,555.9,LOW,Slow Saturation,LOW
2026-07-01 23:00:00,91.1,10.0,31.3,1.77,0.11,-0.09,54.6,0.461,134.2,398.2,LOW,Slow Saturation,LOW
2026-07-01 23:30:00,87.6,11.0,44.7,1.88,0.1,-0.01,54.6,0.469,160.2,924.2,LOW,Slow Saturation,LOW
2026-07-02 00:00:00,107.2,10.6,16.8,1.84,0.14,-0.01,54.9,0.484,106.5,802.4,LOW,Slow Saturation,LOW
2026-07-02 00:30:00,82.4,11.3,27.9,1.84,0.09,-0.03,52.6,0.444,92.9,445.7,LOW,Slow Saturation,LOW
2026-07-02 01:00:00,101.6,11.0,17.9,1.76,0.06,-0.04,53.9,0.481,20.7,92.7,CRITICAL,Slow Saturation,MEDIUM
2026-07-02 01:30:00,95.6,13.6,33.5,1.8,0.13,-0.02,52.4,0.452,15.4,125.6,CRITICAL,Slow Saturation,MEDIUM
2026-07-02 02:00:00,110.2,12.9,34.8,2.02,0.12,-0.03,53.0,0.492,15.5,46.2,CRITICAL,Slow Saturation,MEDIUM
2026-07-02 02:30:00,91.0,12.3,51.4,1.79,0.13,-0.02,54.7,0.463,141.4,435.9,LOW,Slow Saturation,LOW
2026-07-02 03:00:00,84.8,9.2,66.8,2.03,0.09,-0.03,53.9,0.475,135.7,407.0,LOW,Slow Saturation,LOW
2026-07-02 03:30:00,111.5,9.1,49.2,1.79,0.14,-0.04,56.3,0.508,147.4,610.4,LOW,Slow Saturation,LOW
2026-07-02 04:00:00,96.9,12.0,35.9,1.79,0.14,-0.02,56.3,0.489,122.0,971.5,LOW,Slow Saturation,LOW
2026-07-02 04:30:00,119.3,13.6,39.3,1.92,0.09,-0.02,54.4,0.5,87.4,898.3,LOW,Slow Saturation,LOW
2026-07-02 05:00:00,89.1,14.4,61.0,1.91,0.15,-0.07,55.0,0.469,77.6,132.3,HIGH,Slow Saturation,MEDIUM
2026-07-02 05:30:00,114.5,10.1,26.1,1.98,0.1,-0.01,53.7,0.496,13.8,209.4,CRITICAL,Slow Saturation,MEDIUM
2026-07-02 06:00:00,113.7,12.1,54.1,1.92,0.13,-0.03,55.9,0.487,28.1,60.4,CRITICAL,Slow Saturation,MEDIUM
2026-07-02 06:30:00,104.2,12.7,32.6,2.01,0.12,-0.06,54.1,0.486,133.6,553.2,LOW,Slow Saturation,LOW
2026-07-02 07:00:00,92.4,10.1,23.0,1.84,0.12,-0.02,53.7,0.461,95.8,893.4,LOW,Slow Saturation,LOW
2026-07-02 07:30:00,92.3,10.7,44.0,1.85,0.09,-0.07,52.9,0.478,104.4,555.7,LOW,Slow Saturation,LOW
2026-07-02 08:00:00,93.8,13.7,45.5,2.06,0.15,-0.05,55.2,0.496,93.2,680.4,LOW,Slow Saturation,LOW
2026-07-02 08:30:00,106.6,15.4,19.5,1.83,0.15,-0.06,55.5,0.482,21.3,45.6,CRITICAL,Slow Saturation,MEDIUM
2026-07-02 09:00:00,94.6,15.8,32.6,2.05,0.14,-0.04,54.0,0.475,102.4,687.9,LOW,Slow Saturation,LOW
2026-07-02 09:30:00,101.8,15.9,61.6,2.04,0.13,-0.04,56.9,0.498,47.9,210.7,HIGH,Slow Saturation,MEDIUM
2026-07-02 10:00:00,94.3,10.2,25.0,2.0,0.07,-0.05,54.4,0.48,52.0,424.0,MEDIUM,Slow Saturation,LOW
2026-07-02 10:30:00,124.6,13.8,40.5,2.03,0.15,-0.03,57.0,0.523,85.5,758.4,LOW,Slow Saturation,LOW
2026-07-02 11:00:00,95.3,14.8,64.1,2.06,0.09,-0.06,55.6,0.49,61.9,173.5,HIGH,Slow Saturation,MEDIUM
2026-07-02 11:30:00,110.9,15.7,53.3,1.85,0.12,-0.09,55.2,0.499,67.8,227.7,HIGH,Slow Saturation,MEDIUM
2026-07-02 12:00:00,114.1,15.0,66.9,2.05,0.16,0.01,54.6,0.478,19.0,170.0,CRITICAL,Slow Saturation,MEDIUM
2026-07-02 12:30:00,101.0,15.6,50.8,2.0,0.13,-0.03,53.9,0.475,72.2,263.3,MEDIUM,Slow Saturation,LOW
2026-07-02 13:00:00,119.5,11.5,61.6,2.1,0.1,0.0,55.9,0.51,90.7,585.9,LOW,Slow Saturation,LOW
2026-07-02 13:30:00,113.8,12.1,67.4,2.03,0.17,-0.03,55.4,0.491,44.5,275.6,HIGH,Slow Saturation,MEDIUM
2026-07-02 14:00:00,103.6,14.6,49.5,2.0,0.13,-0.0,56.6,0.507,33.0,214.5,HIGH,Slow Saturation,MEDIUM
2026-07-02 14:30:00,116.3,10.5,29.5,2.18,0.13,-0.08,57.5,0.518,91.8,438.1,LOW,Slow Saturation,LOW
2026-07-02 15:00:00,115.5,14.4,42.9,2.18,0.11,-0.01,54.9,0.505,107.4,637.7,LOW,Slow Saturation,LOW
2026-07-02 15:30:00,128.5,15.6,43.5,2.02,0.11,-0.01,57.8,0.539,99.8,965.4,LOW,Slow Saturation,LOW
2026-07-02 16:00:00,133.9,13.6,32.6,2.06,0.13,-0.08,55.5,0.505,107.5,757.6,LOW,Slow Saturation,LOW
2026-07-02 16:30:00,124.0,10.9,33.8,2.14,0.14,-0.07,54.4,0.495,140.8,878.9,LOW,Slow Saturation,LOW
2026-07-02 17:00:00,128.9,14.2,37.2,1.92,0.17,-0.04,56.3,0.524,114.1,1002.3,LOW,Slow Saturation,LOW
2026-07-02 17:30:00,116.8,13.3,40.0,2.11,0.15,-0.05,55.0,0.508,93.2,1076.9,LOW,Slow Saturation,LOW
2026-07-02 18:00:00,131.3,14.2,53.2,2.04,0.16,-0.0,55.7,0.506,136.3,919.6,LOW,Slow Saturation,LOW
2026-07-02 18:30:00,124.2,10.2,19.0,2.15,0.17,0.01,56.2,0.522,29.0,144.9,CRITICAL,Slow Saturation,MEDIUM
2026-07-02 19:00:00,134.4,14.6,40.3,2.03,0.09,-0.01,56.1,0.529,37.2,348.4,HIGH,Slow Saturation,MEDIUM
2026-07-02 19:30:00,106.2,11.0,58.4,2.02,0.17,-0.03,58.3,0.515,36.8,318.3,HIGH,Slow Saturation,MEDIUM
2026-07-02 20:00:00,132.2,9.9,30.5,2.0,0.17,-0.02,56.5,0.51,71.8,372.7,MEDIUM,Slow Saturation,LOW
2026-07-02 20:30:00,134.3,11.7,39.3,2.1,0.11,-0.05,55.8,0.519,110.9,781.1,LOW,Slow Saturation,LOW
2026-07-02 21:00:00,128.4,16.8,32.6,2.17,0.12,-0.03,57.9,0.542,20.5,139.3,CRITICAL,Slow Saturation,MEDIUM
2026-07-02 21:30:00,134.0,12.0,64.3,2.16,0.15,-0.05,57.4,0.526,129.3,890.7,LOW,Slow Saturation,LOW
2026-07-02 22:00:00,138.3,14.5,60.9,2.11,0.15,-0.06,57.4,0.534,138.7,417.6,LOW,Slow Saturation,LOW
2026-07-02 22:30:00,112.0,11.4,56.2,2.14,0.14,0.01,58.8,0.514,155.7,542.7,LOW,Slow Saturation,LOW
2026-07-02 23:00:00,134.2,15.8,42.4,2.28,0.12,-0.08,55.8,0.525,179.2,995.1,LOW,Slow Saturation,LOW
2026-07-02 23:30:00,136.9,17.0,68.3,2.0,0.13,-0.01,57.4,0.535,90.7,854.6,LOW,Slow Saturation,LOW
2026-07-03 00:00:00,142.3,16.0,47.8,2.01,0.11,-0.06,58.9,0.549,109.1,1036.4,LOW,Slow Saturation,LOW
2026-07-03 00:30:00,141.9,16.1,20.7,2.05,0.12,-0.05,59.2,0.536,64.7,331.8,MEDIUM,Slow Saturation,LOW
2026-07-03 01:00:00,126.6,11.3,63.6,2.3,0.16,-0.01,57.2,0.507,140.4,465.9,LOW,Slow Saturation,LOW
2026-07-03 01:30:00,125.7,13.8,22.6,2.14,0.18,-0.08,57.4,0.518,176.4,991.6,LOW,Slow Saturation,LOW
2026-07-03 02:00:00,146.4,14.3,53.1,2.09,0.13,-0.05,56.2,0.513,158.7,691.0,LOW,Slow Saturation,LOW
2026-07-03 02:30:00,113.6,14.7,50.9,2.08,0.17,-0.06,58.0,0.521,23.9,171.9,CRITICAL,Slow Saturation,MEDIUM
2026-07-03 03:00:00,125.0,16.7,28.8,2.05,0.11,0.01,59.3,0.525,37.0,175.9,HIGH,Slow Saturation,MEDIUM
2026-07-03 03:30:00,115.1,15.3,26.6,2.13,0.1,-0.01,57.3,0.504,42.1,142.5,HIGH,Slow Saturation,MEDIUM
2026-07-03 04:00:00,131.6,15.9,44.9,2.1,0.17,-0.03,58.1,0.537,175.6,382.5,LOW,Slow Saturation,LOW
2026-07-03 04:30:00,131.7,14.4,62.7,2.21,0.19,-0.08,57.7,0.536,130.7,717.7,LOW,Slow Saturation,LOW
2026-07-03 05:00:00,137.6,11.3,21.4,2.27,0.11,-0.06,58.4,0.549,68.3,547.7,LOW,Slow Saturation,LOW
2026-07-03 05:30:00,120.5,15.1,41.2,2.28,0.17,0.0,59.4,0.533,136.7,511.3,LOW,Slow Saturation,LOW
2026-07-03 06:00:00,133.6,13.3,29.5,2.22,0.14,-0.07,59.0,0.536,76.8,185.6,HIGH,Slow Saturation,MEDIUM
2026-07-03 06:30:00,121.7,16.8,21.2,2.34,0.12,-0.01,58.7,0.541,113.5,771.2,LOW,Slow Saturation,LOW
2026-07-03 07:00:00,142.5,13.5,24.1,2.32,0.18,0.01,60.4,0.549,115.9,613.7,LOW,Slow Saturation,LOW
2026-07-03 07:30:00,127.8,15.6,28.8,2.22,0.12,0.0,59.7,0.542,111.3,955.4,LOW,Slow Saturation,LOW
2026-07-03 08:00:00,142.1,16.8,68.4,2.4,0.17,-0.08,60.1,0.563,58.3,197.6,HIGH,Slow Saturation,MEDIUM
2026-07-03 08:30:00,121.6,13.5,33.8,2.25,0.19,-0.02,57.4,0.524,121.5,373.0,LOW,Slow Saturation,LOW
2026-07-03 09:00:00,134.0,14.1,29.0,2.37,0.15,-0.01,59.2,0.548,26.7,25.8,CRITICAL,Slow Saturation,MEDIUM
2026-07-03 09:30:00,132.3,16.0,50.0,2.28,0.17,-0.03,58.1,0.519,142.6,435.4,LOW,Slow Saturation,LOW
2026-07-03 10:00:00,140.6,16.1,32.6,2.27,0.17,-0.07,59.5,0.544,13.3,76.8,CRITICAL,Slow Saturation,MEDIUM
2026-07-03 10:30:00,135.8,13.2,25.0,2.21,0.12,-0.0,58.7,0.528,133.7,725.2,LOW,Slow Saturation,LOW
2026-07-03 11:00:00,155.2,11.9,59.8,2.44,0.12,-0.08,60.7,0.577,111.6,780.0,LOW,Slow Saturation,LOW
2026-07-03 11:30:00,126.5,12.3,39.6,2.36,0.15,0.0,60.7,0.552,171.1,416.1,LOW,Slow Saturation,LOW
2026-07-03 12:00:00,144.9,15.7,30.6,2.28,0.15,-0.05,58.8,0.556,41.1,339.5,HIGH,Slow Saturation,MEDIUM
2026-07-03 12:30:00,139.5,17.9,44.5,2.43,0.18,0.0,58.5,0.526,37.3,204.8,HIGH,Slow Saturation,MEDIUM
2026-07-03 13:00:00,134.2,16.2,57.5,2.42,0.19,-0.03,60.7,0.554,89.7,1043.1,LOW,Slow Saturation,LOW
2026-07-03 13:30:00,159.0,16.1,51.0,2.22,0.18,-0.06,59.5,0.562,64.4,238.1,HIGH,Slow Saturation,MEDIUM
2026-07-03 14:00:00,145.3,13.9,44.4,2.24,0.13,0.01,61.3,0.549,160.0,811.3,LOW,Slow Saturation,LOW
2026-07-03 14:30:00,158.0,15.7,42.1,2.46,0.2,-0.03,60.5,0.567,67.6,324.5,MEDIUM,Slow Saturation,MEDIUM
2026-07-03 15:00:00,162.5,12.6,21.3,2.38,0.15,-0.0,58.7,0.545,54.9,308.2,HIGH,Slow Saturation,MEDIUM
2026-07-03 15:30:00,144.8,13.0,45.3,2.34,0.15,-0.03,60.5,0.555,148.5,835.5,LOW,Slow Saturation,LOW
2026-07-03 16:00:00,142.5,16.7,23.0,2.52,0.19,-0.01,61.7,0.551,69.7,370.6,MEDIUM,Slow Saturation,MEDIUM
2026-07-03 16:30:00,157.8,18.8,36.3,2.53,0.16,-0.01,59.5,0.547,77.2,460.4,MEDIUM,Slow Saturation,MEDIUM
2026-07-03 17:00:00,159.9,17.9,53.0,2.45,0.19,-0.02,60.1,0.575,74.6,275.9,MEDIUM,Slow Saturation,MEDIUM
2026-07-03 17:30:00,151.9,18.8,29.3,2.29,0.15,-0.06,61.8,0.562,29.5,173.0,CRITICAL,Slow Saturation,MEDIUM
2026-07-03 18:00:00,147.4,12.5,64.2,2.39,0.2,-0.06,59.2,0.56,155.8,928.3,LOW,Slow Saturation,LOW
2026-07-03 18:30:00,150.8,15.3,26.9,2.42,0.19,-0.05,59.8,0.566,141.5,686.7,LOW,Slow Saturation,LOW
2026-07-03 19:00:00,153.6,18.0,34.4,2.57,0.21,-0.04,62.7,0.581,91.9,561.3,LOW,Slow Saturation,MEDIUM
2026-07-03 19:30:00,166.6,19.1,45.7,2.37,0.2,-0.06,61.4,0.576,163.2,765.9,LOW,Slow Saturation,LOW
2026-07-03 20:00:00,148.7,18.4,62.3,2.58,0.2,-0.04,59.5,0.54,87.7,1059.8,LOW,Slow Saturation,LOW
2026-07-03 20:30:00,140.5,14.9,41.8,2.39,0.14,-0.02,63.0,0.564,76.9,132.1,HIGH,Slow Saturation,MEDIUM
2026-07-03 21:00:00,168.0,17.1,62.0,2.57,0.15,-0.04,61.9,0.598,36.0,423.4,HIGH,Slow Saturation,MEDIUM
2026-07-03 21:30:00,150.1,13.2,18.7,2.55,0.21,-0.02,61.3,0.565,31.2,74.1,CRITICAL,Slow Saturation,MEDIUM
2026-07-03 22:00:00,169.7,15.6,20.9,2.61,0.18,-0.06,61.7,0.578,14.8,120.7,CRITICAL,Slow Saturation,MEDIUM
2026-07-03 22:30:00,164.2,15.7,25.9,2.55,0.16,-0.03,59.7,0.557,180.6,400.8,LOW,Slow Saturation,LOW
2026-07-03 23:00:00,162.9,19.7,44.9,2.55,0.17,-0.02,63.4,0.593,55.9,127.0,HIGH,Slow Saturation,MEDIUM
2026-07-03 23:30:00,166.3,18.0,36.4,2.46,0.21,0.01,59.8,0.577,106.5,960.1,LOW,Slow Saturation,LOW
2026-07-04 00:00:00,169.4,16.2,59.0,2.39,0.2,0.01,62.8,0.582,91.2,570.1,LOW,Slow Saturation,LOW
2026-07-04 00:30:00,178.5,13.3,28.9,2.54,0.19,0.03,60.8,0.569,142.3,493.3,LOW,Slow Saturation,MEDIUM
2026-07-04 01:00:00,158.3,19.1,59.2,2.65,0.15,-0.03,62.9,0.58,166.8,640.0,LOW,Slow Saturation,MEDIUM
2026-07-04 01:30:00,179.8,16.6,44.4,2.61,0.19,0.01,60.3,0.596,116.2,966.8,LOW,Slow Saturation,MEDIUM
2026-07-04 02:00:00,171.4,13.7,35.3,2.53,0.17,-0.01,62.8,0.595,72.8,138.2,HIGH,Slow Saturation,MEDIUM
2026-07-04 02:30:00,158.7,20.2,37.0,2.44,0.23,0.03,62.7,0.595,74.9,464.5,MEDIUM,Slow Saturation,MEDIUM
2026-07-04 03:00:00,171.1,14.3,68.2,2.44,0.22,-0.06,63.4,0.603,75.4,284.6,MEDIUM,Slow Saturation,MEDIUM
2026-07-04 03:30:00,183.9,18.1,50.2,2.6,0.18,0.01,62.5,0.602,80.9,837.2,LOW,Slow Saturation,MEDIUM
2026-07-04 04:00:00,169.0,18.5,24.6,2.52,0.18,-0.01,61.5,0.574,89.2,1097.3,LOW,Slow Saturation,LOW
2026-07-04 04:30:00,156.6,16.9,66.4,2.72,0.23,-0.02,62.3,0.572,27.2,154.8,CRITICAL,Slow Saturation,MEDIUM
2026-07-04 05:00:00,155.4,15.9,35.4,2.71,0.2,0.03,63.5,0.598,172.4,828.3,LOW,Slow Saturation,MEDIUM
2026-07-04 05:30:00,161.0,14.4,45.3,2.47,0.16,0.02,63.0,0.597,75.8,465.6,MEDIUM,Slow Saturation,MEDIUM
2026-07-04 06:00:00,165.6,14.2,50.7,2.63,0.24,0.01,63.9,0.599,154.4,405.3,LOW,Slow Saturation,MEDIUM
2026-07-04 06:30:00,179.4,16.8,52.3,2.71,0.19,0.03,63.5,0.62,43.5,535.5,MEDIUM,Slow Saturation,MEDIUM
2026-07-04 07:00:00,160.7,14.1,66.2,2.58,0.17,-0.05,63.9,0.592,71.9,524.6,LOW,Slow Saturation,MEDIUM
2026-07-04 07:30:00,179.4,15.5,62.9,2.59,0.21,-0.05,63.3,0.616,98.9,476.5,LOW,Slow Saturation,MEDIUM
2026-07-04 08:00:00,183.3,18.5,27.0,2.67,0.21,0.02,64.6,0.63,16.9,24.3,CRITICAL,Slow Saturation,MEDIUM
2026-07-04 08:30:00,185.7,18.5,49.0,2.66,0.2,0.0,63.9,0.616,62.1,531.4,MEDIUM,Slow Saturation,MEDIUM
2026-07-04 09:00:00,170.1,18.8,60.8,2.65,0.17,-0.05,63.4,0.596,47.3,380.9,MEDIUM,Slow Saturation,MEDIUM
2026-07-04 09:30:00,190.6,19.2,56.4,2.64,0.25,-0.05,63.8,0.609,67.2,320.6,MEDIUM,Slow Saturation,MEDIUM
2026-07-04 10:00:00,171.5,14.8,31.9,2.61,0.2,0.0,65.1,0.603,39.6,260.8,HIGH,Slow Saturation,MEDIUM
2026-07-04 10:30:00,179.6,19.5,35.3,2.64,0.21,-0.01,61.9,0.595,175.5,729.1,LOW,Slow Saturation,MEDIUM
2026-07-04 11:00:00,164.8,16.7,30.3,2.75,0.21,0.03,63.7,0.61,104.8,985.4,LOW,Slow Saturation,MEDIUM
2026-07-04 11:30:00,190.6,19.4,65.0,2.74,0.2,-0.02,62.7,0.604,107.7,405.1,LOW,Slow Saturation,MEDIUM
2026-07-04 12:00:00,199.3,16.3,58.9,2.87,0.23,-0.05,63.6,0.619,149.5,604.3,LOW,Slow Saturation,MEDIUM
2026-07-04 12:30:00,183.3,15.8,58.4,2.62,0.21,-0.05,63.5,0.621,94.0,692.7,LOW,Slow Saturation,MEDIUM
2026-07-04 13:00:00,187.8,16.8,46.0,2.81,0.18,0.04,63.5,0.614,70.2,476.2,MEDIUM,Slow Saturation,MEDIUM
2026-07-04 13:30:00,195.8,16.6,56.1,2.89,0.2,0.01,64.7,0.626,149.8,894.0,LOW,Slow Saturation,MEDIUM
2026-07-04 14:00:00,201.9,17.9,20.6,2.78,0.24,0.02,65.4,0.641,112.9,477.9,LOW,Slow Saturation,MEDIUM
2026-07-04 14:30:00,174.1,20.5,51.5,2.9,0.23,-0.05,63.0,0.601,15.3,79.3,CRITICAL,Slow Saturation,MEDIUM
2026-07-04 15:00:00,196.9,17.6,55.2,2.85,0.26,0.03,62.9,0.601,35.9,209.2,HIGH,Slow Saturation,MEDIUM
2026-07-04 15:30:00,181.6,18.5,53.8,2.74,0.19,0.04,64.2,0.606,145.6,890.7,LOW,Slow Saturation,MEDIUM
2026-07-04 16:00:00,178.2,19.1,55.4,2.71,0.2,0.0,66.8,0.633,63.5,244.3,HIGH,Slow Saturation,MEDIUM
2026-07-04 16:30:00,184.5,17.1,56.0,2.73,0.26,0.03,63.5,0.599,129.1,634.8,LOW,Slow Saturation,MEDIUM
2026-07-04 17:00:00,201.3,21.6,62.0,2.87,0.2,-0.02,64.5,0.643,88.5,542.3,LOW,Slow Saturation,MEDIUM
2026-07-04 17:30:00,206.6,18.8,29.9,2.85,0.24,-0.04,65.5,0.638,53.9,408.0,MEDIUM,Slow Saturation,MEDIUM
2026-07-04 18:00:00,189.3,15.5,52.6,2.91,0.24,-0.04,63.3,0.611,107.2,1046.8,LOW,Slow Saturation,MEDIUM
2026-07-04 18:30:00,192.4,21.3,68.1,2.78,0.2,0.04,66.0,0.629,169.1,417.1,LOW,Slow Saturation,MEDIUM
2026-07-04 19:00:00,209.3,20.3,47.3,2.96,0.26,-0.03,64.2,0.633,171.1,1097.9,LOW,Slow Saturation,MEDIUM
2026-07-04 19:30:00,211.1,21.8,45.3,2.71,0.27,0.04,65.9,0.642,30.6,216.5,HIGH,Slow Saturation,MEDIUM
2026-07-04 20:00:00,195.5,19.1,71.0,2.85,0.27,0.03,64.5,0.616,31.5,48.3,CRITICAL,Slow Saturation,MEDIUM
2026-07-04 20:30:00,204.9,16.7,33.0,2.95,0.26,0.01,64.5,0.629,160.1,1022.8,LOW,Slow Saturation,MEDIUM
2026-07-04 21:00:00,203.4,16.1,46.4,2.83,0.2,-0.04,64.9,0.642,57.1,221.3,HIGH,Slow Saturation,MEDIUM
2026-07-04 21:30:00,206.1,17.6,69.3,2.95,0.19,0.02,64.3,0.638,32.5,77.9,CRITICAL,Slow Saturation,MEDIUM
2026-07-04 22:00:00,206.3,21.9,45.8,3.02,0.22,-0.04,65.3,0.634,118.3,514.3,LOW,Slow Saturation,MEDIUM
2026-07-04 22:30:00,203.7,20.9,27.7,2.9,0.23,0.01,66.4,0.632,126.9,513.8,LOW,Slow Saturation,MEDIUM
2026-07-04 23:00:00,186.3,21.8,59.0,2.79,0.23,0.02,66.6,0.624,22.7,127.3,CRITICAL,Slow Saturation,MEDIUM
2026-07-04 23:30:00,195.7,16.8,49.5,2.84,0.24,-0.04,66.8,0.641,27.7,119.6,CRITICAL,Slow Saturation,MEDIUM
2026-07-05 00:00:00,201.1,19.4,43.4,3.02,0.2,-0.0,67.4,0.659,80.5,962.3,LOW,Slow Saturation,MEDIUM
2026-07-05 00:30:00,198.0,16.2,49.9,3.07,0.2,0.05,64.9,0.636,173.5,373.8,LOW,Slow Saturation,MEDIUM
2026-07-05 01:00:00,221.1,21.3,59.8,3.1,0.25,-0.0,66.3,0.652,162.4,1030.1,LOW,Slow Saturation,MEDIUM
2026-07-05 01:30:00,206.6,20.7,55.4,2.86,0.25,-0.01,67.0,0.646,103.5,895.9,LOW,Slow Saturation,MEDIUM
2026-07-05 02:00:00,199.0,16.3,20.1,2.98,0.26,0.01,68.3,0.646,54.8,268.8,HIGH,Slow Saturation,MEDIUM
2026-07-05 02:30:00,193.4,21.2,68.7,3.06,0.27,-0.0,68.6,0.645,14.7,57.2,CRITICAL,Slow Saturation,HIGH
2026-07-05 03:00:00,214.9,20.4,21.7,2.96,0.2,0.03,66.1,0.636,49.6,491.4,MEDIUM,Slow Saturation,MEDIUM
2026-07-05 03:30:00,219.7,18.3,46.2,3.02,0.27,-0.01,68.0,0.653,67.5,249.8,HIGH,Slow Saturation,MEDIUM
2026-07-05 04:00:00,202.6,17.9,54.3,3.12,0.21,0.05,69.0,0.651,120.3,670.4,LOW,Slow Saturation,MEDIUM
2026-07-05 04:30:00,216.4,23.0,70.6,2.99,0.27,-0.01,66.1,0.65,77.1,444.4,MEDIUM,Slow Saturation,MEDIUM
2026-07-05 05:00:00,218.6,18.6,64.2,3.04,0.28,0.05,69.5,0.677,108.4,450.6,LOW,Slow Saturation,MEDIUM
2026-07-05 05:30:00,227.0,21.1,30.7,3.1,0.28,-0.03,66.5,0.653,58.4,409.7,MEDIUM,Slow Saturation,MEDIUM
2026-07-05 06:00:00,222.2,17.9,65.6,3.03,0.27,0.01,69.3,0.682,69.6,531.5,LOW,Slow Saturation,MEDIUM
2026-07-05 06:30:00,200.5,23.4,68.9,2.97,0.3,0.01,68.3,0.64,47.4,513.5,MEDIUM,Slow Saturation,MEDIUM
2026-07-05 07:00:00,216.0,19.4,60.5,3.06,0.24,-0.01,68.0,0.666,29.1,216.2,HIGH,Slow Saturation,MEDIUM
2026-07-05 07:30:00,211.2,23.2,63.9,2.98,0.25,0.02,66.7,0.65,57.1,521.9,MEDIUM,Slow Saturation,MEDIUM
2026-07-05 08:00:00,210.6,17.9,41.9,3.08,0.24,0.04,68.8,0.669,130.5,543.0,LOW,Slow Saturation,MEDIUM
2026-07-05 08:30:00,217.1,21.4,70.5,2.99,0.23,0.04,69.2,0.684,96.5,1037.7,LOW,Slow Saturation,MEDIUM
2026-07-05 09:00:00,202.0,17.4,53.7,3.14,0.29,0.06,69.5,0.667,83.3,981.9,LOW,Slow Saturation,MEDIUM
2026-07-05 09:30:00,219.4,17.1,57.1,3.15,0.25,0.02,69.0,0.666,95.6,715.9,LOW,Slow Saturation,MEDIUM
2026-07-05 10:00:00,221.1,17.2,49.0,2.97,0.24,0.06,69.9,0.666,128.6,954.6,LOW,Slow Saturation,MEDIUM
2026-07-05 10:30:00,208.7,17.9,25.9,3.22,0.23,0.02,67.8,0.671,80.7,629.8,LOW,Slow Saturation,MEDIUM
2026-07-05 11:00:00,212.2,24.2,49.8,3.18,0.28,0.05,70.3,0.676,143.4,420.1,LOW,Slow Saturation,MEDIUM
2026-07-05 11:30:00,205.5,17.7,49.2,3.12,0.23,0.01,70.1,0.669,109.9,993.5,LOW,Slow Saturation,MEDIUM
2026-07-05 12:00:00,213.5,17.7,47.9,3.14,0.3,0.05,67.3,0.644,24.9,204.7,CRITICAL,Slow Saturation,HIGH
2026-07-05 12:30:00,239.5,17.7,49.8,3.18,0.25,0.06,70.2,0.71,135.3,648.7,LOW,Slow Saturation,MEDIUM
2026-07-05 13:00:00,237.1,19.2,29.0,3.12,0.26,0.05,70.3,0.683,36.2,545.0,MEDIUM,Slow Saturation,MEDIUM
2026-07-05 13:30:00,210.6,24.4,46.6,3.13,0.26,0.05,70.5,0.686,177.2,647.5,LOW,Slow Saturation,MEDIUM
2026-07-05 14:00:00,244.4,19.6,22.1,3.32,0.27,0.0,69.2,0.702,129.6,845.5,LOW,Slow Saturation,MEDIUM
2026-07-05 14:30:00,235.5,23.3,52.8,3.26,0.23,-0.02,70.1,0.681,140.0,587.5,LOW,Slow Saturation,MEDIUM
2026-07-05 15:00:00,224.0,19.9,20.9,3.11,0.25,-0.02,69.5,0.669,108.0,656.0,LOW,Slow Saturation,MEDIUM
2026-07-05 15:30:00,233.2,18.5,39.1,3.15,0.26,0.01,69.4,0.672,26.7,199.7,CRITICAL,Slow Saturation,HIGH
2026-07-05 16:00:00,219.1,21.9,71.5,3.16,0.26,-0.02,69.9,0.694,22.9,104.1,CRITICAL,Slow Saturation,HIGH
2026-07-05 16:30:00,222.9,18.5,45.9,3.26,0.25,0.03,68.8,0.673,30.5,77.5,CRITICAL,Slow Saturation,HIGH
2026-07-05 17:00:00,243.1,22.4,38.0,3.33,0.26,0.0,71.6,0.725,180.5,452.1,LOW,Slow Saturation,MEDIUM
2026-07-05 17:30:00,226.8,19.5,70.0,3.19,0.32,0.07,71.0,0.689,96.9,781.9,LOW,Slow Saturation,MEDIUM
2026-07-05 18:00:00,230.5,23.9,40.3,3.28,0.24,0.03,70.5,0.685,129.9,762.6,LOW,Slow Saturation,MEDIUM
2026-07-05 18:30:00,232.9,23.2,44.8,3.36,0.26,0.04,71.7,0.719,82.8,724.5,LOW,Slow Saturation,MEDIUM
2026-07-05 19:00:00,243.5,22.9,33.4,3.42,0.3,-0.02,70.5,0.707,81.3,730.0,LOW,Slow Saturation,MEDIUM
2026-07-05 19:30:00,247.0,22.2,56.8,3.3,0.27,0.06,71.2,0.724,26.7,172.6,CRITICAL,Slow Saturation,HIGH
2026-07-05 20:00:00,221.8,23.0,39.4,3.26,0.32,0.04,71.8,0.702,179.1,672.8,LOW,Slow Saturation,MEDIUM
2026-07-05 20:30:00,239.3,22.1,34.4,3.29,0.29,0.03,70.5,0.684,145.6,791.4,LOW,Slow Saturation,MEDIUM
2026-07-05 21:00:00,225.7,18.7,38.9,3.2,0.28,0.07,72.8,0.707,36.5,254.1,HIGH,Slow Saturation,MEDIUM
2026-07-05 21:30:00,239.6,22.0,31.7,3.27,0.28,0.04,70.3,0.697,152.2,436.3,LOW,Slow Saturation,MEDIUM
2026-07-05 22:00:00,229.6,23.4,54.7,3.23,0.33,-0.0,69.9,0.699,108.9,1068.8,LOW,Slow Saturation,MEDIUM
2026-07-05 22:30:00,247.1,20.1,42.1,3.37,0.28,-0.02,70.1,0.694,114.5,641.6,LOW,Slow Saturation,MEDIUM
2026-07-05 23:00:00,253.9,24.1,31.8,3.46,0.25,-0.02,70.2,0.714,68.4,316.7,MEDIUM,Slow Saturation,MEDIUM
2026-07-05 23:30:00,248.8,22.6,66.0,3.38,0.3,0.04,70.9,0.702,158.3,813.0,LOW,Slow Saturation,MEDIUM
2026-07-06 00:00:00,248.9,21.0,57.8,3.25,0.25,-0.01,70.9,0.72,43.7,418.2,MEDIUM,Slow Saturation,MEDIUM
2026-07-06 00:30:00,241.7,20.0,42.9,3.43,0.26,0.04,72.3,0.715,185.0,766.2,LOW,Slow Saturation,MEDIUM
2026-07-06 01:00:00,244.9,21.3,28.5,3.24,0.25,0.01,70.4,0.703,153.0,1072.9,LOW,Slow Saturation,MEDIUM
2026-07-06 01:30:00,244.6,24.0,46.9,3.27,0.32,0.03,70.1,0.701,143.7,569.1,LOW,Slow Saturation,MEDIUM
2026-07-06 02:00:00,246.9,20.4,49.2,3.42,0.32,0.05,70.5,0.698,31.8,173.9,CRITICAL,Slow Saturation,HIGH
2026-07-06 02:30:00,233.3,25.0,40.3,3.56,0.32,0.03,70.6,0.706,155.6,913.5,LOW,Slow Saturation,MEDIUM
2026-07-06 03:00:00,244.9,22.5,73.3,3.57,0.33,0.02,73.4,0.719,53.0,468.6,MEDIUM,Slow Saturation,MEDIUM
2026-07-06 03:30:00,255.7,24.4,39.6,3.34,0.27,-0.01,71.2,0.719,22.3,86.9,CRITICAL,Slow Saturation,HIGH
2026-07-06 04:00:00,259.1,21.8,49.4,3.55,0.28,0.01,74.5,0.737,129.5,421.4,LOW,Slow Saturation,MEDIUM
2026-07-06 04:30:00,270.1,26.0,62.2,3.56,0.33,-0.01,71.6,0.745,135.1,971.4,LOW,Slow Saturation,MEDIUM
2026-07-06 05:00:00,256.5,23.0,56.6,3.44,0.28,0.02,73.3,0.741,164.3,419.8,LOW,Slow Saturation,MEDIUM
2026-07-06 05:30:00,250.0,26.2,35.9,3.32,0.34,0.01,73.9,0.733,138.8,898.2,LOW,Slow Saturation,MEDIUM
2026-07-06 06:00:00,240.2,22.3,56.0,3.45,0.31,0.0,71.8,0.709,58.5,476.2,MEDIUM,Slow Saturation,MEDIUM
2026-07-06 06:30:00,255.9,23.8,51.5,3.35,0.29,0.05,71.5,0.714,147.6,694.7,LOW,Slow Saturation,MEDIUM
2026-07-06 07:00:00,239.8,23.0,66.1,3.55,0.35,0.0,71.7,0.697,124.4,469.2,LOW,Slow Saturation,MEDIUM
2026-07-06 07:30:00,249.4,24.5,35.8,3.4,0.3,0.07,72.9,0.739,64.9,420.8,MEDIUM,Slow Saturation,MEDIUM
2026-07-06 08:00:00,241.6,24.9,55.7,3.43,0.31,-0.0,74.1,0.72,13.6,157.6,CRITICAL,Slow Saturation,HIGH
2026-07-06 08:30:00,247.1,23.0,73.0,3.59,0.27,0.02,71.9,0.726,66.2,498.8,MEDIUM,Slow Saturation,MEDIUM
2026-07-06 09:00:00,248.0,25.4,61.9,3.54,0.35,-0.0,71.6,0.703,124.5,680.1,LOW,Slow Saturation,MEDIUM
2026-07-06 09:30:00,258.6,21.3,54.3,3.42,0.33,0.07,72.1,0.733,142.2,792.2,LOW,Slow Saturation,MEDIUM
2026-07-06 10:00:00,250.0,22.5,71.8,3.56,0.29,-0.01,74.2,0.731,117.1,934.2,LOW,Slow Saturation,MEDIUM
2026-07-06 10:30:00,256.6,24.9,65.8,3.63,0.32,0.04,73.1,0.738,21.4,199.1,CRITICAL,Slow Saturation,HIGH
2026-07-06 11:00:00,264.4,21.2,47.5,3.71,0.32,0.04,76.0,0.773,173.6,449.0,LOW,Slow Saturation,HIGH
2026-07-06 11:30:00,271.7,23.0,51.3,3.66,0.34,0.08,72.2,0.747,23.7,68.7,CRITICAL,Slow Saturation,HIGH
2026-07-06 12:00:00,266.4,26.1,24.9,3.56,0.33,0.04,75.0,0.738,26.3,125.0,CRITICAL,Slow Saturation,HIGH
2026-07-06 12:30:00,267.4,22.8,36.3,3.61,0.29,0.07,73.9,0.749,121.7,975.9,LOW,Slow Saturation,HIGH
2026-07-06 13:00:00,276.0,25.6,25.3,3.48,0.35,-0.01,74.2,0.759,90.4,806.6,LOW,Slow Saturation,MEDIUM
2026-07-06 13:30:00,255.5,25.9,60.5,3.51,0.34,0.06,76.4,0.749,102.5,937.2,LOW,Slow Saturation,MEDIUM
2026-07-06 14:00:00,279.5,21.7,30.6,3.7,0.3,0.08,72.8,0.753,151.6,554.0,LOW,Slow Saturation,HIGH
2026-07-06 14:30:00,255.8,24.9,59.0,3.63,0.32,0.03,75.0,0.731,75.6,229.7,MEDIUM,Slow Saturation,HIGH
2026-07-06 15:00:00,262.0,26.0,51.8,3.75,0.32,-0.01,73.9,0.729,93.6,637.2,LOW,Slow Saturation,HIGH
2026-07-06 15:30:00,274.2,27.0,70.4,3.62,0.36,0.06,74.3,0.742,84.0,890.2,LOW,Slow Saturation,HIGH
2026-07-06 16:00:00,273.3,23.7,26.1,3.75,0.36,0.01,77.0,0.765,177.1,401.7,LOW,Slow Saturation,HIGH
2026-07-06 16:30:00,268.1,27.0,36.7,3.58,0.33,-0.01,75.5,0.757,64.6,387.8,MEDIUM,Slow Saturation,MEDIUM
2026-07-06 17:00:00,284.5,24.6,52.8,3.75,0.3,0.08,74.3,0.759,13.1,99.1,CRITICAL,Slow Saturation,HIGH
2026-07-06 17:30:00,289.1,27.1,40.1,3.73,0.37,-0.01,76.8,0.774,137.8,428.0,LOW,Slow Saturation,HIGH
2026-07-06 18:00:00,261.4,24.8,34.5,3.57,0.38,0.06,77.2,0.767,167.2,739.8,LOW,Slow Saturation,MEDIUM
2026-07-06 18:30:00,263.1,28.2,41.5,3.8,0.3,0.01,73.9,0.749,110.2,676.2,LOW,Slow Saturation,HIGH
2026-07-06 19:00:00,272.1,23.3,34.5,3.78,0.36,0.06,75.0,0.772,59.0,152.1,HIGH,Slow Saturation,HIGH
2026-07-06 19:30:00,267.3,25.6,62.8,3.69,0.3,0.04,76.0,0.751,178.9,505.7,LOW,Slow Saturation,HIGH
2026-07-06 20:00:00,268.3,22.4,36.0,3.79,0.35,0.08,74.1,0.741,156.6,595.8,LOW,Slow Saturation,HIGH
2026-07-06 20:30:00,281.6,24.1,35.2,3.89,0.35,0.02,74.2,0.745,82.0,689.2,LOW,Slow Saturation,HIGH
2026-07-06 21:00:00,292.7,24.9,35.3,3.85,0.3,-0.0,78.1,0.803,34.6,183.9,HIGH,Slow Saturation,HIGH
2026-07-06 21:30:00,285.8,26.3,55.1,3.61,0.32,0.08,74.5,0.759,168.1,682.6,LOW,Slow Saturation,HIGH
2026-07-06 22:00:00,277.9,27.6,69.4,3.67,0.3,0.04,76.7,0.762,154.2,646.2,LOW,Slow Saturation,HIGH
2026-07-06 22:30:00,274.7,23.1,57.9,3.89,0.31,0.02,74.6,0.741,119.1,534.3,LOW,Slow Saturation,HIGH
2026-07-06 23:00:00,270.2,25.8,43.8,3.69,0.32,0.01,78.1,0.772,103.0,823.1,LOW,Slow Saturation,HIGH
2026-07-06 23:30:00,296.3,29.0,63.8,3.79,0.33,0.05,78.3,0.809,98.9,641.3,LOW,Slow Saturation,HIGH
2026-07-07 00:00:00,301.1,23.6,39.0,3.95,0.37,0.0,76.9,0.782,144.7,1099.7,LOW,Slow Saturation,HIGH
2026-07-07 00:30:00,280.0,26.8,27.7,3.68,0.37,0.09,78.9,0.807,50.0,484.0,MEDIUM,Slow Saturation,HIGH
2026-07-07 01:00:00,301.1,28.1,41.0,3.91,0.32,0.06,77.8,0.808,170.1,371.2,LOW,Slow Saturation,HIGH
2026-07-07 01:30:00,292.1,26.2,71.8,3.94,0.32,0.1,77.1,0.793,65.5,330.9,MEDIUM,Slow Saturation,HIGH
2026-07-07 02:00:00,291.7,23.9,34.7,3.75,0.3,0.09,75.7,0.763,136.0,1039.1,LOW,Slow Saturation,HIGH
2026-07-07 02:30:00,294.7,22.6,39.4,3.95,0.39,0.08,78.8,0.813,178.2,630.2,LOW,Slow Saturation,HIGH
2026-07-07 03:00:00,285.6,23.2,43.2,3.99,0.32,0.02,78.6,0.808,178.2,836.9,LOW,Slow Saturation,HIGH
2026-07-07 03:30:00,308.4,27.4,73.0,3.89,0.38,0.02,76.2,0.781,65.1,416.1,MEDIUM,Slow Saturation,HIGH
2026-07-07 04:00:00,310.0,29.2,60.6,4.01,0.34,0.1,75.8,0.778,116.2,1040.8,LOW,Slow Saturation,HIGH
2026-07-07 04:30:00,310.4,26.6,34.2,3.8,0.32,0.08,79.7,0.834,41.0,500.7,MEDIUM,Slow Saturation,HIGH
2026-07-07 05:00:00,309.5,27.2,59.6,3.82,0.35,0.03,76.1,0.779,56.4,166.5,HIGH,Slow Saturation,HIGH
2026-07-07 05:30:00,313.3,27.9,42.8,3.86,0.39,0.05,78.1,0.794,29.5,113.3,CRITICAL,Slow Saturation,HIGH
2026-07-07 06:00:00,285.9,27.7,56.6,3.85,0.32,0.09,77.3,0.796,176.6,405.7,LOW,Slow Saturation,HIGH
2026-07-07 06:30:00,300.2,28.0,42.3,3.95,0.39,0.01,78.6,0.793,95.5,373.2,LOW,Slow Saturation,HIGH
2026-07-07 07:00:00,287.4,29.2,31.4,3.83,0.32,0.02,79.1,0.813,136.9,897.5,LOW,Slow Saturation,HIGH
2026-07-07 07:30:00,284.5,24.7,37.5,3.83,0.37,0.09,77.8,0.779,86.0,570.9,LOW,Slow Saturation,HIGH
2026-07-07 08:00:00,284.6,24.5,54.1,3.82,0.33,0.03,79.8,0.807,65.3,290.9,MEDIUM,Slow Saturation,HIGH
2026-07-07 08:30:00,303.6,23.8,57.3,3.91,0.33,0.09,78.4,0.805,57.6,320.0,MEDIUM,Slow Saturation,HIGH
2026-07-07 09:00:00,311.7,23.7,36.9,3.92,0.38,0.01,78.8,0.805,179.9,792.3,LOW,Slow Saturation,HIGH
2026-07-07 09:30:00,300.9,29.0,66.7,3.96,0.37,0.09,80.3,0.819,94.4,409.2,LOW,Slow Saturation,HIGH
2026-07-07 10:00:00,318.6,26.9,60.2,4.02,0.39,0.07,77.4,0.821,143.0,479.7,LOW,Slow Saturation,HIGH
2026-07-07 10:30:00,292.4,29.1,73.6,3.97,0.36,0.11,81.0,0.832,120.5,975.6,LOW,Slow Saturation,HIGH
2026-07-07 11:00:00,291.2,29.9,70.4,3.94,0.36,0.05,78.2,0.787,91.3,1005.1,LOW,Slow Saturation,HIGH
2026-07-07 11:30:00,304.4,27.2,55.5,4.03,0.36,0.02,80.2,0.828,174.6,1043.7,LOW,Slow Saturation,HIGH
2026-07-07 12:00:00,309.3,25.6,28.4,3.98,0.36,0.05,79.2,0.817,117.4,378.1,LOW,Slow Saturation,HIGH
2026-07-07 12:30:00,315.7,27.9,30.6,3.97,0.33,0.1,78.4,0.806,141.0,1040.6,LOW,Slow Saturation,HIGH
2026-07-07 13:00:00,302.8,29.5,24.2,4.09,0.35,0.06,77.9,0.813,162.3,450.8,LOW,Slow Saturation,HIGH
2026-07-07 13:30:00,302.5,29.6,46.2,3.95,0.37,0.07,78.5,0.82,154.5,905.7,LOW,Slow Saturation,HIGH
2026-07-07 14:00:00,312.0,29.6,68.3,4.05,0.34,0.04,78.3,0.818,159.3,1009.5,LOW,Slow Saturation,HIGH
2026-07-07 14:30:00,324.1,29.8,33.3,4.18,0.35,0.06,80.6,0.821,59.4,474.1,MEDIUM,Slow Saturation,HIGH
2026-07-07 15:00:00,296.7,24.9,56.3,3.97,0.36,0.07,81.4,0.823,113.5,612.3,LOW,Slow Saturation,HIGH
2026-07-07 15:30:00,320.6,29.3,69.8,3.97,0.36,0.05,80.3,0.82,178.9,992.8,LOW,Slow Saturation,HIGH
2026-07-07 16:00:00,311.6,26.0,58.6,4.16,0.34,0.09,78.2,0.814,169.7,835.5,LOW,Slow Saturation,HIGH
2026-07-07 16:30:00,326.3,25.9,23.8,4.14,0.36,0.11,79.9,0.836,77.1,269.9,MEDIUM,Slow Saturation,HIGH
2026-07-07 17:00:00,327.8,29.0,47.7,4.1,0.37,0.02,81.0,0.834,157.9,630.7,LOW,Slow Saturation,HIGH
2026-07-07 17:30:00,303.6,26.4,55.1,4.15,0.34,0.11,81.9,0.836,57.2,425.8,MEDIUM,Slow Saturation,HIGH
2026-07-07 18:00:00,327.5,25.4,39.0,4.21,0.42,0.09,80.9,0.853,126.3,860.6,LOW,Slow Saturation,HIGH
2026-07-07 18:30:00,310.6,31.4,57.5,3.99,0.38,0.05,81.5,0.84,111.0,492.4,LOW,Slow Saturation,HIGH
2026-07-07 19:00:00,329.8,28.2,35.1,4.14,0.42,0.08,82.1,0.859,157.4,1007.4,LOW,Slow Saturation,HIGH
2026-07-07 19:30:00,312.2,25.4,28.6,4.05,0.41,0.09,81.6,0.825,70.1,158.4,HIGH,Slow Saturation,HIGH
2026-07-07 20:00:00,331.6,26.8,62.2,4.09,0.37,0.04,82.3,0.849,93.4,999.8,LOW,Slow Saturation,HIGH
2026-07-07 20:30:00,336.0,25.2,72.7,4.13,0.39,0.1,80.2,0.844,21.4,190.1,CRITICAL,Slow Saturation,HIGH
2026-07-07 21:00:00,325.6,27.6,34.0,4.12,0.43,0.06,82.0,0.836,146.8,715.7,LOW,Slow Saturation,HIGH
2026-07-07 21:30:00,306.7,29.2,32.8,4.08,0.37,0.09,82.3,0.841,96.7,922.7,LOW,Slow Saturation,HIGH
2026-07-07 22:00:00,321.5,29.3,55.6,4.05,0.43,0.06,80.1,0.817,76.5,126.1,HIGH,Slow Saturation,HIGH
2026-07-07 22:30:00,331.9,26.3,67.0,4.25,0.4,0.04,80.8,0.837,34.3,93.6,CRITICAL,Slow Saturation,HIGH
2026-07-07 23:00:00,319.4,30.7,32.4,4.23,0.37,0.09,80.9,0.838,165.6,1096.6,LOW,Slow Saturation,HIGH
2026-07-07 23:30:00,316.4,27.6,70.6,4.18,0.43,0.11,80.5,0.825,137.8,448.4,LOW,Slow Saturation,HIGH
2026-07-08 00:00:00,323.5,26.3,54.4,4.33,0.41,0.02,80.8,0.845,104.5,386.4,LOW,Slow Saturation,HIGH
2026-07-08 00:30:00,312.2,29.7,58.2,4.19,0.41,0.06,82.0,0.854,94.1,464.8,LOW,Slow Saturation,HIGH
2026-07-08 01:00:00,335.4,27.3,56.6,4.27,0.41,0.05,80.5,0.85,155.7,428.7,LOW,Slow Saturation,HIGH
2026-07-08 01:30:00,316.8,26.1,30.0,4.18,0.37,0.04,82.1,0.849,46.9,422.5,MEDIUM,Slow Saturation,HIGH
2026-07-08 02:00:00,321.2,28.8,25.9,4.11,0.44,0.05,82.8,0.844,168.9,976.4,LOW,Slow Saturation,HIGH
2026-07-08 02:30:00,332.6,26.0,31.6,4.19,0.42,0.03,81.2,0.852,183.0,572.0,LOW,Slow Saturation,HIGH
2026-07-08 03:00:00,316.9,26.7,29.1,4.22,0.38,0.1,83.3,0.85,28.4,170.4,CRITICAL,Slow Saturation,HIGH
2026-07-08 03:30:00,322.3,30.2,68.2,4.32,0.39,0.07,83.9,0.845,28.1,182.1,CRITICAL,Slow Saturation,HIGH
2026-07-08 04:00:00,326.7,32.3,44.8,4.38,0.39,0.11,83.1,0.846,149.9,434.8,LOW,Slow Saturation,HIGH
2026-07-08 04:30:00,323.6,32.2,27.0,4.39,0.4,0.08,83.3,0.862,43.4,283.3,HIGH,Slow Saturation,HIGH
2026-07-08 05:00:00,348.1,30.5,25.5,4.43,0.45,0.04,81.2,0.853,83.2,384.5,MEDIUM,Slow Saturation,HIGH
2026-07-08 05:30:00,343.3,30.7,40.4,4.33,0.43,0.08,84.7,0.873,127.9,603.7,LOW,Slow Saturation,HIGH
2026-07-08 06:00:00,343.6,26.5,60.5,4.37,0.38,0.06,82.5,0.865,157.2,768.8,LOW,Slow Saturation,HIGH
2026-07-08 06:30:00,326.7,30.4,26.9,4.44,0.44,0.11,81.3,0.859,97.1,530.7,LOW,Slow Saturation,HIGH
2026-07-08 07:00:00,344.5,27.5,26.7,4.33,0.4,0.05,84.3,0.893,89.5,992.4,LOW,Slow Saturation,HIGH
2026-07-08 07:30:00,345.7,29.5,30.3,4.36,0.37,0.07,81.2,0.854,27.7,138.9,CRITICAL,Slow Saturation,HIGH
2026-07-08 08:00:00,330.9,29.6,40.0,4.31,0.43,0.12,81.5,0.851,50.6,315.4,HIGH,Slow Saturation,HIGH
2026-07-08 08:30:00,347.4,29.4,56.4,4.44,0.43,0.04,82.3,0.867,71.1,476.9,MEDIUM,Slow Saturation,HIGH
2026-07-08 09:00:00,349.8,29.8,39.4,4.26,0.37,0.04,84.4,0.898,136.8,430.2,LOW,Slow Saturation,HIGH
2026-07-08 09:30:00,339.8,32.7,34.0,4.44,0.41,0.11,82.0,0.861,83.7,1045.0,LOW,Slow Saturation,HIGH
2026-07-08 10:00:00,342.6,31.7,54.9,4.28,0.43,0.12,83.7,0.883,103.8,386.4,LOW,Slow Saturation,HIGH
2026-07-08 10:30:00,345.4,29.7,67.9,4.42,0.45,0.05,84.7,0.896,34.2,94.4,CRITICAL,Slow Saturation,HIGH
2026-07-08 11:00:00,341.8,29.9,70.2,4.48,0.46,0.12,83.0,0.87,178.7,1077.9,LOW,Slow Saturation,HIGH
2026-07-08 11:30:00,353.7,29.4,31.3,4.47,0.44,0.06,85.4,0.889,135.2,1051.6,LOW,Slow Saturation,HIGH
2026-07-08 12:00:00,340.1,30.9,34.8,4.56,0.41,0.1,84.7,0.882,177.8,727.9,LOW,Slow Saturation,HIGH
2026-07-08 12:30:00,343.1,27.4,41.2,4.48,0.42,0.09,83.8,0.88,141.4,981.0,LOW,Slow Saturation,HIGH
2026-07-08 13:00:00,349.8,32.3,68.5,4.49,0.38,0.04,83.1,0.866,141.8,470.7,LOW,Slow Saturation,HIGH
2026-07-08 13:30:00,356.5,32.6,37.5,4.3,0.4,0.11,85.6,0.885,29.7,192.9,HIGH,Slow Saturation,HIGH
2026-07-08 14:00:00,352.7,31.9,69.4,4.54,0.4,0.11,83.6,0.885,127.0,1044.9,LOW,Slow Saturation,HIGH
2026-07-08 14:30:00,344.8,33.6,74.2,4.38,0.43,0.03,85.0,0.88,147.1,1002.6,LOW,Slow Saturation,HIGH
2026-07-08 15:00:00,357.3,31.8,71.9,4.5,0.45,0.09,85.7,0.903,178.8,570.6,LOW,Slow Saturation,HIGH
2026-07-08 15:30:00,341.5,28.2,60.0,4.45,0.43,0.07,85.0,0.871,34.5,134.7,CRITICAL,Slow Saturation,HIGH
2026-07-08 16:00:00,341.6,31.9,41.8,4.35,0.4,0.06,86.6,0.886,118.5,846.4,LOW,Slow Saturation,HIGH
2026-07-08 16:30:00,364.4,29.5,54.4,4.4,0.41,0.06,83.2,0.874,99.4,661.9,LOW,Slow Saturation,HIGH
2026-07-08 17:00:00,345.2,28.6,29.4,4.41,0.41,0.07,86.0,0.893,103.8,1097.5,LOW,Slow Saturation,HIGH
2026-07-08 17:30:00,361.9,27.2,75.7,4.54,0.43,0.12,85.6,0.902,177.9,861.9,LOW,Slow Saturation,HIGH
2026-07-08 18:00:00,352.7,33.8,72.3,4.64,0.44,0.06,86.5,0.893,76.9,465.2,LOW,Slow Saturation,HIGH
2026-07-08 18:30:00,346.7,33.6,27.0,4.42,0.43,0.13,87.1,0.899,105.1,355.5,LOW,Slow Saturation,HIGH
2026-07-08 19:00:00,371.0,32.7,59.6,4.54,0.43,0.05,86.2,0.883,180.9,931.4,LOW,Slow Saturation,HIGH
2026-07-08 19:30:00,346.9,32.6,73.6,4.41,0.43,0.07,83.7,0.88,149.4,768.6,LOW,Slow Saturation,HIGH
2026-07-08 20:00:00,355.9,29.2,36.6,4.4,0.45,0.08,86.3,0.9,104.5,831.1,LOW,Slow Saturation,HIGH
2026-07-08 20:30:00,367.6,31.6,64.1,4.44,0.4,0.13,86.8,0.905,64.1,157.2,HIGH,Slow Saturation,HIGH
2026-07-08 21:00:00,366.9,30.3,47.6,4.45,0.43,0.09,85.3,0.898,150.0,759.3,LOW,Slow Saturation,HIGH
2026-07-08 21:30:00,376.5,32.3,32.3,4.53,0.46,0.11,87.6,0.922,107.8,766.3,LOW,Slow Saturation,HIGH
2026-07-08 22:00:00,364.1,31.8,25.1,4.65,0.48,0.07,87.5,0.894,71.5,297.4,MEDIUM,Slow Saturation,HIGH
2026-07-08 22:30:00,353.8,28.8,51.5,4.49,0.47,0.06,87.2,0.909,159.4,988.5,LOW,Slow Saturation,HIGH
2026-07-08 23:00:00,366.0,31.0,76.6,4.47,0.42,0.05,87.0,0.916,96.3,598.1,LOW,Slow Saturation,HIGH
2026-07-08 23:30:00,369.2,28.5,59.0,4.58,0.48,0.07,86.7,0.888,64.9,371.2,MEDIUM,Slow Saturation,HIGH
2026-07-09 00:00:00,363.2,30.1,43.9,4.52,0.4,0.06,87.2,0.906,87.4,980.1,LOW,Slow Saturation,HIGH
2026-07-09 00:30:00,365.2,34.1,63.1,4.63,0.43,0.07,85.1,0.877,116.9,981.3,LOW,Slow Saturation,HIGH
2026-07-09 01:00:00,358.9,31.8,32.3,4.49,0.48,0.05,84.5,0.895,99.7,373.4,LOW,Slow Saturation,HIGH
2026-07-09 01:30:00,382.2,32.2,46.1,4.78,0.45,0.09,86.4,0.901,146.1,624.4,LOW,Slow Saturation,HIGH
2026-07-09 02:00:00,361.4,33.2,65.2,4.61,0.44,0.09,86.7,0.891,126.6,986.0,LOW,Slow Saturation,HIGH
2026-07-09 02:30:00,369.9,29.3,57.0,4.78,0.44,0.06,87.4,0.915,179.4,901.9,LOW,Slow Saturation,HIGH
2026-07-09 03:00:00,369.7,29.7,43.7,4.52,0.41,0.08,85.6,0.891,169.0,620.9,LOW,Slow Saturation,HIGH
2026-07-09 03:30:00,387.7,28.6,48.7,4.67,0.43,0.11,88.2,0.911,156.4,547.5,LOW,Slow Saturation,HIGH
2026-07-09 04:00:00,366.9,32.9,34.2,4.67,0.46,0.13,86.5,0.9,169.0,737.3,LOW,Slow Saturation,HIGH
2026-07-09 04:30:00,371.7,31.8,70.3,4.57,0.46,0.09,85.7,0.888,25.3,146.9,CRITICAL,Slow Saturation,HIGH
2026-07-09 05:00:00,380.6,30.9,34.9,4.78,0.42,0.07,88.1,0.902,95.3,709.1,LOW,Slow Saturation,HIGH
2026-07-09 05:30:00,357.0,34.3,33.6,4.59,0.41,0.1,87.8,0.899,18.8,132.3,CRITICAL,Slow Saturation,HIGH
2026-07-09 06:00:00,390.5,29.8,38.6,4.55,0.46,0.1,88.2,0.897,126.5,562.6,LOW,Slow Saturation,HIGH
2026-07-09 06:30:00,388.0,35.5,48.6,4.73,0.43,0.13,88.6,0.901,153.9,486.4,LOW,Slow Saturation,HIGH
2026-07-09 07:00:00,370.4,33.7,39.0,4.63,0.45,0.1,87.1,0.908,30.8,56.5,CRITICAL,Slow Saturation,HIGH
2026-07-09 07:30:00,364.3,31.6,51.5,4.75,0.42,0.09,85.8,0.905,147.6,727.5,LOW,Slow Saturation,HIGH
2026-07-09 08:00:00,380.9,29.6,50.4,4.81,0.49,0.13,88.3,0.9,102.3,627.8,LOW,Slow Saturation,HIGH
2026-07-09 08:30:00,388.6,30.4,52.9,4.76,0.48,0.08,88.7,0.901,143.7,872.5,LOW,Slow Saturation,HIGH
2026-07-09 09:00:00,369.4,32.2,32.3,4.85,0.49,0.07,87.5,0.893,44.7,424.9,MEDIUM,Slow Saturation,HIGH
2026-07-09 09:30:00,362.2,29.7,55.4,4.69,0.47,0.12,87.4,0.915,38.8,400.2,HIGH,Slow Saturation,HIGH
2026-07-09 10:00:00,375.4,31.9,69.9,4.83,0.44,0.11,87.7,0.9,147.6,711.9,LOW,Slow Saturation,HIGH
2026-07-09 10:30:00,374.0,30.8,54.3,4.83,0.45,0.12,89.5,0.917,126.1,910.9,LOW,Slow Saturation,HIGH
2026-07-09 11:00:00,371.5,30.2,61.8,4.78,0.45,0.08,89.0,0.916,134.3,470.6,LOW,Slow Saturation,HIGH
2026-07-09 11:30:00,369.8,29.7,25.7,4.65,0.5,0.09,87.2,0.919,25.8,22.7,CRITICAL,Slow Saturation,HIGH
2026-07-09 12:00:00,383.6,33.4,76.7,4.92,0.48,0.11,89.6,0.918,122.8,679.2,LOW,Slow Saturation,HIGH
2026-07-09 12:30:00,376.1,34.8,59.7,4.79,0.42,0.11,87.4,0.896,41.3,135.5,HIGH,Slow Saturation,HIGH
2026-07-09 13:00:00,401.6,30.3,25.5,4.77,0.49,0.08,88.9,0.908,101.6,902.7,LOW,Slow Saturation,HIGH
2026-07-09 13:30:00,396.5,31.3,30.2,4.94,0.5,0.08,87.7,0.894,116.9,495.9,LOW,Slow Saturation,HIGH
2026-07-09 14:00:00,382.4,31.2,55.5,4.75,0.43,0.06,90.5,0.943,150.9,1067.5,LOW,Slow Saturation,HIGH
2026-07-09 14:30:00,393.1,33.4,67.9,4.9,0.51,0.11,89.8,0.936,178.3,694.1,LOW,Slow Saturation,HIGH
2026-07-09 15:00:00,373.5,29.6,56.1,4.97,0.43,0.11,89.6,0.921,51.8,255.8,HIGH,Slow Saturation,HIGH
2026-07-09 15:30:00,399.3,29.6,52.5,4.88,0.45,0.06,90.2,0.941,25.2,205.9,CRITICAL,Slow Saturation,CRITICAL
2026-07-09 16:00:00,380.2,35.8,44.0,4.96,0.51,0.12,89.0,0.917,46.5,436.2,MEDIUM,Slow Saturation,HIGH
2026-07-09 16:30:00,380.2,31.0,36.4,4.73,0.48,0.07,90.8,0.943,128.9,847.6,LOW,Slow Saturation,HIGH
2026-07-09 17:00:00,373.6,33.4,65.4,4.85,0.47,0.11,91.1,0.937,167.2,1001.6,LOW,Slow Saturation,HIGH
2026-07-09 17:30:00,382.6,36.1,76.9,4.73,0.45,0.11,90.5,0.928,94.7,755.6,LOW,Slow Saturation,HIGH
2026-07-09 18:00:00,379.6,34.5,46.2,4.85,0.52,0.12,90.1,0.926,14.0,58.2,CRITICAL,Slow Saturation,CRITICAL
2026-07-09 18:30:00,383.2,34.1,42.7,4.86,0.48,0.08,89.9,0.927,75.3,334.5,MEDIUM,Slow Saturation,HIGH
2026-07-09 19:00:00,404.7,32.4,62.2,4.77,0.46,0.07,89.8,0.914,51.5,162.9,HIGH,Slow Saturation,HIGH
2026-07-09 19:30:00,388.8,32.9,38.1,4.78,0.45,0.15,90.8,0.924,42.6,334.8,HIGH,Slow Saturation,HIGH
2026-07-09 20:00:00,401.3,33.5,70.0,4.91,0.5,0.08,89.9,0.94,80.9,867.9,LOW,Slow Saturation,HIGH
2026-07-09 20:30:00,398.8,33.3,68.2,4.86,0.47,0.09,90.0,0.911,173.2,543.3,LOW,Slow Saturation,HIGH
2026-07-09 21:00:00,411.1,36.1,32.2,4.95,0.45,0.11,88.5,0.898,147.0,616.3,LOW,Slow Saturation,HIGH
2026-07-09 21:30:00,409.1,35.2,51.2,4.95,0.47,0.08,88.5,0.919,41.0,467.3,MEDIUM,Slow Saturation,HIGH
2026-07-09 22:00:00,408.4,34.1,58.7,4.84,0.44,0.07,89.2,0.914,62.4,235.0,HIGH,Slow Saturation,HIGH
2026-07-09 22:30:00,409.5,33.3,40.0,5.07,0.47,0.11,89.7,0.927,43.8,129.9,HIGH,Slow Saturation,CRITICAL
2026-07-09 23:00:00,404.4,36.8,60.4,4.81,0.45,0.07,88.4,0.92,164.0,761.3,LOW,Slow Saturation,HIGH
2026-07-09 23:30:00,383.5,35.6,46.6,4.99,0.46,0.07,91.7,0.923,65.5,226.4,HIGH,Slow Saturation,HIGH
2026-07-10 00:00:00,410.5,31.2,58.6,5.05,0.44,0.12,89.6,0.915,94.4,1081.2,LOW,Slow Saturation,CRITICAL
2026-07-10 00:30:00,415.7,33.5,40.2,4.98,0.5,0.07,90.9,0.933,122.0,773.0,LOW,Slow Saturation,HIGH
2026-07-10 01:00:00,394.6,32.6,59.3,4.94,0.49,0.14,89.9,0.925,56.9,250.5,HIGH,Slow Saturation,HIGH
2026-07-10 01:30:00,395.1,36.4,68.4,5.09,0.48,0.06,92.3,0.926,94.5,356.8,LOW,Slow Saturation,CRITICAL
2026-07-10 02:00:00,383.9,32.1,41.3,4.99,0.48,0.1,90.2,0.924,40.2,437.0,MEDIUM,Slow Saturation,HIGH
2026-07-10 02:30:00,399.1,32.4,45.8,5.1,0.46,0.13,91.9,0.936,130.4,563.5,LOW,Slow Saturation,CRITICAL
2026-07-10 03:00:00,414.8,33.5,68.2,5.02,0.46,0.09,91.2,0.942,59.1,387.8,MEDIUM,Slow Saturation,CRITICAL
2026-07-10 03:30:00,404.2,31.0,27.1,4.92,0.46,0.07,91.7,0.928,137.8,524.6,LOW,Slow Saturation,HIGH
2026-07-10 04:00:00,397.0,33.1,51.8,4.98,0.52,0.16,92.0,0.929,69.1,482.7,MEDIUM,Slow Saturation,HIGH
2026-07-10 04:30:00,389.2,36.1,29.1,5.1,0.49,0.08,92.2,0.956,155.3,441.5,LOW,Slow Saturation,CRITICAL
2026-07-10 05:00:00,402.8,36.1,39.1,5.0,0.51,0.06,92.1,0.949,102.2,1086.6,LOW,Slow Saturation,CRITICAL
2026-07-10 05:30:00,399.2,33.0,61.6,5.15,0.5,0.06,91.2,0.933,55.8,394.6,MEDIUM,Slow Saturation,CRITICAL
2026-07-10 06:00:00,396.2,36.9,72.4,4.97,0.46,0.12,89.8,0.914,59.8,171.4,HIGH,Slow Saturation,HIGH
2026-07-10 06:30:00,416.5,31.2,26.7,4.99,0.49,0.12,89.6,0.931,39.3,159.3,HIGH,Slow Saturation,HIGH
2026-07-10 07:00:00,411.6,37.9,74.7,5.09,0.46,0.13,92.5,0.948,33.8,62.7,CRITICAL,Slow Saturation,CRITICAL
2026-07-10 07:30:00,418.5,36.3,67.3,5.1,0.49,0.08,90.8,0.946,35.3,506.4,MEDIUM,Slow Saturation,CRITICAL
2026-07-10 08:00:00,415.3,33.1,49.0,5.0,0.47,0.08,92.4,0.943,59.6,477.5,MEDIUM,Slow Saturation,CRITICAL
2026-07-10 08:30:00,396.9,31.5,55.1,5.01,0.48,0.09,89.5,0.935,122.4,634.3,LOW,Slow Saturation,CRITICAL
2026-07-10 09:00:00,419.2,37.1,27.3,5.1,0.47,0.13,91.7,0.928,79.0,345.4,MEDIUM,Slow Saturation,CRITICAL
2026-07-10 09:30:00,403.9,35.4,55.0,5.07,0.51,0.07,89.9,0.924,156.5,447.3,LOW,Slow Saturation,CRITICAL
2026-07-10 10:00:00,396.7,34.6,36.9,5.12,0.51,0.15,91.8,0.95,133.3,542.0,LOW,Slow Saturation,CRITICAL
2026-07-10 10:30:00,426.3,31.7,57.9,5.19,0.47,0.11,90.1,0.921,150.6,395.5,LOW,Slow Saturation,CRITICAL
2026-07-10 11:00:00,407.3,34.2,75.2,5.01,0.52,0.15,90.0,0.927,24.2,77.3,CRITICAL,Slow Saturation,CRITICAL
2026-07-10 11:30:00,420.3,32.0,76.4,5.09,0.5,0.08,90.9,0.946,120.2,484.2,LOW,Slow Saturation,CRITICAL
2026-07-10 12:00:00,417.8,32.1,48.0,5.14,0.49,0.11,93.5,0.959,40.9,197.6,HIGH,Slow Saturation,CRITICAL
2026-07-10 12:30:00,431.0,32.5,44.0,5.04,0.5,0.1,94.0,0.952,68.2,279.8,MEDIUM,Slow Saturation,CRITICAL
2026-07-10 13:00:00,417.9,36.5,48.9,5.18,0.51,0.09,93.8,0.962,56.0,533.5,MEDIUM,Slow Saturation,CRITICAL
2026-07-10 13:30:00,431.6,36.6,47.1,5.26,0.51,0.12,91.4,0.934,64.0,215.4,HIGH,Slow Saturation,CRITICAL
2026-07-10 14:00:00,421.9,37.3,27.6,5.13,0.49,0.12,94.0,0.966,38.8,136.2,CRITICAL,Slow Saturation,CRITICAL
2026-07-10 14:30:00,418.7,34.1,33.7,5.0,0.48,0.15,91.9,0.935,170.8,900.7,LOW,Slow Saturation,CRITICAL
2026-07-10 15:00:00,427.7,32.8,67.8,5.25,0.52,0.12,92.8,0.953,64.0,434.2,MEDIUM,Slow Saturation,CRITICAL
2026-07-10 15:30:00,426.4,32.0,30.6,5.11,0.49,0.15,93.9,0.957,162.5,520.0,LOW,Slow Saturation,CRITICAL
2026-07-10 16:00:00,427.1,31.8,57.9,5.0,0.5,0.1,92.7,0.95,37.9,336.0,HIGH,Slow Saturation,CRITICAL
2026-07-10 16:30:00,414.2,36.8,29.2,5.14,0.5,0.13,91.5,0.927,62.1,289.6,MEDIUM,Slow Saturation,CRITICAL
2026-07-10 17:00:00,402.7,35.8,30.9,5.15,0.5,0.08,93.8,0.942,34.6,42.6,CRITICAL,Slow Saturation,CRITICAL
2026-07-10 17:30:00,408.4,36.4,52.0,5.08,0.52,0.14,91.0,0.934,146.4,592.6,LOW,Slow Saturation,CRITICAL
2026-07-10 18:00:00,416.9,36.5,31.3,5.19,0.5,0.1,90.9,0.945,64.7,544.7,LOW,Slow Saturation,CRITICAL
2026-07-10 18:30:00,407.7,35.0,78.1,5.07,0.47,0.15,92.4,0.947,143.1,989.6,LOW,Slow Saturation,CRITICAL
2026-07-10 19:00:00,435.5,38.6,29.5,5.02,0.55,0.15,93.7,0.94,31.3,107.3,CRITICAL,Slow Saturation,CRITICAL
2026-07-10 19:30:00,410.8,35.7,37.6,5.17,0.51,0.09,93.9,0.939,36.5,420.5,HIGH,Slow Saturation,CRITICAL
2026-07-10 20:00:00,405.7,36.6,57.0,5.27,0.48,0.1,93.5,0.936,21.2,149.2,CRITICAL,Slow Saturation,CRITICAL
2026-07-10 20:30:00,434.5,33.9,46.9,5.04,0.53,0.16,94.6,0.944,124.3,523.4,LOW,Slow Saturation,CRITICAL
2026-07-10 21:00:00,416.2,32.8,77.5,5.1,0.55,0.12,93.2,0.945,91.2,1044.8,LOW,Slow Saturation,CRITICAL
2026-07-10 21:30:00,417.4,35.8,39.6,5.15,0.51,0.09,92.6,0.929,120.2,527.2,LOW,Slow Saturation,CRITICAL
2026-07-10 22:00:00,428.1,37.8,52.8,5.3,0.55,0.16,91.4,0.951,108.0,560.1,LOW,Slow Saturation,CRITICAL
2026-07-10 22:30:00,409.8,36.8,73.4,5.24,0.51,0.17,93.9,0.943,51.3,223.4,HIGH,Slow Saturation,CRITICAL
2026-07-10 23:00:00,418.7,38.6,77.3,5.1,0.52,0.09,93.6,0.941,150.4,996.9,LOW,Slow Saturation,CRITICAL
2026-07-10 23:30:00,412.4,35.9,63.5,5.11,0.56,0.17,95.2,0.958,170.7,588.1,LOW,Slow Saturation,CRITICAL
2026-07-11 00:00:00,419.3,33.1,76.2,5.3,0.55,0.14,95.1,0.965,83.6,658.4,LOW,Slow Saturation,CRITICAL
2026-07-11 00:30:00,441.3,38.6,75.4,5.11,0.5,0.15,92.3,0.94,143.9,809.0,LOW,Slow Saturation,CRITICAL
2026-07-11 01:00:00,417.3,34.0,56.4,5.29,0.54,0.11,93.6,0.945,98.9,803.5,LOW,Slow Saturation,CRITICAL
2026-07-11 01:30:00,426.9,38.4,46.3,5.1,0.49,0.09,94.8,0.968,14.6,70.3,CRITICAL,Slow Saturation,CRITICAL
2026-07-11 02:00:00,436.7,39.3,65.5,5.39,0.48,0.16,95.2,0.961,96.8,593.7,LOW,Slow Saturation,CRITICAL
2026-07-11 02:30:00,412.1,35.3,39.7,5.19,0.54,0.11,94.3,0.956,140.4,795.4,LOW,Slow Saturation,CRITICAL
2026-07-11 03:00:00,429.3,38.0,72.5,5.11,0.52,0.15,95.9,0.97,101.7,646.7,LOW,Slow Saturation,CRITICAL
2026-07-11 03:30:00,433.6,36.1,55.9,5.23,0.48,0.1,93.2,0.957,155.2,696.0,LOW,Slow Saturation,CRITICAL
2026-07-11 04:00:00,430.1,33.0,58.8,5.25,0.49,0.16,94.9,0.959,31.6,174.6,CRITICAL,Slow Saturation,CRITICAL
2026-07-11 04:30:00,427.0,33.6,63.2,5.29,0.52,0.09,94.9,0.976,46.9,315.5,HIGH,Slow Saturation,CRITICAL
2026-07-11 05:00:00,440.8,39.0,63.0,5.16,0.54,0.09,93.9,0.946,74.8,345.2,MEDIUM,Slow Saturation,CRITICAL
2026-07-11 05:30:00,446.7,36.3,68.1,5.36,0.51,0.11,95.8,0.965,109.8,844.6,LOW,Slow Saturation,CRITICAL
2026-07-11 06:00:00,438.8,34.0,72.2,5.36,0.52,0.1,94.0,0.944,120.4,438.2,LOW,Slow Saturation,CRITICAL
2026-07-11 06:30:00,423.2,37.1,37.6,5.3,0.52,0.16,92.3,0.93,164.7,528.4,LOW,Slow Saturation,CRITICAL
2026-07-11 07:00:00,417.6,35.6,51.8,5.3,0.54,0.1,94.8,0.964,108.5,968.9,LOW,Slow Saturation,CRITICAL
2026-07-11 07:30:00,416.5,37.4,34.8,5.4,0.56,0.14,93.6,0.938,171.2,386.8,LOW,Slow Saturation,CRITICAL
2026-07-11 08:00:00,437.1,37.5,36.3,5.39,0.55,0.13,93.2,0.946,90.8,784.2,LOW,Slow Saturation,CRITICAL
2026-07-11 08:30:00,429.0,35.0,31.9,5.28,0.52,0.08,94.7,0.974,62.7,177.9,HIGH,Slow Saturation,CRITICAL
2026-07-11 09:00:00,434.9,36.6,41.4,5.19,0.55,0.14,95.5,0.972,120.8,1090.4,LOW,Slow Saturation,CRITICAL
2026-07-11 09:30:00,451.5,39.5,62.9,5.26,0.51,0.14,94.7,0.96,184.1,615.4,LOW,Slow Saturation,CRITICAL
2026-07-11 10:00:00,439.6,36.6,56.4,5.35,0.53,0.09,95.5,0.954,181.4,351.2,LOW,Slow Saturation,CRITICAL
2026-07-11 10:30:00,447.6,33.8,59.7,5.3,0.56,0.18,94.1,0.941,109.0,828.1,LOW,Slow Saturation,CRITICAL
2026-07-11 11:00:00,446.0,35.0,37.6,5.27,0.51,0.13,92.8,0.93,130.6,606.0,LOW,Slow Saturation,CRITICAL
2026-07-11 11:30:00,424.9,33.3,59.2,5.38,0.52,0.11,96.5,0.981,149.9,834.2,LOW,Slow Saturation,CRITICAL
2026-07-11 12:00:00,437.9,39.3,59.8,5.31,0.52,0.15,95.8,0.968,156.5,574.5,LOW,Slow Saturation,CRITICAL
2026-07-11 12:30:00,426.9,36.9,43.6,5.46,0.55,0.16,94.3,0.964,179.7,560.3,LOW,Slow Saturation,CRITICAL
2026-07-11 13:00:00,449.5,37.5,78.4,5.37,0.54,0.12,96.4,0.958,142.0,878.9,LOW,Slow Saturation,CRITICAL
2026-07-11 13:30:00,437.8,36.1,28.9,5.48,0.51,0.12,93.9,0.948,64.3,168.3,HIGH,Slow Saturation,CRITICAL
2026-07-11 14:00:00,436.3,39.6,67.7,5.35,0.49,0.13,93.8,0.963,171.8,899.3,LOW,Slow Saturation,CRITICAL
2026-07-11 14:30:00,451.7,34.2,67.6,5.41,0.56,0.17,93.7,0.954,137.4,694.5,LOW,Slow Saturation,CRITICAL
2026-07-11 15:00:00,454.2,33.3,54.4,5.24,0.55,0.14,95.0,0.969,20.0,121.7,CRITICAL,Slow Saturation,CRITICAL
2026-07-11 15:30:00,432.9,37.3,43.5,5.27,0.57,0.11,94.3,0.962,67.2,309.7,MEDIUM,Slow Saturation,CRITICAL
2026-07-11 16:00:00,422.9,35.2,35.1,5.28,0.55,0.13,94.7,0.948,67.1,180.9,HIGH,Slow Saturation,CRITICAL
2026-07-11 16:30:00,425.3,35.1,42.0,5.36,0.55,0.11,93.8,0.96,93.4,856.6,LOW,Slow Saturation,CRITICAL
2026-07-11 17:00:00,429.4,36.4,30.1,5.48,0.55,0.14,96.2,0.959,118.6,584.3,LOW,Slow Saturation,CRITICAL
2026-07-11 17:30:00,442.2,38.1,64.4,5.37,0.58,0.15,93.9,0.964,152.6,1039.8,LOW,Slow Saturation,CRITICAL
2026-07-11 18:00:00,448.8,38.2,51.0,5.3,0.54,0.1,96.9,0.976,118.7,1034.6,LOW,Slow Saturation,CRITICAL
2026-07-11 18:30:00,451.9,38.1,63.7,5.25,0.57,0.12,95.4,0.962,72.8,318.3,MEDIUM,Slow Saturation,CRITICAL
2026-07-11 19:00:00,429.2,37.7,67.3,5.48,0.5,0.16,94.8,0.95,124.4,944.3,LOW,Slow Saturation,CRITICAL
2026-07-11 19:30:00,446.8,36.4,48.2,5.36,0.54,0.18,95.0,0.964,152.8,793.2,LOW,Slow Saturation,CRITICAL
2026-07-11 20:00:00,444.5,39.1,50.0,5.27,0.52,0.15,97.4,0.99,111.3,715.0,LOW,Slow Saturation,CRITICAL
2026-07-11 20:30:00,454.6,37.5,51.5,5.27,0.51,0.18,94.1,0.959,152.8,928.5,LOW,Slow Saturation,CRITICAL
2026-07-11 21:00:00,429.3,38.2,53.1,5.53,0.57,0.17,96.3,0.968,12.0,45.1,CRITICAL,Slow Saturation,CRITICAL
2026-07-11 21:30:00,446.8,36.4,55.0,5.36,0.51,0.15,96.0,0.959,170.0,578.4,LOW,Slow Saturation,CRITICAL
2026-07-11 22:00:00,438.9,40.5,50.0,5.56,0.51,0.08,95.4,0.98,34.1,75.3,CRITICAL,Slow Saturation,CRITICAL
2026-07-11 22:30:00,451.9,34.1,56.0,5.53,0.57,0.12,97.3,0.976,52.7,422.0,MEDIUM,Slow Saturation,CRITICAL
2026-07-11 23:00:00,440.9,36.4,44.0,5.41,0.55,0.15,94.6,0.956,78.5,517.5,LOW,Slow Saturation,CRITICAL
2026-07-11 23:30:00,451.4,40.7,35.5,5.28,0.51,0.09,96.8,0.987,96.2,677.6,LOW,Slow Saturation,CRITICAL
2026-07-12 00:00:00,442.8,38.3,31.9,5.46,0.54,0.16,95.7,0.983,43.1,339.0,HIGH,Slow Saturation,CRITICAL
2026-07-12 00:30:00,435.1,36.3,50.9,5.54,0.55,0.14,95.0,0.964,98.8,658.1,LOW,Slow Saturation,CRITICAL
2026-07-12 01:00:00,448.8,40.7,46.6,5.43,0.56,0.09,96.8,0.977,36.6,434.5,HIGH,Slow Saturation,CRITICAL
2026-07-12 01:30:00,445.6,39.3,78.7,5.32,0.51,0.17,96.0,0.985,140.3,1070.3,LOW,Slow Saturation,CRITICAL
2026-07-12 02:00:00,440.5,39.5,60.5,5.53,0.51,0.12,96.0,0.956,100.7,701.9,LOW,Slow Saturation,CRITICAL
2026-07-12 02:30:00,457.9,40.6,49.4,5.57,0.53,0.09,97.2,0.986,137.8,772.8,LOW,Slow Saturation,CRITICAL
2026-07-12 03:00:00,432.1,35.1,52.1,5.49,0.59,0.16,95.4,0.951,26.3,118.6,CRITICAL,Slow Saturation,CRITICAL
2026-07-12 03:30:00,440.4,34.9,42.0,5.34,0.58,0.08,95.0,0.974,114.4,463.4,LOW,Slow Saturation,CRITICAL
2026-07-12 04:00:00,455.4,35.8,69.6,5.56,0.55,0.16,95.7,0.966,26.6,44.7,CRITICAL,Slow Saturation,CRITICAL
2026-07-12 04:30:00,466.0,37.5,35.6,5.44,0.57,0.11,96.9,0.991,48.5,435.8,MEDIUM,Slow Saturation,CRITICAL
2026-07-12 05:00:00,435.6,39.3,61.0,5.4,0.52,0.12,97.4,0.976,142.2,749.4,LOW,Slow Saturation,CRITICAL
2026-07-12 05:30:00,436.9,37.4,64.3,5.59,0.58,0.08,96.2,0.968,129.4,1071.3,LOW,Slow Saturation,CRITICAL
2026-07-12 06:00:00,454.4,40.5,29.7,5.59,0.59,0.13,97.9,0.99,69.9,234.8,HIGH,Slow Saturation,CRITICAL
2026-07-12 06:30:00,459.5,36.8,61.6,5.5,0.57,0.16,95.3,0.952,70.4,416.8,MEDIUM,Slow Saturation,CRITICAL
2026-07-12 07:00:00,461.8,38.8,56.1,5.36,0.51,0.09,96.3,0.962,50.0,241.8,HIGH,Slow Saturation,CRITICAL
2026-07-12 07:30:00,465.8,34.8,28.9,5.61,0.56,0.17,97.1,0.968,134.5,440.0,LOW,Slow Saturation,CRITICAL
2026-07-12 08:00:00,464.8,38.7,34.4,5.6,0.56,0.18,97.4,0.992,55.8,320.8,HIGH,Slow Saturation,CRITICAL
2026-07-12 08:30:00,443.2,40.6,60.9,5.56,0.54,0.17,95.9,0.983,40.0,151.8,HIGH,Slow Saturation,CRITICAL
2026-07-12 09:00:00,436.0,36.5,47.6,5.47,0.59,0.11,96.6,0.983,172.6,807.7,LOW,Slow Saturation,CRITICAL
2026-07-12 09:30:00,461.0,35.2,53.2,5.61,0.53,0.15,97.5,0.971,29.9,29.9,CRITICAL,Slow Saturation,CRITICAL
2026-07-12 10:00:00,465.8,37.3,40.7,5.62,0.52,0.15,97.4,0.983,58.1,421.0,MEDIUM,Slow Saturation,CRITICAL
2026-07-12 10:30:00,467.6,37.8,57.6,5.6,0.55,0.13,97.9,0.997,147.9,755.1,LOW,Slow Saturation,CRITICAL
2026-07-12 11:00:00,451.8,40.0,77.3,5.45,0.56,0.18,97.5,0.965,81.3,824.2,LOW,Slow Saturation,CRITICAL
2026-07-12 11:30:00,468.8,38.0,32.4,5.58,0.51,0.13,97.4,0.995,42.6,136.9,HIGH,Slow Saturation,CRITICAL
2026-07-12 12:00:00,466.8,39.2,37.6,5.38,0.56,0.12,97.4,0.977,139.2,455.0,LOW,Slow Saturation,CRITICAL
2026-07-12 12:30:00,452.9,38.5,65.1,5.45,0.51,0.14,97.0,0.968,156.3,687.0,LOW,Slow Saturation,CRITICAL
2026-07-12 13:00:00,463.6,34.7,29.6,5.6,0.51,0.1,97.6,0.998,91.3,858.6,LOW,Slow Saturation,CRITICAL
2026-07-12 13:30:00,468.6,38.4,35.5,5.56,0.51,0.1,96.8,0.988,170.8,384.4,LOW,Slow Saturation,CRITICAL
2026-07-12 14:00:00,438.2,35.6,34.5,5.5,0.54,0.16,95.7,0.974,114.3,963.4,LOW,Slow Saturation,CRITICAL
2026-07-12 14:30:00,444.4,40.0,53.6,5.61,0.58,0.13,98.9,0.979,129.4,593.2,LOW,Slow Saturation,CRITICAL
2026-07-12 15:00:00,466.2,35.4,57.7,5.55,0.58,0.16,96.4,0.988,32.9,44.0,CRITICAL,Slow Saturation,CRITICAL
2026-07-12 15:30:00,452.6,38.3,64.0,5.4,0.59,0.09,98.4,0.985,118.0,933.2,LOW,Slow Saturation,CRITICAL
2026-07-12 16:00:00,443.7,34.5,53.1,5.64,0.52,0.15,96.7,0.96,151.7,929.4,LOW,Slow Saturation,CRITICAL
2026-07-12 16:30:00,456.0,38.9,38.5,5.56,0.55,0.18,95.3,0.971,43.1,335.0,HIGH,Slow Saturation,CRITICAL
2026-07-12 17:00:00,450.1,40.0,60.4,5.41,0.51,0.11,97.3,0.994,28.6,89.2,CRITICAL,Slow Saturation,CRITICAL
2026-07-12 17:30:00,465.1,36.0,55.8,5.44,0.57,0.11,98.4,0.996,130.5,1076.4,LOW,Slow Saturation,CRITICAL
2026-07-12 18:00:00,439.8,39.2,37.0,5.51,0.57,0.11,96.5,0.973,151.3,918.8,LOW,Slow Saturation,CRITICAL
2026-07-12 18:30:00,444.7,41.0,66.3,5.42,0.58,0.14,98.8,0.976,136.8,794.5,LOW,Slow Saturation,CRITICAL
2026-07-12 19:00:00,450.2,39.3,38.1,5.42,0.58,0.12,98.2,0.981,162.5,631.6,LOW,Slow Saturation,CRITICAL
2026-07-12 19:30:00,470.1,37.9,52.3,5.52,0.53,0.18,96.8,0.967,35.6,429.5,HIGH,Slow Saturation,CRITICAL
2026-07-12 20:00:00,443.6,36.0,78.5,5.43,0.57,0.09,98.7,0.994,91.3,478.4,LOW,Slow Saturation,CRITICAL
2026-07-12 20:30:00,467.0,38.8,73.9,5.44,0.57,0.15,99.2,0.989,159.9,414.9,LOW,Slow Saturation,CRITICAL
2026-07-12 21:00:00,460.3,41.6,53.3,5.61,0.59,0.12,98.3,0.999,54.7,260.7,HIGH,Slow Saturation,CRITICAL
2026-07-12 21:30:00,445.0,38.8,74.2,5.69,0.57,0.09,95.5,0.969,93.4,926.5,LOW,Slow Saturation,CRITICAL
2026-07-12 22:00:00,467.9,38.0,55.5,5.47,0.59,0.13,97.6,0.967,14.1,165.0,CRITICAL,Slow Saturation,CRITICAL
2026-07-12 22:30:00,462.8,36.7,34.7,5.49,0.52,0.14,98.2,1.0,160.4,910.5,LOW,Slow Saturation,CRITICAL
2026-07-12 23:00:00,470.9,40.1,51.5,5.51,0.55,0.17,97.3,0.965,121.6,995.3,LOW,Slow Saturation,CRITICAL
2026-07-12 23:30:00,441.7,37.0,74.3,5.69,0.55,0.11,97.6,0.968,149.4,940.8,LOW,Slow Saturation,CRITICAL
2026-07-13 00:00:00,442.6,39.8,73.7,5.67,0.6,0.16,95.9,0.956,75.2,386.2,MEDIUM,Slow Saturation,CRITICAL
2026-07-13 00:30:00,443.2,38.6,37.0,5.7,0.58,0.11,96.5,0.969,31.6,113.1,CRITICAL,Slow Saturation,CRITICAL
2026-07-13 01:00:00,448.4,41.4,58.0,5.52,0.58,0.11,96.6,0.989,129.7,557.9,LOW,Slow Saturation,CRITICAL
2026-07-13 01:30:00,459.6,38.1,45.8,5.61,0.53,0.16,97.7,0.969,62.6,387.0,MEDIUM,Slow Saturation,CRITICAL
2026-07-13 02:00:00,474.3,40.4,77.0,5.55,0.52,0.18,95.9,0.979,167.3,566.3,LOW,Slow Saturation,CRITICAL
2026-07-13 02:30:00,465.9,36.7,33.6,5.57,0.56,0.18,98.1,1.0,62.7,536.9,MEDIUM,Slow Saturation,CRITICAL
2026-07-13 03:00:00,457.2,37.2,34.8,5.43,0.57,0.12,99.1,0.995,52.2,527.4,MEDIUM,Slow Saturation,CRITICAL
2026-07-13 03:30:00,464.4,37.2,49.3,5.63,0.55,0.15,99.0,0.997,89.0,578.1,LOW,Slow Saturation,CRITICAL
2026-07-13 04:00:00,451.1,36.0,69.0,5.65,0.56,0.19,95.8,0.957,73.1,316.0,MEDIUM,Slow Saturation,CRITICAL
2026-07-13 04:30:00,452.1,39.8,76.0,5.63,0.6,0.17,98.3,0.977,38.6,222.3,HIGH,Slow Saturation,CRITICAL
2026-07-13 05:00:00,451.4,35.7,44.4,5.43,0.53,0.14,96.9,0.962,71.5,280.4,MEDIUM,Slow Saturation,CRITICAL
2026-07-13 05:30:00,474.6,36.9,36.4,5.47,0.55,0.14,97.5,0.983,67.4,121.8,HIGH,Slow Saturation,CRITICAL
2026-07-13 06:00:00,467.2,37.1,78.7,5.71,0.56,0.12,99.6,1.0,111.3,460.3,LOW,Slow Saturation,CRITICAL
2026-07-13 06:30:00,466.8,37.9,75.1,5.47,0.58,0.18,97.9,0.986,65.3,292.7,MEDIUM,Slow Saturation,CRITICAL
2026-07-13 07:00:00,444.7,35.5,51.1,5.49,0.57,0.15,99.5,1.0,60.1,129.7,HIGH,Slow Saturation,CRITICAL
2026-07-13 07:30:00,446.0,39.5,51.1,5.52,0.56,0.11,98.2,0.988,175.2,1031.3,LOW,Slow Saturation,CRITICAL
2026-07-13 08:00:00,456.0,40.8,35.6,5.54,0.55,0.12,99.6,0.993,163.3,415.7,LOW,Slow Saturation,CRITICAL
2026-07-13 08:30:00,471.3,41.8,51.0,5.72,0.54,0.17,97.5,0.989,167.1,454.7,LOW,Slow Saturation,CRITICAL
2026-07-13 09:00:00,459.9,36.3,32.4,5.45,0.6,0.19,99.6,1.0,142.8,416.3,LOW,Slow Saturation,CRITICAL
2026-07-13 09:30:00,462.8,37.8,75.5,5.47,0.58,0.16,96.5,0.971,78.0,358.2,MEDIUM,Slow Saturation,CRITICAL
2026-07-13 10:00:00,454.1,40.7,70.9,5.44,0.57,0.14,95.8,0.954,57.4,531.1,MEDIUM,Slow Saturation,CRITICAL
2026-07-13 10:30:00,474.8,39.5,52.5,5.64,0.56,0.14,96.8,0.987,32.6,71.8,CRITICAL,Slow Saturation,CRITICAL
2026-07-13 11:00:00,464.0,40.1,31.4,5.62,0.57,0.18,97.7,0.999,132.1,439.7,LOW,Slow Saturation,CRITICAL
2026-07-13 11:30:00,449.5,40.8,57.9,5.7,0.52,0.12,96.4,0.973,40.3,237.2,HIGH,Slow Saturation,CRITICAL
2026-07-13 12:00:00,454.0,37.4,75.4,5.59,0.57,0.18,98.9,0.989,43.7,160.6,HIGH,Slow Saturation,CRITICAL
2026-07-13 12:30:00,472.9,41.0,56.2,5.64,0.58,0.12,98.6,0.998,28.6,133.9,CRITICAL,Slow Saturation,CRITICAL
2026-07-13 13:00:00,457.1,38.6,28.6,5.71,0.56,0.12,96.3,0.983,38.7,215.1,HIGH,Slow Saturation,CRITICAL
2026-07-13 13:30:00,473.2,39.2,74.6,5.61,0.57,0.14,98.9,0.982,31.7,109.4,CRITICAL,Slow Saturation,CRITICAL
2026-07-13 14:00:00,461.0,41.4,70.6,5.69,0.55,0.13,99.5,0.983,115.4,922.7,LOW,Slow Saturation,CRITICAL
2026-07-13 14:30:00,472.8,35.1,64.9,5.49,0.54,0.18,96.8,0.971,33.7,41.7,CRITICAL,Slow Saturation,CRITICAL
2026-07-13 15:00:00,447.1,40.4,63.9,5.46,0.59,0.17,96.4,0.96,149.2,735.1,LOW,Slow Saturation,CRITICAL
2026-07-13 15:30:00,446.7,36.7,34.2,5.68,0.58,0.17,99.6,0.983,47.5,507.5,MEDIUM,Slow Saturation,CRITICAL
2026-07-13 16:00:00,474.1,35.6,46.3,5.55,0.6,0.18,96.6,0.964,98.6,896.4,LOW,Slow Saturation,CRITICAL
2026-07-13 16:30:00,464.8,35.7,57.6,5.5,0.52,0.11,97.1,0.97,168.0,752.8,LOW,Slow Saturation,CRITICAL
2026-07-13 17:00:00,462.2,36.5,33.1,5.62,0.58,0.13,97.7,0.998,177.7,485.6,LOW,Slow Saturation,CRITICAL
2026-07-13 17:30:00,452.6,36.5,47.7,5.48,0.53,0.19,96.4,0.968,35.5,447.8,HIGH,Slow Saturation,CRITICAL
2026-07-13 18:00:00,456.2,35.3,57.0,5.63,0.53,0.12,97.2,0.986,180.9,683.0,LOW,Slow Saturation,CRITICAL
2026-07-13 18:30:00,451.3,41.0,43.1,5.59,0.53,0.17,98.7,0.992,43.0,549.5,MEDIUM,Slow Saturation,CRITICAL
2026-07-13 19:00:00,467.8,38.1,33.5,5.57,0.53,0.1,98.3,0.987,29.6,204.7,HIGH,Slow Saturation,CRITICAL
2026-07-13 19:30:00,456.7,41.8,31.4,5.48,0.57,0.19,99.3,1.0,137.5,558.9,LOW,Slow Saturation,CRITICAL
2026-07-13 20:00:00,472.5,36.9,58.3,5.59,0.58,0.13,98.4,0.995,82.0,713.4,LOW,Slow Saturation,CRITICAL
2026-07-13 20:30:00,453.7,35.7,67.9,5.49,0.56,0.15,96.4,0.966,21.1,29.0,CRITICAL,Slow Saturation,CRITICAL
2026-07-13 21:00:00,468.7,37.7,78.5,5.48,0.53,0.15,96.3,0.978,142.0,925.7,LOW,Slow Saturation,CRITICAL
2026-07-13 21:30:00,462.1,39.6,38.5,5.71,0.54,0.12,98.2,0.996,176.8,373.7,LOW,Slow Saturation,CRITICAL
2026-07-13 22:00:00,456.0,37.7,75.6,5.46,0.55,0.14,98.2,0.984,160.8,577.3,LOW,Slow Saturation,CRITICAL
2026-07-13 22:30:00,470.0,35.9,53.6,5.65,0.56,0.1,98.6,0.996,130.6,779.2,LOW,Slow Saturation,CRITICAL
2026-07-13 23:00:00,458.7,38.5,72.4,5.63,0.56,0.19,97.4,0.98,181.2,590.4,LOW,Slow Saturation,CRITICAL
2026-07-13 23:30:00,457.2,40.9,30.3,5.72,0.59,0.09,97.4,0.965,28.8,85.8,CRITICAL,Slow Saturation,CRITICAL
2026-07-14 00:00:00,453.7,39.6,46.3,5.72,0.58,0.15,96.3,0.968,64.7,265.2,HIGH,Slow Saturation,CRITICAL
2026-07-14 00:30:00,475.2,38.2,45.0,5.53,0.57,0.18,98.8,0.976,113.7,1089.3,LOW,Slow Saturation,CRITICAL
2026-07-14 01:00:00,473.3,39.0,48.3,5.55,0.53,0.16,98.0,0.981,144.3,604.7,LOW,Slow Saturation,CRITICAL
2026-07-14 01:30:00,462.4,38.1,46.9,5.7,0.6,0.17,98.1,0.989,61.7,140.4,HIGH,Slow Saturation,CRITICAL
2026-07-14 02:00:00,471.0,36.6,48.9,5.48,0.53,0.17,97.3,0.996,23.6,179.2,CRITICAL,Slow Saturation,CRITICAL
2026-07-14 02:30:00,467.8,40.6,38.9,5.58,0.55,0.17,98.2,0.986,46.6,293.0,HIGH,Slow Saturation,CRITICAL
2026-07-14 03:00:00,451.3,40.3,51.6,5.71,0.52,0.16,98.3,0.991,48.8,533.7,MEDIUM,Slow Saturation,CRITICAL
2026-07-14 03:30:00,463.6,41.6,52.3,5.58,0.58,0.17,98.3,0.995,120.4,741.7,LOW,Slow Saturation,CRITICAL
2026-07-14 04:00:00,468.9,36.0,35.7,5.54,0.55,0.13,99.3,0.99,23.1,56.7,CRITICAL,Slow Saturation,CRITICAL
2026-07-14 04:30:00,453.9,39.5,70.8,5.48,0.57,0.13,96.8,0.973,54.5,475.7,MEDIUM,Slow Saturation,CRITICAL
2026-07-14 05:00:00,467.5,38.0,57.1,5.49,0.52,0.11,97.0,0.976,151.0,844.0,LOW,Slow Saturation,CRITICAL
2026-07-14 05:30:00,461.8,41.7,72.3,5.47,0.52,0.18,98.4,0.978,162.0,1025.4,LOW,Slow Saturation,CRITICAL
2026-07-14 06:00:00,447.9,39.6,46.9,5.49,0.6,0.16,96.4,0.97,139.1,1049.7,LOW,Slow Saturation,CRITICAL
2026-07-14 06:30:00,477.3,41.6,71.1,5.52,0.54,0.18,96.5,0.974,151.6,597.0,LOW,Slow Saturation,CRITICAL
2026-07-14 07:00:00,453.0,40.2,48.3,5.5,0.56,0.1,99.6,1.0,88.0,540.7,LOW,Slow Saturation,CRITICAL
2026-07-14 07:30:00,477.9,37.6,53.5,5.65,0.55,0.13,99.6,1.0,164.1,1052.7,LOW,Slow Saturation,CRITICAL
2026-07-14 08:00:00,445.3,40.7,65.2,5.7,0.61,0.15,98.6,0.985,174.8,868.0,LOW,Slow Saturation,CRITICAL
2026-07-14 08:30:00,455.4,38.8,40.4,5.69,0.61,0.13,96.4,0.982,162.0,993.2,LOW,Slow Saturation,CRITICAL
2026-07-14 09:00:00,478.7,37.7,75.3,5.69,0.54,0.1,96.9,0.973,48.4,502.8,MEDIUM,Slow Saturation,CRITICAL
2026-07-14 09:30:00,471.3,41.1,60.8,5.7,0.56,0.09,99.2,1.0,174.7,703.3,LOW,Slow Saturation,CRITICAL
2026-07-14 10:00:00,475.0,40.0,71.7,5.65,0.59,0.17,97.9,0.981,72.9,378.9,MEDIUM,Slow Saturation,CRITICAL
2026-07-14 10:30:00,445.2,38.1,66.3,5.63,0.52,0.15,99.1,1.0,35.5,292.3,HIGH,Slow Saturation,CRITICAL
2026-07-14 11:00:00,449.7,35.5,44.3,5.69,0.57,0.19,99.0,0.997,158.5,864.3,LOW,Slow Saturation,CRITICAL
2026-07-14 11:30:00,469.9,38.3,44.6,5.69,0.54,0.16,99.1,1.0,46.4,298.2,HIGH,Slow Saturation,CRITICAL
2026-07-14 12:00:00,475.0,41.5,73.5,5.72,0.54,0.18,98.5,0.979,120.4,1030.1,LOW,Slow Saturation,CRITICAL
2026-07-14 12:30:00,449.9,39.8,38.3,5.52,0.55,0.13,96.2,0.987,75.7,527.3,LOW,Slow Saturation,CRITICAL
2026-07-14 13:00:00,476.1,38.0,65.3,5.47,0.56,0.16,98.7,0.978,45.0,490.6,MEDIUM,Slow Saturation,CRITICAL
2026-07-14 13:30:00,448.3,38.4,42.9,5.74,0.6,0.15,97.0,0.987,129.2,663.7,LOW,Slow Saturation,CRITICAL
2026-07-14 14:00:00,452.9,36.9,35.5,5.55,0.57,0.18,98.6,0.987,91.3,357.7,MEDIUM,Slow Saturation,CRITICAL
2026-07-14 14:30:00,467.6,39.7,44.8,5.66,0.58,0.16,96.9,0.965,28.5,27.0,CRITICAL,Slow Saturation,CRITICAL
2026-07-14 15:00:00,478.4,41.2,40.2,5.61,0.6,0.19,98.8,0.986,19.9,67.0,CRITICAL,Slow Saturation,CRITICAL
2026-07-14 15:30:00,456.4,37.6,43.7,5.61,0.61,0.15,96.8,0.98,99.1,1047.7,LOW,Slow Saturation,CRITICAL
2026-07-14 16:00:00,461.8,37.1,34.8,5.45,0.53,0.1,96.3,0.984,162.8,976.1,LOW,Slow Saturation,CRITICAL
2026-07-14 16:30:00,473.9,36.8,76.1,5.51,0.57,0.17,97.0,0.985,166.4,586.7,LOW,Slow Saturation,CRITICAL
2026-07-14 17:00:00,472.9,35.9,67.6,5.45,0.58,0.17,96.4,0.989,51.8,135.4,HIGH,Slow Saturation,CRITICAL
2026-07-14 17:30:00,477.8,37.9,64.6,5.54,0.6,0.09,98.6,0.982,95.9,719.7,LOW,Slow Saturation,CRITICAL
2026-07-14 18:00:00,446.1,35.7,73.0,5.48,0.6,0.11,97.8,0.995,59.2,503.1,MEDIUM,Slow Saturation,CRITICAL
2026-07-14 18:30:00,461.1,41.6,58.3,5.45,0.57,0.13,98.8,0.994,129.1,1015.5,LOW,Slow Saturation,CRITICAL
2026-07-14 19:00:00,456.3,39.6,63.4,5.68,0.57,0.18,96.3,0.957,26.0,185.3,CRITICAL,Slow Saturation,CRITICAL
2026-07-14 19:30:00,463.2,41.5,51.5,5.62,0.52,0.19,99.5,1.0,68.2,434.6,MEDIUM,Slow Saturation,CRITICAL
2026-07-14 20:00:00,449.7,38.8,77.7,5.52,0.52,0.15,95.9,0.977,24.2,210.1,CRITICAL,Slow Saturation,CRITICAL
2026-07-14 20:30:00,475.9,36.0,48.6,5.68,0.59,0.1,96.3,0.968,146.9,563.7,LOW,Slow Saturation,CRITICAL
2026-07-14 21:00:00,459.2,35.6,61.9,5.51,0.56,0.17,98.4,0.996,34.7,151.4,CRITICAL,Slow Saturation,CRITICAL
2026-07-14 21:30:00,472.8,38.2,54.6,5.54,0.56,0.14,98.6,1.0,152.3,810.4,LOW,Slow Saturation,CRITICAL
2026-07-14 22:00:00,453.6,35.0,50.0,5.62,0.56,0.11,96.2,0.969,97.7,822.2,LOW,Slow Saturation,CRITICAL
2026-07-14 22:30:00,473.3,37.8,43.0,5.45,0.56,0.1,99.2,0.995,157.6,742.3,LOW,Slow Saturation,CRITICAL
2026-07-14 23:00:00,442.9,35.3,30.4,5.44,0.53,0.13,98.2,0.98,110.3,540.0,LOW,Slow Saturation,CRITICAL
2026-07-14 23:30:00,445.2,38.2,32.1,5.47,0.57,0.11,97.1,0.97,26.4,194.7,CRITICAL,Slow Saturation,CRITICAL
2026-07-15 00:00:00,464.5,37.9,58.4,5.7,0.57,0.11,99.0,0.986,44.4,199.6,HIGH,Slow Saturation,CRITICAL
2026-07-15 00:30:00,444.6,40.8,59.3,5.44,0.56,0.09,96.2,0.979,94.5,868.9,LOW,Slow Saturation,CRITICAL
2026-07-15 01:00:00,457.7,38.9,78.1,5.51,0.57,0.19,98.2,0.998,131.4,646.2,LOW,Slow Saturation,CRITICAL
2026-07-15 01:30:00,444.4,34.8,34.4,5.66,0.52,0.18,96.3,0.966,124.2,837.3,LOW,Slow Saturation,CRITICAL
2026-07-15 02:00:00,447.0,40.2,60.4,5.54,0.54,0.13,95.5,0.964,40.7,185.5,HIGH,Slow Saturation,CRITICAL
2026-07-15 02:30:00,470.2,37.9,78.0,5.57,0.57,0.11,98.7,0.997,20.8,16.6,CRITICAL,Slow Saturation,CRITICAL
2026-07-15 03:00:00,469.7,41.5,64.9,5.56,0.58,0.15,96.6,0.979,96.3,714.6,LOW,Slow Saturation,CRITICAL
2026-07-15 03:30:00,468.4,39.4,59.6,5.55,0.56,0.16,97.1,0.981,66.6,147.3,HIGH,Slow Saturation,CRITICAL
2026-07-15 04:00:00,456.9,37.9,49.5,5.6,0.6,0.12,95.4,0.978,61.8,202.6,HIGH,Slow Saturation,CRITICAL
2026-07-15 04:30:00,471.2,36.1,39.9,5.65,0.54,0.15,97.9,0.979,34.7,75.1,CRITICAL,Slow Saturation,CRITICAL
2026-07-15 05:00:00,462.7,40.4,77.7,5.63,0.58,0.17,98.7,0.997,119.6,561.8,LOW,Slow Saturation,CRITICAL
2026-07-15 05:30:00,446.0,35.5,62.5,5.51,0.57,0.1,99.2,1.0,64.5,210.1,HIGH,Slow Saturation,CRITICAL
2026-07-15 06:00:00,451.3,40.7,28.7,5.65,0.53,0.17,95.4,0.951,23.0,103.3,CRITICAL,Slow Saturation,CRITICAL
2026-07-15 06:30:00,447.6,36.1,34.1,5.4,0.54,0.12,98.7,0.994,58.3,185.0,HIGH,Slow Saturation,CRITICAL
2026-07-15 07:00:00,463.1,39.2,54.6,5.52,0.59,0.13,98.6,0.996,31.2,36.7,CRITICAL,Slow Saturation,CRITICAL
2026-07-15 07:30:00,466.9,41.1,68.5,5.57,0.52,0.1,98.7,0.994,169.6,467.8,LOW,Slow Saturation,CRITICAL
2026-07-15 08:00:00,463.5,38.0,50.7,5.48,0.52,0.15,95.7,0.961,158.8,679.3,LOW,Slow Saturation,CRITICAL
2026-07-15 08:30:00,466.0,36.2,67.8,5.4,0.54,0.14,96.6,0.972,142.6,620.5,LOW,Slow Saturation,CRITICAL
2026-07-15 09:00:00,452.2,39.7,35.6,5.5,0.53,0.17,96.7,0.981,91.4,989.3,LOW,Slow Saturation,CRITICAL
2026-07-15 09:30:00,442.3,34.6,46.6,5.65,0.51,0.17,95.4,0.975,66.5,542.2,LOW,Slow Saturation,CRITICAL
2026-07-15 10:00:00,460.1,39.7,30.9,5.38,0.57,0.18,97.6,0.971,135.4,845.3,LOW,Slow Saturation,CRITICAL
2026-07-15 10:30:00,460.6,37.2,43.1,5.59,0.56,0.12,98.6,0.99,13.4,72.4,CRITICAL,Slow Saturation,CRITICAL
2026-07-15 11:00:00,452.1,39.3,75.6,5.6,0.53,0.14,97.6,0.983,132.7,1015.8,LOW,Slow Saturation,CRITICAL
2026-07-15 11:30:00,446.8,35.7,48.8,5.58,0.51,0.12,97.9,0.993,33.8,218.3,HIGH,Slow Saturation,CRITICAL
2026-07-15 12:00:00,454.2,38.2,32.5,5.37,0.58,0.1,98.1,0.979,114.5,531.0,LOW,Slow Saturation,CRITICAL
2026-07-15 12:30:00,439.6,41.2,65.5,5.54,0.51,0.12,96.3,0.981,20.3,148.4,CRITICAL,Slow Saturation,CRITICAL
2026-07-15 13:00:00,451.3,39.5,43.2,5.65,0.6,0.17,97.1,0.966,166.7,820.8,LOW,Slow Saturation,CRITICAL
2026-07-15 13:30:00,445.2,36.7,58.7,5.55,0.58,0.16,97.7,0.984,101.9,535.7,LOW,Slow Saturation,CRITICAL
2026-07-15 14:00:00,447.6,40.0,58.0,5.6,0.52,0.16,95.1,0.958,22.8,197.1,CRITICAL,Slow Saturation,CRITICAL
2026-07-15 14:30:00,453.1,36.8,50.9,5.46,0.56,0.14,95.8,0.968,98.3,667.6,LOW,Slow Saturation,CRITICAL
2026-07-15 15:00:00,468.5,37.6,76.1,5.38,0.58,0.1,97.6,0.98,34.4,159.4,CRITICAL,Slow Saturation,CRITICAL
2026-07-15 15:30:00,450.7,35.7,33.8,5.45,0.57,0.18,98.5,1.0,116.1,656.5,LOW,Slow Saturation,CRITICAL
2026-07-15 16:00:00,439.2,34.5,57.4,5.43,0.54,0.18,96.6,0.962,148.9,456.6,LOW,Slow Saturation,CRITICAL
2026-07-15 16:30:00,464.7,40.4,30.2,5.48,0.52,0.17,95.1,0.966,72.3,494.3,LOW,Slow Saturation,CRITICAL
2026-07-15 17:00:00,464.8,38.1,57.4,5.55,0.58,0.13,97.0,0.975,143.8,728.6,LOW,Slow Saturation,CRITICAL
2026-07-15 17:30:00,463.3,37.3,51.0,5.53,0.53,0.16,96.2,0.97,52.3,290.0,HIGH,Slow Saturation,CRITICAL
2026-07-15 18:00:00,458.5,40.3,77.4,5.54,0.56,0.17,96.8,0.977,149.7,880.5,LOW,Slow Saturation,CRITICAL
2026-07-15 18:30:00,439.2,38.0,34.0,5.34,0.56,0.14,96.8,0.978,44.8,324.6,HIGH,Slow Saturation,CRITICAL
2026-07-15 19:00:00,438.4,40.6,33.8,5.39,0.51,0.16,97.3,0.992,165.6,683.2,LOW,Slow Saturation,CRITICAL
2026-07-15 19:30:00,433.4,36.8,59.1,5.45,0.58,0.09,96.1,0.981,160.7,588.0,LOW,Slow Saturation,CRITICAL
2026-07-15 20:00:00,437.4,34.7,33.5,5.34,0.52,0.11,95.6,0.959,82.5,476.9,LOW,Slow Saturation,CRITICAL
2026-07-15 20:30:00,433.2,34.2,44.5,5.43,0.54,0.11,95.6,0.971,77.0,475.9,LOW,Slow Saturation,CRITICAL
2026-07-15 21:00:00,451.4,39.2,38.1,5.42,0.55,0.16,94.8,0.949,22.5,110.3,CRITICAL,Slow Saturation,CRITICAL
2026-07-15 21:30:00,438.8,36.8,52.7,5.59,0.58,0.11,97.0,0.975,54.6,358.5,MEDIUM,Slow Saturation,CRITICAL
2026-07-15 22:00:00,433.2,36.8,43.4,5.59,0.56,0.1,95.7,0.977,182.5,936.5,LOW,Slow Saturation,CRITICAL
2026-07-15 22:30:00,445.7,40.3,49.6,5.54,0.5,0.13,95.3,0.966,180.2,350.4,LOW,Slow Saturation,CRITICAL
2026-07-15 23:00:00,459.0,38.1,52.6,5.48,0.53,0.12,96.5,0.988,100.3,384.1,LOW,Slow Saturation,CRITICAL
2026-07-15 23:30:00,443.1,35.9,56.8,5.46,0.51,0.1,95.2,0.972,86.7,807.8,LOW,Slow Saturation,CRITICAL
2026-07-16 00:00:00,440.9,38.6,44.0,5.42,0.52,0.16,95.0,0.977,182.1,606.2,LOW,Slow Saturation,CRITICAL
2026-07-16 00:30:00,452.8,33.9,58.7,5.42,0.56,0.08,97.6,0.981,128.4,659.9,LOW,Slow Saturation,CRITICAL
2026-07-16 01:00:00,447.1,39.1,64.0,5.3,0.57,0.15,94.1,0.968,156.0,853.7,LOW,Slow Saturation,CRITICAL
2026-07-16 01:30:00,456.9,39.4,45.8,5.51,0.53,0.1,96.7,0.981,13.5,109.9,CRITICAL,Slow Saturation,CRITICAL
2026-07-16 02:00:00,428.3,35.3,50.6,5.38,0.52,0.17,94.3,0.971,118.1,577.4,LOW,Slow Saturation,CRITICAL
2026-07-16 02:30:00,439.9,37.1,39.6,5.48,0.52,0.17,94.7,0.967,45.9,473.1,MEDIUM,Slow Saturation,CRITICAL
2026-07-16 03:00:00,444.2,37.6,72.7,5.43,0.55,0.15,96.5,0.97,109.8,399.0,LOW,Slow Saturation,CRITICAL
2026-07-16 03:30:00,446.5,35.5,30.8,5.5,0.52,0.13,94.5,0.947,129.3,1094.0,LOW,Slow Saturation,CRITICAL
2026-07-16 04:00:00,445.8,35.4,55.1,5.45,0.54,0.17,97.5,0.987,21.0,207.4,CRITICAL,Slow Saturation,CRITICAL
2026-07-16 04:30:00,449.6,35.5,79.1,5.48,0.54,0.12,97.2,0.977,50.8,239.5,HIGH,Slow Saturation,CRITICAL
2026-07-16 05:00:00,432.3,33.6,50.7,5.26,0.5,0.14,96.6,0.972,181.2,667.9,LOW,Slow Saturation,CRITICAL
2026-07-16 05:30:00,435.9,34.7,40.4,5.39,0.55,0.09,96.8,0.962,114.5,819.7,LOW,Slow Saturation,CRITICAL
2026-07-16 06:00:00,433.0,34.3,40.4,5.34,0.53,0.08,96.7,0.97,175.2,931.8,LOW,Slow Saturation,CRITICAL
2026-07-16 06:30:00,444.6,37.9,67.1,5.25,0.5,0.09,94.8,0.965,158.7,398.8,LOW,Slow Saturation,CRITICAL
2026-07-16 07:00:00,434.5,36.5,75.1,5.44,0.55,0.09,95.7,0.956,63.0,284.0,MEDIUM,Slow Saturation,CRITICAL
2026-07-16 07:30:00,444.5,35.1,66.4,5.35,0.55,0.08,96.6,0.962,164.2,814.4,LOW,Slow Saturation,CRITICAL
2026-07-16 08:00:00,439.1,38.9,76.1,5.26,0.52,0.1,95.7,0.963,23.7,176.8,CRITICAL,Slow Saturation,CRITICAL
2026-07-16 08:30:00,431.8,37.8,57.1,5.36,0.53,0.15,94.3,0.947,149.9,395.4,LOW,Slow Saturation,CRITICAL
2026-07-16 09:00:00,448.8,40.1,50.0,5.45,0.52,0.17,93.9,0.948,65.4,267.4,MEDIUM,Slow Saturation,CRITICAL
2026-07-16 09:30:00,445.7,37.4,27.7,5.46,0.5,0.13,96.7,0.971,85.0,496.6,LOW,Slow Saturation,CRITICAL
2026-07-16 10:00:00,433.6,38.8,74.5,5.5,0.55,0.15,95.6,0.957,69.3,368.7,MEDIUM,Slow Saturation,CRITICAL
2026-07-16 10:30:00,426.9,36.2,59.3,5.22,0.53,0.16,94.0,0.97,12.6,60.7,CRITICAL,Slow Saturation,CRITICAL
2026-07-16 11:00:00,446.5,34.9,59.7,5.42,0.58,0.11,93.9,0.946,43.9,545.6,MEDIUM,Slow Saturation,CRITICAL
2026-07-16 11:30:00,424.4,33.4,31.1,5.37,0.52,0.1,96.1,0.966,19.6,21.1,CRITICAL,Slow Saturation,CRITICAL
2026-07-16 12:00:00,445.1,39.4,36.3,5.25,0.52,0.13,93.1,0.939,157.8,1033.0,LOW,Slow Saturation,CRITICAL
2026-07-16 12:30:00,447.1,35.8,62.4,5.28,0.5,0.17,93.9,0.939,152.0,845.7,LOW,Slow Saturation,CRITICAL
2026-07-16 13:00:00,450.0,40.1,78.0,5.23,0.57,0.08,96.6,0.989,149.5,493.8,LOW,Slow Saturation,CRITICAL
2026-07-16 13:30:00,452.9,37.3,46.6,5.37,0.51,0.08,93.6,0.948,104.6,942.2,LOW,Slow Saturation,CRITICAL
2026-07-16 14:00:00,448.9,38.6,29.9,5.44,0.56,0.17,93.6,0.946,26.1,111.5,CRITICAL,Slow Saturation,CRITICAL
2026-07-16 14:30:00,444.2,36.6,30.5,5.32,0.54,0.13,94.6,0.965,67.7,280.8,MEDIUM,Slow Saturation,CRITICAL
2026-07-16 15:00:00,426.8,36.4,64.3,5.34,0.52,0.17,92.8,0.952,50.0,207.3,HIGH,Slow Saturation,CRITICAL
2026-07-16 15:30:00,448.1,35.1,47.7,5.27,0.54,0.17,94.8,0.973,35.2,156.1,CRITICAL,Slow Saturation,CRITICAL
2026-07-16 16:00:00,432.9,37.0,45.4,5.3,0.54,0.12,94.2,0.955,151.2,587.8,LOW,Slow Saturation,CRITICAL
2026-07-16 16:30:00,438.7,34.5,36.4,5.41,0.52,0.08,94.6,0.956,123.4,939.4,LOW,Slow Saturation,CRITICAL
2026-07-16 17:00:00,417.0,33.3,32.2,5.25,0.5,0.09,93.7,0.966,153.1,862.7,LOW,Slow Saturation,CRITICAL
2026-07-16 17:30:00,450.2,39.8,63.8,5.42,0.55,0.15,92.4,0.936,63.8,473.6,MEDIUM,Slow Saturation,CRITICAL
2026-07-16 18:00:00,435.1,35.6,48.0,5.29,0.54,0.12,95.4,0.975,37.8,290.9,HIGH,Slow Saturation,CRITICAL
2026-07-16 18:30:00,432.4,36.1,66.0,5.35,0.55,0.15,94.1,0.947,149.0,584.8,LOW,Slow Saturation,CRITICAL
2026-07-16 19:00:00,421.2,37.6,67.1,5.24,0.52,0.13,94.5,0.949,34.2,208.4,HIGH,Slow Saturation,CRITICAL
2026-07-16 19:30:00,425.3,38.5,69.1,5.25,0.52,0.14,95.3,0.949,105.0,594.6,LOW,Slow Saturation,CRITICAL
2026-07-16 20:00:00,418.4,39.1,67.8,5.31,0.57,0.11,94.5,0.943,117.2,1000.2,LOW,Slow Saturation,CRITICAL
2026-07-16 20:30:00,431.2,35.3,37.6,5.29,0.5,0.08,93.9,0.97,166.8,419.9,LOW,Slow Saturation,CRITICAL
2026-07-16 21:00:00,436.2,32.8,55.7,5.13,0.52,0.09,95.9,0.957,61.1,220.2,HIGH,Slow Saturation,CRITICAL
2026-07-16 21:30:00,429.7,32.9,30.6,5.23,0.49,0.16,92.6,0.95,31.2,125.0,CRITICAL,Slow Saturation,CRITICAL
2026-07-16 22:00:00,441.4,39.2,30.5,5.23,0.49,0.09,94.7,0.96,94.1,802.8,LOW,Slow Saturation,CRITICAL
2026-07-16 22:30:00,434.6,36.0,57.5,5.14,0.5,0.07,92.1,0.955,81.1,955.7,LOW,Slow Saturation,CRITICAL
2026-07-16 23:00:00,426.2,38.6,74.2,5.18,0.53,0.15,95.3,0.966,90.9,875.2,LOW,Slow Saturation,CRITICAL
2026-07-16 23:30:00,438.0,36.7,42.4,5.36,0.49,0.1,94.7,0.967,91.2,1033.1,LOW,Slow Saturation,CRITICAL
2026-07-17 00:00:00,442.3,35.1,56.4,5.16,0.5,0.16,94.2,0.946,62.5,514.0,MEDIUM,Slow Saturation,CRITICAL
2026-07-17 00:30:00,426.0,33.8,64.4,5.38,0.56,0.13,91.9,0.946,30.2,172.1,CRITICAL,Slow Saturation,CRITICAL
2026-07-17 01:00:00,425.9,34.1,50.3,5.28,0.52,0.08,94.5,0.953,77.9,440.8,MEDIUM,Slow Saturation,CRITICAL
2026-07-17 01:30:00,411.7,32.3,47.4,5.29,0.56,0.1,93.4,0.962,23.8,127.4,CRITICAL,Slow Saturation,CRITICAL
2026-07-17 02:00:00,435.9,33.2,76.2,5.07,0.55,0.09,91.8,0.93,62.9,349.9,MEDIUM,Slow Saturation,CRITICAL
2026-07-17 02:30:00,430.4,37.5,30.8,5.12,0.49,0.11,91.5,0.933,128.8,512.1,LOW,Slow Saturation,CRITICAL
2026-07-17 03:00:00,428.6,37.8,70.3,5.17,0.54,0.16,92.5,0.95,21.1,16.0,CRITICAL,Slow Saturation,CRITICAL
2026-07-17 03:30:00,418.8,38.6,66.6,5.17,0.49,0.08,95.2,0.973,70.3,202.6,HIGH,Slow Saturation,CRITICAL
2026-07-17 04:00:00,433.1,38.2,38.2,5.09,0.54,0.09,92.8,0.951,30.6,82.1,CRITICAL,Slow Saturation,CRITICAL
2026-07-17 04:30:00,423.6,33.5,36.6,5.1,0.55,0.08,92.5,0.946,42.0,292.9,HIGH,Slow Saturation,CRITICAL
2026-07-17 05:00:00,406.5,35.2,46.9,5.14,0.54,0.13,91.3,0.929,49.8,249.7,HIGH,Slow Saturation,CRITICAL
2026-07-17 05:30:00,422.4,32.7,77.8,5.08,0.56,0.15,94.8,0.964,115.8,1086.1,LOW,Slow Saturation,CRITICAL
2026-07-17 06:00:00,427.4,38.7,61.9,5.29,0.5,0.13,92.2,0.948,159.3,711.6,LOW,Slow Saturation,CRITICAL
2026-07-17 06:30:00,416.0,36.0,58.3,5.19,0.52,0.09,94.8,0.956,52.2,385.0,MEDIUM,Slow Saturation,CRITICAL
2026-07-17 07:00:00,428.6,37.0,42.7,5.12,0.52,0.07,92.0,0.953,38.2,207.9,HIGH,Slow Saturation,CRITICAL
2026-07-17 07:30:00,434.6,36.0,74.6,5.09,0.53,0.1,93.3,0.935,143.6,740.7,LOW,Slow Saturation,CRITICAL
2026-07-17 08:00:00,401.8,33.8,60.3,5.07,0.54,0.1,92.8,0.961,168.8,848.8,LOW,Slow Saturation,CRITICAL
2026-07-17 08:30:00,421.7,36.8,62.3,5.13,0.5,0.1,90.6,0.921,162.5,402.5,LOW,Slow Saturation,CRITICAL
2026-07-17 09:00:00,407.1,32.7,59.6,5.24,0.47,0.13,94.3,0.947,52.9,153.6,HIGH,Slow Saturation,CRITICAL
2026-07-17 09:30:00,407.9,36.7,42.8,5.07,0.48,0.09,92.3,0.949,122.0,553.9,LOW,Slow Saturation,CRITICAL
2026-07-17 10:00:00,412.8,38.4,30.7,5.13,0.48,0.11,93.4,0.96,143.5,964.7,LOW,Slow Saturation,CRITICAL
2026-07-17 10:30:00,428.2,34.2,27.6,5.15,0.53,0.16,91.0,0.942,137.7,543.0,LOW,Slow Saturation,CRITICAL
2026-07-17 11:00:00,418.9,34.1,50.1,5.11,0.47,0.08,90.9,0.931,44.8,125.5,HIGH,Slow Saturation,CRITICAL
2026-07-17 11:30:00,429.6,34.9,64.2,5.07,0.54,0.16,92.2,0.942,122.9,791.2,LOW,Slow Saturation,CRITICAL
2026-07-17 12:00:00,410.1,37.9,28.5,5.08,0.51,0.08,91.2,0.931,170.0,891.7,LOW,Slow Saturation,CRITICAL
2026-07-17 12:30:00,420.4,36.2,51.9,5.17,0.52,0.16,91.0,0.933,18.0,181.7,CRITICAL,Slow Saturation,CRITICAL
2026-07-17 13:00:00,418.1,36.2,61.6,5.15,0.48,0.11,91.0,0.937,116.2,1063.8,LOW,Slow Saturation,CRITICAL
2026-07-17 13:30:00,417.5,36.7,27.1,5.11,0.54,0.1,93.5,0.962,101.7,491.6,LOW,Slow Saturation,CRITICAL
2026-07-17 14:00:00,404.9,33.0,69.5,5.05,0.54,0.13,91.1,0.931,83.2,1007.3,LOW,Slow Saturation,CRITICAL
2026-07-17 14:30:00,421.0,35.7,31.0,5.15,0.49,0.08,93.5,0.959,80.8,581.1,LOW,Slow Saturation,CRITICAL
2026-07-17 15:00:00,395.7,31.2,68.8,5.11,0.52,0.12,92.7,0.961,41.5,281.1,HIGH,Slow Saturation,CRITICAL
2026-07-17 15:30:00,425.8,32.4,36.6,4.97,0.49,0.14,89.9,0.931,43.6,446.4,MEDIUM,Slow Saturation,HIGH
2026-07-17 16:00:00,414.0,34.0,73.2,4.96,0.51,0.15,90.8,0.923,77.3,239.0,MEDIUM,Slow Saturation,HIGH
2026-07-17 16:30:00,415.0,34.4,56.8,5.13,0.46,0.07,89.6,0.917,112.8,1090.7,LOW,Slow Saturation,CRITICAL
2026-07-17 17:00:00,412.0,31.1,53.5,5.17,0.54,0.14,91.3,0.922,70.3,304.7,MEDIUM,Slow Saturation,CRITICAL
2026-07-17 17:30:00,418.9,38.0,72.6,5.0,0.54,0.13,89.6,0.918,73.6,262.0,MEDIUM,Slow Saturation,CRITICAL
2026-07-17 18:00:00,415.1,35.8,50.0,5.06,0.53,0.07,92.8,0.933,60.3,420.7,MEDIUM,Slow Saturation,CRITICAL
2026-07-17 18:30:00,412.2,35.2,45.4,4.93,0.49,0.1,93.2,0.959,177.7,959.5,LOW,Slow Saturation,HIGH
2026-07-17 19:00:00,416.8,31.2,44.9,5.05,0.48,0.1,90.8,0.916,118.0,411.0,LOW,Slow Saturation,CRITICAL
2026-07-17 19:30:00,422.5,37.3,74.6,5.08,0.53,0.15,90.3,0.925,45.7,181.6,HIGH,Slow Saturation,CRITICAL
2026-07-17 20:00:00,405.0,36.7,55.9,4.95,0.46,0.14,91.7,0.938,106.9,1006.1,LOW,Slow Saturation,HIGH
2026-07-17 20:30:00,409.9,31.5,49.4,5.08,0.47,0.08,91.6,0.926,27.5,104.2,CRITICAL,Slow Saturation,CRITICAL
2026-07-17 21:00:00,417.7,37.2,34.5,4.92,0.51,0.08,90.8,0.938,167.3,442.3,LOW,Slow Saturation,HIGH
2026-07-17 21:30:00,388.7,35.7,53.9,5.12,0.51,0.15,91.9,0.928,115.9,833.0,LOW,Slow Saturation,CRITICAL
2026-07-17 22:00:00,398.3,35.7,63.4,5.09,0.5,0.11,92.0,0.936,50.7,169.7,HIGH,Slow Saturation,CRITICAL
2026-07-17 22:30:00,417.1,35.7,30.7,4.94,0.51,0.07,92.1,0.928,177.1,782.7,LOW,Slow Saturation,HIGH
2026-07-17 23:00:00,413.3,34.2,29.3,4.93,0.53,0.09,91.3,0.919,149.8,739.8,LOW,Slow Saturation,HIGH
2026-07-17 23:30:00,401.9,33.2,37.6,5.1,0.48,0.07,91.9,0.943,98.5,691.8,LOW,Slow Saturation,CRITICAL
2026-07-18 00:00:00,410.5,35.0,33.6,4.9,0.5,0.12,92.4,0.946,33.4,219.4,HIGH,Slow Saturation,HIGH
2026-07-18 00:30:00,399.1,36.1,50.9,5.1,0.5,0.09,89.7,0.929,155.2,508.0,LOW,Slow Saturation,CRITICAL
2026-07-18 01:00:00,383.0,35.2,68.1,4.94,0.52,0.07,89.8,0.931,182.3,844.4,LOW,Slow Saturation,HIGH
2026-07-18 01:30:00,392.4,34.1,77.5,5.02,0.5,0.16,89.8,0.935,103.3,562.3,LOW,Slow Saturation,CRITICAL
2026-07-18 02:00:00,393.7,36.2,36.1,4.96,0.45,0.13,91.3,0.941,159.0,882.2,LOW,Slow Saturation,HIGH
2026-07-18 02:30:00,403.6,31.1,34.4,4.84,0.46,0.07,91.0,0.931,139.2,356.8,LOW,Slow Saturation,HIGH
2026-07-18 03:00:00,413.2,34.9,55.8,4.9,0.45,0.15,91.3,0.942,172.2,422.0,LOW,Slow Saturation,HIGH
2026-07-18 03:30:00,412.3,30.4,35.2,5.05,0.49,0.11,90.4,0.943,81.9,375.5,MEDIUM,Slow Saturation,CRITICAL
2026-07-18 04:00:00,410.8,34.8,51.3,4.96,0.49,0.09,91.0,0.924,125.9,933.3,LOW,Slow Saturation,HIGH
2026-07-18 04:30:00,399.6,31.9,59.7,4.77,0.47,0.07,89.7,0.934,127.7,732.3,LOW,Slow Saturation,HIGH
2026-07-18 05:00:00,385.7,33.9,55.6,4.8,0.5,0.13,89.6,0.907,123.5,675.2,LOW,Slow Saturation,HIGH
2026-07-18 05:30:00,407.2,30.3,31.0,4.98,0.5,0.07,87.7,0.91,108.2,752.3,LOW,Slow Saturation,HIGH
2026-07-18 06:00:00,395.2,33.5,51.2,4.77,0.5,0.13,90.5,0.939,179.1,1023.2,LOW,Slow Saturation,HIGH
2026-07-18 06:30:00,393.5,31.0,56.9,4.76,0.5,0.06,88.2,0.901,39.9,361.9,HIGH,Slow Saturation,HIGH
2026-07-18 07:00:00,391.2,36.6,27.6,4.84,0.46,0.11,91.1,0.944,12.0,76.6,CRITICAL,Slow Saturation,CRITICAL
2026-07-18 07:30:00,395.9,35.2,52.7,4.92,0.47,0.11,89.4,0.935,182.6,614.1,LOW,Slow Saturation,HIGH
2026-07-18 08:00:00,400.8,30.3,36.6,4.79,0.45,0.07,90.5,0.93,177.6,801.6,LOW,Slow Saturation,HIGH
2026-07-18 08:30:00,393.3,30.5,44.3,4.81,0.43,0.08,90.7,0.921,81.2,412.4,MEDIUM,Slow Saturation,HIGH
2026-07-18 09:00:00,389.6,34.4,47.8,4.99,0.43,0.12,89.8,0.916,45.3,280.0,HIGH,Slow Saturation,HIGH
2026-07-18 09:30:00,384.8,33.7,68.3,4.81,0.44,0.15,87.0,0.908,116.4,408.1,LOW,Slow Saturation,HIGH
2026-07-18 10:00:00,371.8,33.3,31.3,4.77,0.48,0.09,87.9,0.897,162.3,519.3,LOW,Slow Saturation,HIGH
2026-07-18 10:30:00,382.0,36.2,45.2,4.72,0.43,0.14,89.7,0.907,65.0,473.2,MEDIUM,Slow Saturation,HIGH
2026-07-18 11:00:00,398.4,34.2,53.1,4.93,0.47,0.11,87.4,0.905,175.7,642.2,LOW,Slow Saturation,HIGH
2026-07-18 11:30:00,386.0,36.1,64.1,4.8,0.48,0.13,87.1,0.898,13.6,120.3,CRITICAL,Slow Saturation,HIGH
2026-07-18 12:00:00,392.5,31.9,32.1,4.94,0.43,0.12,89.4,0.909,55.1,381.7,MEDIUM,Slow Saturation,HIGH
2026-07-18 12:30:00,394.0,36.1,35.0,4.77,0.47,0.08,90.2,0.933,164.5,960.5,LOW,Slow Saturation,HIGH
2026-07-18 13:00:00,379.6,35.8,70.1,4.66,0.45,0.06,89.3,0.914,175.5,473.8,LOW,Slow Saturation,HIGH
2026-07-18 13:30:00,381.9,33.0,64.1,4.75,0.5,0.14,88.3,0.898,138.4,709.7,LOW,Slow Saturation,HIGH
2026-07-18 14:00:00,388.4,35.2,77.3,4.89,0.45,0.11,89.2,0.919,135.5,876.9,LOW,Slow Saturation,HIGH
2026-07-18 14:30:00,396.6,34.2,38.1,4.77,0.49,0.14,88.5,0.922,117.1,1073.5,LOW,Slow Saturation,HIGH
2026-07-18 15:00:00,370.5,32.6,71.3,4.76,0.42,0.13,89.8,0.929,85.1,634.3,LOW,Slow Saturation,HIGH
2026-07-18 15:30:00,370.7,35.3,31.3,4.63,0.46,0.12,87.1,0.899,62.8,211.6,HIGH,Slow Saturation,HIGH
2026-07-18 16:00:00,371.9,30.3,54.9,4.84,0.5,0.11,86.0,0.903,92.1,813.3,LOW,Slow Saturation,HIGH
2026-07-18 16:30:00,372.0,33.1,43.8,4.85,0.45,0.05,86.5,0.898,73.3,163.6,HIGH,Slow Saturation,HIGH
2026-07-18 17:00:00,365.2,32.3,29.7,4.62,0.42,0.09,88.3,0.912,51.1,290.0,HIGH,Slow Saturation,HIGH
2026-07-18 17:30:00,387.5,29.9,47.6,4.82,0.42,0.09,86.3,0.891,73.2,306.6,MEDIUM,Slow Saturation,HIGH
2026-07-18 18:00:00,365.0,30.0,70.5,4.78,0.41,0.08,89.1,0.914,39.7,205.6,HIGH,Slow Saturation,HIGH
2026-07-18 18:30:00,372.4,30.4,59.8,4.77,0.46,0.12,86.7,0.9,144.2,1011.3,LOW,Slow Saturation,HIGH
2026-07-18 19:00:00,370.6,34.4,73.2,4.55,0.42,0.05,86.0,0.895,98.5,925.5,LOW,Slow Saturation,HIGH
2026-07-18 19:30:00,390.4,30.9,60.5,4.63,0.47,0.09,87.2,0.896,143.6,535.8,LOW,Slow Saturation,HIGH
2026-07-18 20:00:00,382.4,30.2,51.8,4.61,0.48,0.14,88.5,0.903,46.3,423.8,MEDIUM,Slow Saturation,HIGH
2026-07-18 20:30:00,361.2,31.9,61.6,4.71,0.5,0.1,86.0,0.905,34.9,22.9,CRITICAL,Slow Saturation,HIGH
2026-07-18 21:00:00,375.7,31.3,73.4,4.64,0.41,0.05,86.2,0.912,121.6,523.6,LOW,Slow Saturation,HIGH
2026-07-18 21:30:00,375.9,31.8,50.0,4.59,0.43,0.07,86.3,0.892,84.3,589.9,LOW,Slow Saturation,HIGH
2026-07-18 22:00:00,378.7,28.6,27.2,4.77,0.42,0.09,85.2,0.875,44.0,527.8,MEDIUM,Slow Saturation,HIGH
2026-07-18 22:30:00,352.4,28.8,40.9,4.59,0.45,0.13,87.7,0.903,74.5,454.9,MEDIUM,Slow Saturation,HIGH
2026-07-18 23:00:00,358.5,32.6,44.4,4.53,0.44,0.13,87.6,0.908,32.8,135.2,CRITICAL,Slow Saturation,HIGH
2026-07-18 23:30:00,375.1,29.4,59.0,4.64,0.48,0.05,85.9,0.907,137.5,1092.2,LOW,Slow Saturation,HIGH
2026-07-19 00:00:00,356.4,28.3,62.5,4.74,0.45,0.07,87.9,0.9,168.9,1081.3,LOW,Slow Saturation,HIGH
2026-07-19 00:30:00,380.9,32.9,48.3,4.74,0.4,0.08,86.4,0.911,15.8,137.8,CRITICAL,Slow Saturation,HIGH
2026-07-19 01:00:00,368.1,28.2,31.6,4.68,0.47,0.11,85.9,0.901,130.5,1002.7,LOW,Slow Saturation,HIGH
2026-07-19 01:30:00,361.0,33.1,33.5,4.53,0.47,0.08,84.9,0.902,39.7,213.7,HIGH,Slow Saturation,HIGH
2026-07-19 02:00:00,362.7,33.3,70.6,4.53,0.46,0.09,85.0,0.894,134.5,764.1,LOW,Slow Saturation,HIGH
2026-07-19 02:30:00,347.4,29.4,27.2,4.71,0.41,0.13,85.1,0.876,148.8,831.8,LOW,Slow Saturation,HIGH
2026-07-19 03:00:00,345.3,31.4,67.7,4.54,0.43,0.1,84.3,0.871,134.0,762.0,LOW,Slow Saturation,HIGH
2026-07-19 03:30:00,355.9,31.9,46.1,4.67,0.4,0.12,84.7,0.892,179.0,482.6,LOW,Slow Saturation,HIGH
2026-07-19 04:00:00,371.0,34.4,52.7,4.63,0.46,0.05,85.3,0.905,125.1,1002.5,LOW,Slow Saturation,HIGH
2026-07-19 04:30:00,350.7,33.2,53.4,4.65,0.42,0.09,86.7,0.905,38.9,219.6,HIGH,Slow Saturation,HIGH
2026-07-19 05:00:00,345.6,33.7,43.9,4.65,0.41,0.05,84.3,0.886,96.9,897.1,LOW,Slow Saturation,HIGH
2026-07-19 05:30:00,347.7,28.5,25.8,4.41,0.42,0.1,83.8,0.882,54.4,510.9,MEDIUM,Slow Saturation,HIGH
2026-07-19 06:00:00,366.2,31.0,29.9,4.49,0.46,0.1,83.5,0.891,155.0,922.6,LOW,Slow Saturation,HIGH
2026-07-19 06:30:00,342.9,29.0,27.0,4.38,0.4,0.1,87.2,0.904,177.7,429.8,LOW,Slow Saturation,HIGH
2026-07-19 07:00:00,346.3,32.2,42.3,4.5,0.43,0.09,83.8,0.883,69.4,186.4,HIGH,Slow Saturation,HIGH
2026-07-19 07:30:00,342.8,31.5,60.6,4.45,0.46,0.04,85.2,0.87,156.7,456.4,LOW,Slow Saturation,HIGH
2026-07-19 08:00:00,342.9,30.1,25.9,4.61,0.44,0.06,84.6,0.893,165.0,967.1,LOW,Slow Saturation,HIGH
2026-07-19 08:30:00,340.5,27.8,33.4,4.53,0.47,0.07,83.4,0.856,171.7,1039.9,LOW,Slow Saturation,HIGH
2026-07-19 09:00:00,354.7,28.2,56.0,4.38,0.44,0.1,85.5,0.904,64.2,471.6,MEDIUM,Slow Saturation,HIGH
2026-07-19 09:30:00,358.6,33.3,29.9,4.54,0.47,0.11,83.0,0.868,12.4,206.3,CRITICAL,Slow Saturation,HIGH
2026-07-19 10:00:00,348.3,29.1,58.6,4.46,0.45,0.11,82.9,0.859,112.0,1069.7,LOW,Slow Saturation,HIGH
2026-07-19 10:30:00,340.2,33.8,29.2,4.44,0.41,0.06,85.3,0.876,83.6,945.1,LOW,Slow Saturation,HIGH
2026-07-19 11:00:00,341.7,31.3,66.2,4.46,0.42,0.08,84.6,0.873,154.1,638.5,LOW,Slow Saturation,HIGH
2026-07-19 11:30:00,356.6,30.7,46.4,4.36,0.44,0.1,82.4,0.871,183.9,362.9,LOW,Slow Saturation,HIGH
2026-07-19 12:00:00,333.6,33.1,74.2,4.55,0.41,0.12,85.5,0.881,63.0,182.0,HIGH,Slow Saturation,HIGH
2026-07-19 12:30:00,339.2,33.0,74.9,4.32,0.45,0.04,86.0,0.899,133.8,633.1,LOW,Slow Saturation,HIGH
2026-07-19 13:00:00,354.5,29.1,74.5,4.52,0.43,0.04,85.6,0.877,17.2,89.9,CRITICAL,Slow Saturation,HIGH
2026-07-19 13:30:00,357.6,30.4,28.3,4.48,0.39,0.05,85.0,0.874,132.9,574.6,LOW,Slow Saturation,HIGH
2026-07-19 14:00:00,352.7,31.9,41.9,4.52,0.4,0.04,82.0,0.862,141.9,727.5,LOW,Slow Saturation,HIGH
2026-07-19 14:30:00,358.2,31.1,67.6,4.52,0.42,0.11,83.8,0.863,134.7,667.8,LOW,Slow Saturation,HIGH
2026-07-19 15:00:00,361.0,29.9,74.9,4.42,0.38,0.05,82.6,0.859,43.8,440.8,MEDIUM,Slow Saturation,HIGH
2026-07-19 15:30:00,342.4,31.9,68.0,4.48,0.4,0.09,82.3,0.864,151.0,835.0,LOW,Slow Saturation,HIGH
2026-07-19 16:00:00,346.3,26.7,29.9,4.31,0.44,0.03,83.7,0.865,23.3,137.4,CRITICAL,Slow Saturation,HIGH
2026-07-19 16:30:00,346.8,30.0,40.3,4.51,0.37,0.05,83.7,0.884,109.5,942.7,LOW,Slow Saturation,HIGH
2026-07-19 17:00:00,323.9,32.7,40.5,4.32,0.4,0.05,82.1,0.833,142.1,894.3,LOW,Slow Saturation,HIGH
2026-07-19 17:30:00,337.1,26.7,60.7,4.44,0.43,0.04,81.8,0.869,113.6,636.6,LOW,Slow Saturation,HIGH
2026-07-19 18:00:00,327.3,28.0,68.4,4.22,0.41,0.11,84.0,0.867,165.0,955.6,LOW,Slow Saturation,HIGH
2026-07-19 18:30:00,354.9,27.0,64.1,4.37,0.41,0.1,84.7,0.89,71.1,457.7,MEDIUM,Slow Saturation,HIGH
2026-07-19 19:00:00,335.5,31.8,42.8,4.29,0.44,0.1,81.8,0.848,117.6,406.2,LOW,Slow Saturation,HIGH
2026-07-19 19:30:00,347.8,29.2,56.7,4.33,0.37,0.11,84.7,0.873,147.2,415.4,LOW,Slow Saturation,HIGH
2026-07-19 20:00:00,324.4,32.2,40.3,4.18,0.39,0.06,81.4,0.829,145.5,543.5,LOW,Slow Saturation,HIGH
2026-07-19 20:30:00,340.7,31.8,37.3,4.32,0.37,0.04,80.8,0.849,160.6,650.7,LOW,Slow Saturation,HIGH
2026-07-19 21:00:00,330.0,26.5,71.7,4.25,0.43,0.12,83.3,0.872,99.5,547.1,LOW,Slow Saturation,HIGH
2026-07-19 21:30:00,338.9,29.9,59.4,4.38,0.42,0.05,80.5,0.858,159.6,568.0,LOW,Slow Saturation,HIGH
2026-07-19 22:00:00,329.1,26.0,44.7,4.26,0.4,0.03,82.9,0.846,167.7,698.6,LOW,Slow Saturation,HIGH
2026-07-19 22:30:00,347.0,31.8,61.9,4.21,0.42,0.04,81.5,0.846,184.4,714.7,LOW,Slow Saturation,HIGH
2026-07-19 23:00:00,315.3,27.3,48.6,4.3,0.37,0.07,81.4,0.842,17.4,138.2,CRITICAL,Slow Saturation,HIGH
2026-07-19 23:30:00,328.2,27.8,72.5,4.36,0.4,0.03,83.8,0.859,130.3,552.4,LOW,Slow Saturation,HIGH
2026-07-20 00:00:00,326.5,25.7,28.2,4.35,0.38,0.09,82.0,0.853,127.8,544.6,LOW,Slow Saturation,HIGH
2026-07-20 00:30:00,323.4,31.5,28.6,4.18,0.42,0.04,81.5,0.853,94.3,866.6,LOW,Slow Saturation,HIGH
2026-07-20 01:00:00,334.9,27.6,60.0,4.31,0.39,0.02,82.1,0.844,25.5,151.9,CRITICAL,Slow Saturation,HIGH
2026-07-20 01:30:00,342.7,31.9,40.6,4.16,0.42,0.09,80.2,0.85,91.3,460.6,LOW,Slow Saturation,HIGH
2026-07-20 02:00:00,323.2,31.8,29.6,4.19,0.4,0.02,82.9,0.864,33.7,107.1,CRITICAL,Slow Saturation,HIGH
2026-07-20 02:30:00,342.4,26.4,28.7,4.1,0.38,0.07,80.9,0.866,72.2,529.5,LOW,Slow Saturation,HIGH
2026-07-20 03:00:00,335.8,25.0,53.6,4.19,0.35,0.11,82.8,0.876,133.0,836.7,LOW,Slow Saturation,HIGH
2026-07-20 03:30:00,325.5,27.3,45.0,4.06,0.39,0.09,79.9,0.83,86.1,482.7,LOW,Slow Saturation,HIGH
2026-07-20 04:00:00,335.3,27.4,51.8,4.11,0.41,0.06,81.6,0.855,172.0,992.7,LOW,Slow Saturation,HIGH
2026-07-20 04:30:00,327.6,25.4,65.5,4.16,0.4,0.06,82.0,0.865,172.4,424.8,LOW,Slow Saturation,HIGH
2026-07-20 05:00:00,314.2,24.8,53.8,4.14,0.38,0.04,80.5,0.826,45.8,321.9,HIGH,Slow Saturation,HIGH
2026-07-20 05:30:00,317.6,30.9,73.8,4.22,0.41,0.09,78.9,0.807,76.8,216.3,MEDIUM,Slow Saturation,HIGH
2026-07-20 06:00:00,331.7,26.3,69.2,4.06,0.41,0.06,82.3,0.847,83.7,361.6,MEDIUM,Slow Saturation,HIGH
2026-07-20 06:30:00,330.2,30.1,42.9,4.27,0.39,0.05,82.6,0.844,53.8,538.6,MEDIUM,Slow Saturation,HIGH
2026-07-20 07:00:00,328.7,30.2,57.0,4.16,0.39,0.03,82.4,0.843,42.1,508.8,MEDIUM,Slow Saturation,HIGH
2026-07-20 07:30:00,327.9,25.0,46.2,4.2,0.38,0.08,81.8,0.848,120.5,545.2,LOW,Slow Saturation,HIGH
2026-07-20 08:00:00,302.3,25.7,72.7,4.13,0.37,0.08,78.4,0.806,134.4,1040.4,LOW,Slow Saturation,HIGH
2026-07-20 08:30:00,302.7,29.4,43.2,4.05,0.38,0.08,79.2,0.797,167.3,572.7,LOW,Slow Saturation,HIGH
2026-07-20 09:00:00,324.8,29.6,36.1,4.02,0.4,0.08,81.9,0.847,120.5,828.8,LOW,Slow Saturation,HIGH
2026-07-20 09:30:00,317.3,27.3,28.7,4.19,0.34,0.04,78.4,0.817,97.5,621.0,LOW,Slow Saturation,HIGH
2026-07-20 10:00:00,296.4,27.4,43.6,3.94,0.34,0.11,80.7,0.828,76.9,254.8,MEDIUM,Slow Saturation,HIGH
2026-07-20 10:30:00,295.1,25.2,65.3,4.09,0.35,0.07,77.9,0.808,180.8,1095.3,LOW,Slow Saturation,HIGH
2026-07-20 11:00:00,299.5,27.7,55.2,3.96,0.4,0.1,77.8,0.797,16.0,119.9,CRITICAL,Slow Saturation,HIGH
2026-07-20 11:30:00,300.7,24.6,68.3,4.11,0.36,0.03,81.4,0.814,58.3,327.1,MEDIUM,Slow Saturation,HIGH
2026-07-20 12:00:00,302.5,27.6,41.3,4.04,0.39,0.06,79.1,0.824,45.4,194.4,HIGH,Slow Saturation,HIGH
2026-07-20 12:30:00,305.1,25.6,69.3,3.97,0.38,0.09,80.6,0.828,177.0,715.9,LOW,Slow Saturation,HIGH
2026-07-20 13:00:00,319.1,28.8,45.2,3.99,0.38,0.07,79.6,0.837,76.7,392.1,MEDIUM,Slow Saturation,HIGH
2026-07-20 13:30:00,307.6,23.8,31.8,4.1,0.38,0.04,79.8,0.804,179.0,614.2,LOW,Slow Saturation,HIGH
2026-07-20 14:00:00,316.5,25.8,32.4,4.04,0.35,0.02,78.6,0.801,146.9,441.7,LOW,Slow Saturation,HIGH
2026-07-20 14:30:00,304.2,25.7,23.6,4.01,0.39,0.1,78.5,0.8,116.1,745.4,LOW,Slow Saturation,HIGH
2026-07-20 15:00:00,318.0,27.6,37.5,4.1,0.4,0.01,78.6,0.804,142.8,588.3,LOW,Slow Saturation,HIGH
2026-07-20 15:30:00,303.7,28.9,33.2,3.86,0.41,0.05,77.5,0.792,68.5,284.6,MEDIUM,Slow Saturation,HIGH
2026-07-20 16:00:00,315.4,27.7,37.8,3.9,0.41,0.1,80.0,0.828,81.7,1021.9,LOW,Slow Saturation,HIGH
2026-07-20 16:30:00,287.0,27.7,25.0,4.02,0.33,0.09,77.7,0.801,142.4,650.3,LOW,Slow Saturation,HIGH
2026-07-20 17:00:00,297.4,27.4,39.2,4.05,0.38,0.05,80.3,0.816,33.0,91.7,CRITICAL,Slow Saturation,HIGH
2026-07-20 17:30:00,283.2,23.4,24.4,3.99,0.32,0.04,78.1,0.792,41.4,202.2,HIGH,Slow Saturation,HIGH
2026-07-20 18:00:00,316.6,29.3,42.0,3.85,0.4,0.09,79.4,0.835,31.2,209.2,HIGH,Slow Saturation,HIGH
2026-07-20 18:30:00,309.5,27.2,39.9,3.81,0.34,0.02,78.0,0.792,33.8,191.7,HIGH,Slow Saturation,HIGH
2026-07-20 19:00:00,294.7,29.6,69.0,3.92,0.35,0.02,78.4,0.807,126.4,1082.3,LOW,Slow Saturation,HIGH
2026-07-20 19:30:00,288.6,24.4,60.8,3.92,0.34,0.01,79.4,0.796,126.1,901.5,LOW,Slow Saturation,HIGH
2026-07-20 20:00:00,280.6,29.5,26.8,3.99,0.31,0.02,76.6,0.766,30.1,57.8,CRITICAL,Slow Saturation,HIGH
2026-07-20 20:30:00,304.2,28.7,50.2,3.78,0.34,0.05,77.8,0.804,170.1,514.1,LOW,Slow Saturation,HIGH
2026-07-20 21:00:00,294.7,28.7,73.4,3.81,0.38,0.02,76.3,0.778,65.1,494.0,MEDIUM,Slow Saturation,HIGH
2026-07-20 21:30:00,302.0,28.7,30.3,3.77,0.33,0.09,75.6,0.787,126.5,689.5,LOW,Slow Saturation,HIGH
2026-07-20 22:00:00,290.1,23.1,70.8,3.86,0.32,0.05,75.6,0.767,59.2,162.1,HIGH,Slow Saturation,HIGH
2026-07-20 22:30:00,284.4,25.4,60.7,3.86,0.34,0.06,77.3,0.788,87.0,860.9,LOW,Slow Saturation,HIGH
2026-07-20 23:00:00,275.1,23.9,72.4,3.71,0.31,0.03,75.6,0.768,51.2,386.7,MEDIUM,Slow Saturation,HIGH
2026-07-20 23:30:00,298.1,23.0,42.9,3.74,0.38,0.03,78.3,0.807,72.1,243.8,MEDIUM,Slow Saturation,HIGH
2026-07-21 00:00:00,289.2,22.9,60.7,3.76,0.36,0.05,78.6,0.799,53.3,255.5,HIGH,Slow Saturation,HIGH
2026-07-21 00:30:00,275.6,28.5,32.2,3.76,0.3,0.05,75.6,0.75,57.6,153.1,HIGH,Slow Saturation,HIGH
2026-07-21 01:00:00,303.7,26.2,66.8,3.73,0.35,0.05,75.2,0.787,153.7,775.5,LOW,Slow Saturation,HIGH
2026-07-21 01:30:00,274.8,25.7,65.9,3.73,0.31,0.01,77.6,0.794,90.3,901.1,LOW,Slow Saturation,HIGH
2026-07-21 02:00:00,280.8,25.4,35.8,3.85,0.3,0.03,78.1,0.802,146.0,992.7,LOW,Slow Saturation,HIGH
2026-07-21 02:30:00,291.2,22.7,53.4,3.92,0.36,-0.0,77.9,0.805,126.1,456.2,LOW,Slow Saturation,HIGH
2026-07-21 03:00:00,300.4,27.0,35.1,3.67,0.33,0.07,78.2,0.801,122.5,1074.1,LOW,Slow Saturation,HIGH
2026-07-21 03:30:00,281.1,28.1,57.6,3.69,0.38,0.05,77.0,0.79,165.6,643.3,LOW,Slow Saturation,HIGH
2026-07-21 04:00:00,266.0,23.9,74.0,3.78,0.34,0.03,75.9,0.757,90.7,1076.1,LOW,Slow Saturation,HIGH
2026-07-21 04:30:00,281.1,28.4,37.3,3.63,0.35,0.04,77.9,0.794,119.9,848.2,LOW,Slow Saturation,HIGH
2026-07-21 05:00:00,263.3,27.2,37.2,3.76,0.29,0.02,74.2,0.738,64.9,305.0,MEDIUM,Slow Saturation,HIGH
2026-07-21 05:30:00,274.2,23.3,22.3,3.77,0.31,0.08,76.9,0.778,38.8,157.0,HIGH,Slow Saturation,HIGH
2026-07-21 06:00:00,281.5,22.8,74.0,3.7,0.29,0.02,75.1,0.757,152.4,827.8,LOW,Slow Saturation,HIGH
2026-07-21 06:30:00,269.3,22.1,72.4,3.72,0.31,0.02,76.3,0.762,67.8,368.6,MEDIUM,Slow Saturation,HIGH
2026-07-21 07:00:00,278.7,22.3,32.5,3.71,0.31,0.0,76.0,0.775,106.4,632.0,LOW,Slow Saturation,HIGH
2026-07-21 07:30:00,273.9,22.2,44.8,3.75,0.31,0.09,75.3,0.772,86.0,665.4,LOW,Slow Saturation,HIGH
2026-07-21 08:00:00,291.0,25.1,23.5,3.71,0.32,0.07,74.5,0.764,54.0,340.2,MEDIUM,Slow Saturation,HIGH
2026-07-21 08:30:00,266.9,25.1,50.3,3.64,0.35,0.03,73.2,0.728,151.7,1006.2,LOW,Slow Saturation,HIGH
2026-07-21 09:00:00,284.8,21.4,24.8,3.54,0.34,0.02,74.3,0.759,95.3,598.5,LOW,Slow Saturation,MEDIUM
2026-07-21 09:30:00,280.7,25.7,60.5,3.54,0.28,0.01,75.9,0.756,97.7,517.7,LOW,Slow Saturation,MEDIUM
2026-07-21 10:00:00,264.9,23.0,66.3,3.63,0.37,-0.01,75.6,0.762,31.8,15.0,CRITICAL,Slow Saturation,HIGH
2026-07-21 10:30:00,260.2,21.5,28.2,3.61,0.32,0.07,73.0,0.737,33.1,97.9,CRITICAL,Slow Saturation,HIGH
2026-07-21 11:00:00,271.3,26.7,64.6,3.73,0.35,0.06,75.1,0.772,86.8,827.1,LOW,Slow Saturation,HIGH
2026-07-21 11:30:00,257.3,25.3,64.4,3.61,0.34,0.04,73.7,0.726,127.5,1069.3,LOW,Slow Saturation,HIGH
2026-07-21 12:00:00,274.9,23.4,56.6,3.58,0.28,0.03,72.6,0.741,91.1,773.2,LOW,Slow Saturation,MEDIUM
2026-07-21 12:30:00,280.8,25.1,37.6,3.72,0.33,-0.01,76.2,0.756,92.9,892.3,LOW,Slow Saturation,HIGH
2026-07-21 13:00:00,278.6,23.0,72.9,3.65,0.32,0.02,73.8,0.745,22.9,149.5,CRITICAL,Slow Saturation,HIGH
2026-07-21 13:30:00,272.8,22.8,59.2,3.65,0.34,0.01,73.3,0.74,80.1,1037.1,LOW,Slow Saturation,HIGH
2026-07-21 14:00:00,270.0,23.7,41.3,3.65,0.32,0.08,74.1,0.753,34.4,81.4,CRITICAL,Slow Saturation,HIGH
2026-07-21 14:30:00,260.1,24.7,39.8,3.46,0.27,0.07,72.3,0.743,30.4,206.5,HIGH,Slow Saturation,HIGH
2026-07-21 15:00:00,273.4,27.1,61.2,3.67,0.33,0.01,72.5,0.738,166.4,916.9,LOW,Slow Saturation,HIGH
2026-07-21 15:30:00,248.2,24.5,25.0,3.62,0.34,-0.01,74.1,0.73,157.4,1042.7,LOW,Slow Saturation,HIGH
2026-07-21 16:00:00,278.0,22.8,58.0,3.46,0.32,0.0,73.3,0.743,61.5,206.5,HIGH,Slow Saturation,HIGH
2026-07-21 16:30:00,249.2,25.7,63.9,3.57,0.32,0.05,72.3,0.709,152.1,1020.0,LOW,Slow Saturation,MEDIUM
2026-07-21 17:00:00,244.1,23.8,42.8,3.64,0.28,0.06,73.9,0.724,97.8,974.3,LOW,Slow Saturation,HIGH
2026-07-21 17:30:00,262.3,22.4,46.2,3.37,0.31,-0.0,73.0,0.737,77.1,150.5,HIGH,Slow Saturation,HIGH
2026-07-21 18:00:00,243.9,22.0,62.2,3.44,0.28,0.04,72.1,0.701,174.7,1041.7,LOW,Slow Saturation,MEDIUM
2026-07-21 18:30:00,269.4,20.3,58.1,3.51,0.35,-0.01,74.5,0.743,173.2,725.0,LOW,Slow Saturation,MEDIUM
2026-07-21 19:00:00,241.9,24.6,24.4,3.4,0.3,0.07,71.1,0.703,70.5,232.2,HIGH,Slow Saturation,HIGH
2026-07-21 19:30:00,256.3,20.7,61.2,3.52,0.32,0.07,74.3,0.735,52.8,151.4,HIGH,Slow Saturation,HIGH
2026-07-21 20:00:00,263.0,24.5,68.4,3.59,0.26,0.08,73.1,0.75,118.0,410.4,LOW,Slow Saturation,MEDIUM
2026-07-21 20:30:00,236.8,21.4,70.6,3.49,0.26,0.03,72.3,0.713,64.5,485.4,MEDIUM,Slow Saturation,MEDIUM
2026-07-21 21:00:00,261.5,19.9,22.5,3.55,0.33,0.03,73.2,0.751,139.7,764.4,LOW,Slow Saturation,MEDIUM
2026-07-21 21:30:00,248.6,24.3,61.1,3.41,0.29,-0.01,74.0,0.718,182.0,625.8,LOW,Slow Saturation,MEDIUM
2026-07-21 22:00:00,240.8,19.8,44.0,3.5,0.3,0.0,73.9,0.716,149.2,776.0,LOW,Slow Saturation,MEDIUM
2026-07-21 22:30:00,260.2,24.3,22.0,3.32,0.26,-0.01,70.4,0.73,72.5,401.7,MEDIUM,Slow Saturation,MEDIUM
2026-07-21 23:00:00,247.7,23.5,36.4,3.33,0.26,-0.01,72.3,0.711,97.6,901.4,LOW,Slow Saturation,MEDIUM
2026-07-21 23:30:00,255.0,20.7,68.8,3.33,0.33,0.05,72.6,0.722,103.1,550.7,LOW,Slow Saturation,MEDIUM
2026-07-22 00:00:00,260.6,19.5,47.4,3.32,0.31,0.04,70.7,0.723,35.7,539.7,MEDIUM,Slow Saturation,MEDIUM
2026-07-22 00:30:00,241.3,20.5,59.7,3.52,0.32,-0.01,72.6,0.708,124.4,690.3,LOW,Slow Saturation,MEDIUM
2026-07-22 01:00:00,237.1,19.2,47.1,3.24,0.28,0.06,70.8,0.688,117.5,721.5,LOW,Slow Saturation,MEDIUM
2026-07-22 01:30:00,233.7,19.2,41.1,3.22,0.26,0.02,70.8,0.71,105.7,610.9,LOW,Slow Saturation,MEDIUM
2026-07-22 02:00:00,257.9,25.1,52.7,3.38,0.32,0.06,72.5,0.713,71.0,476.6,MEDIUM,Slow Saturation,MEDIUM
2026-07-22 02:30:00,250.4,23.9,43.3,3.31,0.25,-0.02,72.2,0.718,129.3,993.9,LOW,Slow Saturation,MEDIUM
2026-07-22 03:00:00,243.7,22.7,45.1,3.29,0.29,-0.01,72.2,0.73,172.0,448.9,LOW,Slow Saturation,MEDIUM
2026-07-22 03:30:00,225.9,25.3,62.6,3.27,0.26,0.03,70.7,0.676,118.5,621.3,LOW,Slow Saturation,MEDIUM
2026-07-22 04:00:00,243.3,24.2,61.6,3.26,0.25,0.03,70.1,0.705,42.9,319.0,HIGH,Slow Saturation,MEDIUM
2026-07-22 04:30:00,237.9,25.3,45.2,3.17,0.31,-0.01,72.7,0.713,59.8,382.4,MEDIUM,Slow Saturation,MEDIUM
2026-07-22 05:00:00,247.1,19.7,24.2,3.18,0.26,0.06,71.3,0.705,37.4,385.7,HIGH,Slow Saturation,MEDIUM
2026-07-22 05:30:00,243.3,18.6,26.8,3.15,0.31,0.03,71.6,0.696,22.5,161.5,CRITICAL,Slow Saturation,HIGH
2026-07-22 06:00:00,248.5,23.1,34.2,3.31,0.27,0.04,70.0,0.695,25.4,106.0,CRITICAL,Slow Saturation,HIGH
2026-07-22 06:30:00,230.6,20.5,33.1,3.31,0.31,0.01,72.0,0.705,36.8,260.4,HIGH,Slow Saturation,HIGH
2026-07-22 07:00:00,239.5,21.0,38.2,3.29,0.27,0.07,69.0,0.698,19.7,205.7,CRITICAL,Slow Saturation,HIGH
2026-07-22 07:30:00,244.1,22.4,22.1,3.25,0.28,0.05,70.6,0.717,71.5,212.4,HIGH,Slow Saturation,MEDIUM
2026-07-22 08:00:00,228.3,23.1,22.4,3.11,0.32,-0.02,71.9,0.713,50.9,336.5,HIGH,Slow Saturation,MEDIUM
2026-07-22 08:30:00,239.7,20.9,49.2,3.1,0.3,0.02,69.9,0.698,102.7,680.8,LOW,Slow Saturation,MEDIUM
2026-07-22 09:00:00,221.7,20.0,64.2,3.18,0.25,0.04,69.8,0.674,141.4,436.6,LOW,Slow Saturation,MEDIUM
2026-07-22 09:30:00,224.9,24.0,58.8,3.34,0.26,0.02,70.4,0.68,116.7,686.7,LOW,Slow Saturation,MEDIUM
2026-07-22 10:00:00,215.8,23.6,50.2,3.17,0.27,0.04,70.1,0.677,35.9,231.9,HIGH,Slow Saturation,MEDIUM
2026-07-22 10:30:00,225.2,18.3,36.9,3.23,0.31,0.02,70.7,0.684,167.7,1007.3,LOW,Slow Saturation,MEDIUM
2026-07-22 11:00:00,229.0,19.5,26.8,3.07,0.31,0.04,67.6,0.655,86.6,867.5,LOW,Slow Saturation,MEDIUM
2026-07-22 11:30:00,240.9,23.7,27.4,3.15,0.3,0.0,69.6,0.71,135.2,439.3,LOW,Slow Saturation,MEDIUM
2026-07-22 12:00:00,229.4,21.7,67.2,3.24,0.31,-0.03,68.7,0.692,89.7,656.7,LOW,Slow Saturation,MEDIUM
2026-07-22 12:30:00,223.7,19.5,63.9,3.24,0.23,-0.02,70.9,0.69,174.0,412.8,LOW,Slow Saturation,MEDIUM
2026-07-22 13:00:00,228.8,20.0,51.3,3.15,0.25,0.01,69.4,0.697,175.4,422.7,LOW,Slow Saturation,MEDIUM
2026-07-22 13:30:00,236.6,21.3,38.2,3.12,0.27,0.05,68.3,0.675,67.1,196.7,HIGH,Slow Saturation,MEDIUM
2026-07-22 14:00:00,239.0,22.4,62.7,3.15,0.23,0.02,69.3,0.679,29.2,73.4,CRITICAL,Slow Saturation,HIGH
2026-07-22 14:30:00,234.4,20.3,34.6,3.27,0.24,0.05,69.8,0.679,171.9,849.8,LOW,Slow Saturation,MEDIUM
2026-07-22 15:00:00,229.0,23.0,31.1,3.25,0.22,0.05,68.8,0.668,150.2,355.0,LOW,Slow Saturation,MEDIUM
2026-07-22 15:30:00,234.7,18.5,21.7,3.11,0.26,0.04,69.9,0.703,63.0,167.1,HIGH,Slow Saturation,MEDIUM
2026-07-22 16:00:00,215.9,20.1,64.2,3.24,0.24,0.05,69.4,0.681,32.1,87.5,CRITICAL,Slow Saturation,HIGH
2026-07-22 16:30:00,211.4,22.0,61.5,3.12,0.26,-0.01,68.4,0.651,146.4,880.1,LOW,Slow Saturation,MEDIUM
2026-07-22 17:00:00,231.7,19.9,68.3,3.18,0.28,-0.01,68.9,0.676,163.8,376.7,LOW,Slow Saturation,MEDIUM
2026-07-22 17:30:00,211.3,17.8,20.6,3.0,0.29,0.03,66.7,0.655,152.8,900.2,LOW,Slow Saturation,MEDIUM
2026-07-22 18:00:00,230.6,22.9,30.5,2.91,0.28,0.03,66.3,0.655,108.5,506.4,LOW,Slow Saturation,MEDIUM
2026-07-22 18:30:00,209.7,18.5,41.9,3.04,0.26,0.02,68.5,0.653,43.2,249.0,HIGH,Slow Saturation,MEDIUM
2026-07-22 19:00:00,223.4,20.0,35.3,3.03,0.24,-0.01,66.2,0.647,31.4,195.6,HIGH,Slow Saturation,MEDIUM
2026-07-22 19:30:00,206.1,23.3,35.0,3.02,0.26,-0.03,67.0,0.658,31.6,157.9,CRITICAL,Slow Saturation,HIGH
2026-07-22 20:00:00,222.0,19.9,60.3,2.94,0.25,-0.0,66.8,0.666,99.8,1017.4,LOW,Slow Saturation,MEDIUM
2026-07-22 20:30:00,202.1,21.8,23.2,3.0,0.23,-0.0,67.1,0.657,169.8,551.2,LOW,Slow Saturation,MEDIUM
2026-07-22 21:00:00,202.9,22.1,37.7,2.9,0.24,0.01,66.2,0.649,120.2,1060.9,LOW,Slow Saturation,MEDIUM
2026-07-22 21:30:00,191.9,20.5,37.1,2.87,0.26,0.04,68.1,0.651,169.8,925.1,LOW,Slow Saturation,MEDIUM
2026-07-22 22:00:00,203.0,19.9,54.0,3.0,0.22,-0.03,68.6,0.661,51.7,464.6,MEDIUM,Slow Saturation,MEDIUM
2026-07-22 22:30:00,215.1,17.7,37.2,2.83,0.28,-0.04,68.8,0.683,29.7,96.6,CRITICAL,Slow Saturation,MEDIUM
2026-07-22 23:00:00,196.6,18.2,28.1,2.9,0.27,-0.02,65.5,0.631,147.6,841.5,LOW,Slow Saturation,MEDIUM
2026-07-22 23:30:00,190.7,17.9,58.4,3.04,0.2,0.03,66.5,0.623,14.6,185.2,CRITICAL,Slow Saturation,MEDIUM
2026-07-23 00:00:00,214.6,21.1,27.7,2.89,0.21,0.01,66.0,0.652,100.6,367.6,LOW,Slow Saturation,MEDIUM
2026-07-23 00:30:00,208.9,17.8,30.4,2.82,0.24,-0.02,68.5,0.656,109.1,712.5,LOW,Slow Saturation,MEDIUM
2026-07-23 01:00:00,185.7,17.6,47.5,2.89,0.24,-0.01,66.7,0.646,30.7,60.9,CRITICAL,Slow Saturation,MEDIUM
2026-07-23 01:30:00,197.2,17.4,40.4,2.87,0.24,0.02,67.7,0.664,180.8,421.5,LOW,Slow Saturation,MEDIUM
2026-07-23 02:00:00,192.1,19.2,64.7,2.91,0.2,0.01,67.2,0.631,110.0,524.3,LOW,Slow Saturation,MEDIUM
2026-07-23 02:30:00,194.4,17.8,32.8,2.93,0.2,-0.02,65.9,0.642,13.0,156.5,CRITICAL,Slow Saturation,MEDIUM
2026-07-23 03:00:00,192.6,19.4,61.0,2.96,0.25,-0.02,66.2,0.642,160.5,1094.6,LOW,Slow Saturation,MEDIUM
2026-07-23 03:30:00,194.0,20.4,25.1,2.96,0.25,-0.03,64.7,0.61,87.7,1078.9,LOW,Slow Saturation,MEDIUM
2026-07-23 04:00:00,208.1,16.7,41.7,2.89,0.23,0.03,65.5,0.625,63.3,307.3,MEDIUM,Slow Saturation,MEDIUM
2026-07-23 04:30:00,197.4,20.1,67.5,2.92,0.24,-0.01,64.4,0.617,102.5,503.3,LOW,Slow Saturation,MEDIUM
2026-07-23 05:00:00,187.0,19.0,56.7,2.99,0.22,0.04,66.6,0.637,159.5,451.5,LOW,Slow Saturation,MEDIUM
2026-07-23 05:30:00,192.0,15.3,62.7,3.0,0.2,-0.04,64.9,0.625,44.5,418.4,MEDIUM,Slow Saturation,MEDIUM
2026-07-23 06:00:00,192.9,15.6,36.7,2.86,0.19,-0.02,64.4,0.622,120.8,1045.9,LOW,Slow Saturation,MEDIUM
2026-07-23 06:30:00,196.1,21.2,62.2,2.81,0.21,0.01,64.4,0.616,105.6,844.5,LOW,Slow Saturation,MEDIUM
2026-07-23 07:00:00,184.6,20.2,27.4,2.92,0.2,-0.04,65.6,0.61,144.5,597.6,LOW,Slow Saturation,MEDIUM
2026-07-23 07:30:00,202.2,17.0,50.2,2.81,0.26,0.01,63.9,0.632,147.5,1091.8,LOW,Slow Saturation,MEDIUM
2026-07-23 08:00:00,178.9,16.0,61.2,2.93,0.26,-0.02,63.3,0.589,100.5,679.8,LOW,Slow Saturation,MEDIUM
2026-07-23 08:30:00,176.4,18.4,36.4,2.77,0.23,-0.02,64.9,0.618,65.9,344.5,MEDIUM,Slow Saturation,MEDIUM
2026-07-23 09:00:00,204.9,20.7,65.3,2.86,0.26,0.03,66.2,0.644,109.0,717.6,LOW,Slow Saturation,MEDIUM
2026-07-23 09:30:00,185.8,18.7,55.0,2.74,0.2,-0.05,64.6,0.626,127.9,896.4,LOW,Slow Saturation,MEDIUM
2026-07-23 10:00:00,202.6,21.7,48.4,2.85,0.21,-0.04,62.7,0.606,88.5,744.5,LOW,Slow Saturation,MEDIUM
2026-07-23 10:30:00,181.8,15.3,35.4,2.8,0.19,0.04,62.7,0.584,59.6,325.9,MEDIUM,Slow Saturation,MEDIUM
2026-07-23 11:00:00,189.9,16.4,55.4,2.87,0.26,0.03,66.2,0.618,184.5,824.2,LOW,Slow Saturation,MEDIUM
2026-07-23 11:30:00,193.5,20.7,43.8,2.61,0.24,-0.05,65.9,0.632,38.5,436.6,MEDIUM,Slow Saturation,MEDIUM
2026-07-23 12:00:00,196.0,17.4,26.0,2.61,0.17,0.01,62.7,0.622,106.1,1087.6,LOW,Slow Saturation,MEDIUM
2026-07-23 12:30:00,194.8,14.5,51.1,2.79,0.24,-0.03,65.8,0.623,113.5,1058.2,LOW,Slow Saturation,MEDIUM
2026-07-23 13:00:00,194.0,17.2,68.1,2.82,0.23,-0.05,64.1,0.62,138.1,413.0,LOW,Slow Saturation,MEDIUM
2026-07-23 13:30:00,181.5,15.7,33.4,2.82,0.18,0.02,62.0,0.593,59.4,270.8,HIGH,Slow Saturation,MEDIUM
2026-07-23 14:00:00,182.8,19.1,48.6,2.58,0.21,-0.05,64.8,0.611,44.1,374.2,HIGH,Slow Saturation,MEDIUM
2026-07-23 14:30:00,169.8,19.7,58.9,2.76,0.2,-0.05,62.8,0.607,156.9,831.7,LOW,Slow Saturation,MEDIUM
2026-07-23 15:00:00,166.0,19.4,29.0,2.59,0.17,0.01,62.2,0.598,66.6,217.2,HIGH,Slow Saturation,MEDIUM
2026-07-23 15:30:00,170.8,15.3,65.0,2.68,0.22,-0.03,63.9,0.591,72.4,396.0,MEDIUM,Slow Saturation,MEDIUM
2026-07-23 16:00:00,161.0,19.8,51.8,2.68,0.23,-0.02,62.3,0.581,133.5,610.2,LOW,Slow Saturation,MEDIUM
2026-07-23 16:30:00,183.4,15.4,60.4,2.75,0.2,0.02,61.7,0.604,145.8,543.7,LOW,Slow Saturation,MEDIUM
2026-07-23 17:00:00,181.1,14.7,20.6,2.68,0.17,-0.05,62.8,0.599,77.4,373.0,MEDIUM,Slow Saturation,MEDIUM
2026-07-23 17:30:00,187.6,18.2,55.4,2.6,0.16,-0.02,63.8,0.598,29.3,202.2,HIGH,Slow Saturation,MEDIUM
2026-07-23 18:00:00,157.2,15.0,43.2,2.66,0.23,-0.02,62.8,0.577,81.1,975.6,LOW,Slow Saturation,MEDIUM
2026-07-23 18:30:00,179.3,16.0,38.3,2.74,0.18,0.03,64.0,0.6,167.8,730.2,LOW,Slow Saturation,MEDIUM
2026-07-23 19:00:00,168.8,20.3,59.1,2.75,0.16,-0.01,64.4,0.601,179.0,1057.1,LOW,Slow Saturation,MEDIUM
2026-07-23 19:30:00,158.5,18.8,69.4,2.75,0.18,0.03,62.0,0.569,144.5,951.1,LOW,Slow Saturation,MEDIUM
2026-07-23 20:00:00,158.3,13.5,27.4,2.48,0.23,-0.03,61.6,0.574,47.2,158.8,HIGH,Slow Saturation,MEDIUM
2026-07-23 20:30:00,165.4,19.4,54.4,2.59,0.19,-0.03,63.3,0.585,132.9,1034.6,LOW,Slow Saturation,MEDIUM
2026-07-23 21:00:00,178.2,18.3,62.0,2.67,0.16,-0.05,61.0,0.59,145.8,1023.5,LOW,Slow Saturation,MEDIUM
2026-07-23 21:30:00,164.5,16.3,56.7,2.65,0.15,-0.02,62.7,0.598,50.4,381.7,MEDIUM,Slow Saturation,MEDIUM
2026-07-23 22:00:00,178.7,15.6,37.9,2.7,0.2,0.01,62.9,0.608,35.9,200.8,HIGH,Slow Saturation,MEDIUM
2026-07-23 22:30:00,172.0,15.6,41.3,2.53,0.18,-0.04,63.5,0.59,18.0,211.5,CRITICAL,Slow Saturation,MEDIUM
2026-07-23 23:00:00,177.5,17.9,27.1,2.61,0.19,-0.06,60.5,0.578,161.2,952.7,LOW,Slow Saturation,MEDIUM
2026-07-23 23:30:00,160.9,17.1,35.2,2.68,0.19,-0.02,61.6,0.561,145.4,577.2,LOW,Slow Saturation,MEDIUM
2026-07-24 00:00:00,174.7,17.2,51.6,2.53,0.18,-0.03,61.2,0.576,104.6,623.6,LOW,Slow Saturation,LOW
2026-07-24 00:30:00,159.3,16.7,69.6,2.48,0.2,-0.05,63.5,0.599,114.1,498.2,LOW,Slow Saturation,MEDIUM
2026-07-24 01:00:00,146.8,16.1,56.4,2.52,0.17,-0.06,61.2,0.574,165.8,864.8,LOW,Slow Saturation,LOW
2026-07-24 01:30:00,172.9,14.9,36.1,2.47,0.19,-0.05,59.7,0.563,68.2,393.5,MEDIUM,Slow Saturation,MEDIUM
2026-07-24 02:00:00,169.3,13.0,37.1,2.38,0.16,-0.06,62.4,0.592,121.5,673.3,LOW,Slow Saturation,LOW
2026-07-24 02:30:00,151.2,17.5,69.0,2.57,0.21,0.01,61.5,0.562,91.3,407.4,LOW,Slow Saturation,MEDIUM
2026-07-24 03:00:00,164.2,19.5,26.1,2.63,0.22,-0.03,59.6,0.56,172.4,912.0,LOW,Slow Saturation,MEDIUM
2026-07-24 03:30:00,150.1,19.3,19.6,2.58,0.19,0.02,60.9,0.561,32.1,54.3,CRITICAL,Slow Saturation,MEDIUM
2026-07-24 04:00:00,170.2,16.1,34.1,2.44,0.16,0.01,61.0,0.571,143.6,677.7,LOW,Slow Saturation,LOW
2026-07-24 04:30:00,163.0,14.4,58.8,2.52,0.19,0.02,60.1,0.575,82.4,364.0,MEDIUM,Slow Saturation,MEDIUM
2026-07-24 05:00:00,159.7,14.3,25.1,2.37,0.22,-0.04,59.0,0.554,68.2,147.4,HIGH,Slow Saturation,MEDIUM
2026-07-24 05:30:00,158.5,18.2,55.3,2.42,0.19,-0.04,62.6,0.576,14.2,84.8,CRITICAL,Slow Saturation,MEDIUM
2026-07-24 06:00:00,163.2,15.6,41.4,2.49,0.15,-0.0,59.8,0.56,17.6,189.7,CRITICAL,Slow Saturation,MEDIUM
2026-07-24 06:30:00,148.5,16.2,51.1,2.39,0.15,0.03,59.8,0.57,66.6,410.0,MEDIUM,Slow Saturation,MEDIUM
2026-07-24 07:00:00,147.9,13.4,50.7,2.28,0.17,0.03,62.4,0.559,108.3,718.1,LOW,Slow Saturation,LOW
2026-07-24 07:30:00,156.1,13.1,66.1,2.33,0.2,-0.06,62.4,0.571,110.7,484.0,LOW,Slow Saturation,LOW
2026-07-24 08:00:00,148.1,17.2,58.6,2.38,0.16,0.0,60.8,0.551,67.3,276.2,MEDIUM,Slow Saturation,MEDIUM
2026-07-24 08:30:00,160.0,18.8,64.2,2.37,0.15,-0.02,61.7,0.564,97.6,697.9,LOW,Slow Saturation,LOW
2026-07-24 09:00:00,138.8,18.4,41.5,2.34,0.15,-0.02,60.0,0.56,41.8,510.1,MEDIUM,Slow Saturation,MEDIUM
2026-07-24 09:30:00,146.2,18.7,52.1,2.28,0.18,-0.01,60.6,0.555,184.8,799.7,LOW,Slow Saturation,LOW
2026-07-24 10:00:00,139.8,14.1,67.3,2.26,0.17,-0.03,59.5,0.554,140.5,1012.6,LOW,Slow Saturation,LOW
2026-07-24 10:30:00,160.0,17.9,46.8,2.48,0.14,-0.04,58.6,0.559,174.1,1041.0,LOW,Slow Saturation,LOW
2026-07-24 11:00:00,136.8,18.0,33.3,2.39,0.16,-0.05,61.8,0.556,149.8,1079.6,LOW,Slow Saturation,LOW
2026-07-24 11:30:00,140.4,15.9,23.8,2.34,0.2,-0.06,61.6,0.562,13.2,21.6,CRITICAL,Slow Saturation,MEDIUM
2026-07-24 12:00:00,158.2,18.6,63.1,2.27,0.13,-0.04,60.5,0.572,32.9,174.2,HIGH,Slow Saturation,MEDIUM
2026-07-24 12:30:00,144.1,11.8,45.7,2.31,0.18,-0.05,60.8,0.564,145.0,622.5,LOW,Slow Saturation,LOW
2026-07-24 13:00:00,141.5,16.1,44.5,2.26,0.13,-0.06,60.7,0.563,142.4,433.8,LOW,Slow Saturation,LOW
2026-07-24 13:30:00,157.7,13.9,39.4,2.2,0.19,-0.06,59.9,0.551,24.8,199.3,CRITICAL,Slow Saturation,MEDIUM
2026-07-24 14:00:00,135.4,13.2,30.6,2.38,0.16,0.0,59.5,0.543,114.8,921.0,LOW,Slow Saturation,LOW
2026-07-24 14:30:00,137.3,12.9,32.9,2.44,0.15,-0.05,57.8,0.52,121.7,706.5,LOW,Slow Saturation,LOW
2026-07-24 15:00:00,147.9,16.5,33.2,2.27,0.13,-0.05,59.6,0.551,16.8,58.4,CRITICAL,Slow Saturation,MEDIUM
2026-07-24 15:30:00,148.1,13.1,48.2,2.27,0.18,0.02,59.5,0.546,41.5,268.0,HIGH,Slow Saturation,MEDIUM
2026-07-24 16:00:00,135.2,13.4,62.1,2.19,0.19,-0.03,59.0,0.528,42.3,505.8,MEDIUM,Slow Saturation,LOW
2026-07-24 16:30:00,132.2,13.5,67.0,2.36,0.13,-0.05,60.0,0.529,124.4,617.4,LOW,Slow Saturation,LOW
2026-07-24 17:00:00,150.0,17.4,65.2,2.28,0.19,-0.0,57.6,0.538,47.0,405.6,MEDIUM,Slow Saturation,MEDIUM
2026-07-24 17:30:00,122.3,13.4,22.9,2.34,0.16,-0.03,60.1,0.535,179.9,392.0,LOW,Slow Saturation,LOW
2026-07-24 18:00:00,145.1,12.8,30.6,2.18,0.17,-0.02,59.3,0.551,90.9,380.2,LOW,Slow Saturation,LOW
2026-07-24 18:30:00,125.1,11.6,46.4,2.37,0.18,-0.08,58.6,0.532,22.5,61.7,CRITICAL,Slow Saturation,MEDIUM
2026-07-24 19:00:00,136.5,14.1,47.9,2.28,0.18,-0.05,57.2,0.529,32.1,32.1,CRITICAL,Slow Saturation,MEDIUM
2026-07-24 19:30:00,134.1,12.3,45.8,2.34,0.16,-0.02,56.7,0.511,165.4,933.0,LOW,Slow Saturation,LOW
2026-07-24 20:00:00,132.3,15.1,59.5,2.26,0.1,-0.01,58.2,0.521,42.5,338.1,HIGH,Slow Saturation,MEDIUM
2026-07-24 20:30:00,146.0,12.8,67.1,2.24,0.13,-0.06,57.4,0.535,88.1,1082.9,LOW,Slow Saturation,LOW
2026-07-24 21:00:00,149.0,12.9,42.9,2.08,0.15,-0.07,57.8,0.554,64.7,517.9,MEDIUM,Slow Saturation,LOW
2026-07-24 21:30:00,120.6,14.4,50.7,2.12,0.17,-0.01,58.0,0.519,67.4,348.1,MEDIUM,Slow Saturation,LOW
2026-07-24 22:00:00,133.5,14.8,33.1,2.28,0.12,-0.07,59.0,0.525,159.5,807.6,LOW,Slow Saturation,LOW
2026-07-24 22:30:00,135.7,17.4,67.3,2.12,0.17,-0.01,59.5,0.532,93.7,992.2,LOW,Slow Saturation,LOW
2026-07-24 23:00:00,124.5,12.8,25.0,2.16,0.17,-0.04,57.3,0.512,84.2,921.7,LOW,Slow Saturation,LOW
2026-07-24 23:30:00,139.6,12.9,67.8,2.03,0.19,-0.01,58.4,0.535,48.1,428.2,MEDIUM,Slow Saturation,LOW
2026-07-25 00:00:00,138.4,12.6,36.9,2.08,0.13,-0.03,56.4,0.515,99.0,992.3,LOW,Slow Saturation,LOW
2026-07-25 00:30:00,126.9,12.6,30.1,2.3,0.16,-0.04,55.6,0.495,126.1,865.9,LOW,Slow Saturation,LOW
2026-07-25 01:00:00,130.6,12.2,42.7,2.2,0.13,-0.08,56.5,0.53,75.9,517.2,LOW,Slow Saturation,LOW
2026-07-25 01:30:00,120.1,15.5,24.4,2.04,0.16,-0.05,55.9,0.493,63.7,206.0,HIGH,Slow Saturation,MEDIUM
2026-07-25 02:00:00,134.7,14.2,30.1,2.08,0.12,-0.03,55.3,0.498,145.6,401.0,LOW,Slow Saturation,LOW
2026-07-25 02:30:00,137.2,12.3,54.3,2.25,0.17,-0.04,55.9,0.526,93.0,695.6,LOW,Slow Saturation,LOW
2026-07-25 03:00:00,115.6,15.0,52.6,2.01,0.16,-0.09,56.7,0.502,80.6,714.8,LOW,Slow Saturation,LOW
2026-07-25 03:30:00,124.0,16.4,44.8,1.98,0.09,-0.04,57.0,0.502,150.1,942.6,LOW,Slow Saturation,LOW
2026-07-25 04:00:00,131.1,14.4,47.2,2.2,0.14,0.01,57.0,0.521,150.2,984.7,LOW,Slow Saturation,LOW
2026-07-25 04:30:00,139.5,14.2,65.2,2.09,0.16,-0.01,55.9,0.506,90.1,1010.4,LOW,Slow Saturation,LOW
2026-07-25 05:00:00,126.7,10.4,51.1,2.16,0.12,-0.04,58.0,0.533,86.8,366.1,MEDIUM,Slow Saturation,LOW
2026-07-25 05:30:00,104.1,15.6,17.5,2.02,0.11,-0.05,55.5,0.493,128.7,595.0,LOW,Slow Saturation,LOW
2026-07-25 06:00:00,122.8,15.2,51.8,2.2,0.12,-0.0,55.2,0.5,145.7,504.6,LOW,Slow Saturation,LOW
2026-07-25 06:30:00,131.7,13.9,18.5,2.22,0.16,-0.04,55.8,0.502,66.6,218.9,HIGH,Slow Saturation,MEDIUM
2026-07-25 07:00:00,110.9,12.7,32.9,2.03,0.17,-0.07,55.0,0.482,167.5,679.7,LOW,Slow Saturation,LOW
2026-07-25 07:30:00,126.9,12.7,36.6,2.05,0.15,-0.05,55.9,0.521,47.6,283.6,HIGH,Slow Saturation,MEDIUM
2026-07-25 08:00:00,132.1,10.8,21.9,2.14,0.15,-0.08,54.7,0.515,96.6,803.6,LOW,Slow Saturation,LOW
2026-07-25 08:30:00,134.0,10.9,33.6,1.98,0.16,-0.06,54.6,0.513,91.1,355.4,MEDIUM,Slow Saturation,LOW
2026-07-25 09:00:00,111.3,15.5,37.9,2.03,0.17,-0.01,57.5,0.52,64.0,549.9,LOW,Slow Saturation,LOW
2026-07-25 09:30:00,114.8,12.2,50.5,2.09,0.17,-0.07,55.3,0.483,36.3,227.1,HIGH,Slow Saturation,MEDIUM
2026-07-25 10:00:00,122.0,10.5,23.7,2.13,0.15,-0.09,57.4,0.52,126.3,628.8,LOW,Slow Saturation,LOW
2026-07-25 10:30:00,129.8,10.6,25.2,2.12,0.17,-0.02,54.6,0.499,164.1,432.0,LOW,Slow Saturation,LOW
2026-07-25 11:00:00,118.3,11.5,42.9,1.97,0.16,-0.07,56.9,0.5,69.4,502.2,MEDIUM,Slow Saturation,LOW
2026-07-25 11:30:00,97.5,15.7,62.3,2.02,0.11,-0.03,54.4,0.463,14.6,198.9,CRITICAL,Slow Saturation,MEDIUM
2026-07-25 12:00:00,111.9,10.0,68.3,2.02,0.17,-0.01,54.2,0.473,116.4,827.6,LOW,Slow Saturation,LOW
2026-07-25 12:30:00,99.1,15.5,41.3,2.04,0.14,-0.06,56.4,0.488,94.7,911.5,LOW,Slow Saturation,LOW
2026-07-25 13:00:00,98.6,10.7,27.1,1.87,0.16,-0.07,53.9,0.486,81.9,1015.2,LOW,Slow Saturation,LOW
2026-07-25 13:30:00,116.5,10.4,28.7,2.04,0.11,0.0,55.5,0.487,111.8,1012.7,LOW,Slow Saturation,LOW
2026-07-25 14:00:00,116.0,12.0,23.7,1.85,0.13,-0.0,57.0,0.519,78.6,140.6,HIGH,Slow Saturation,MEDIUM
2026-07-25 14:30:00,93.4,10.0,26.3,1.93,0.15,-0.08,55.6,0.474,95.7,607.9,LOW,Slow Saturation,LOW
2026-07-25 15:00:00,107.5,13.0,59.3,1.99,0.09,-0.03,53.7,0.484,60.3,450.5,MEDIUM,Slow Saturation,LOW
2026-07-25 15:30:00,100.0,15.2,34.4,1.98,0.15,-0.05,55.8,0.503,127.6,606.8,LOW,Slow Saturation,LOW
2026-07-25 16:00:00,113.0,11.4,20.1,1.88,0.16,-0.08,54.9,0.493,31.2,127.8,CRITICAL,Slow Saturation,MEDIUM
2026-07-25 16:30:00,105.2,11.0,62.2,2.07,0.16,-0.09,55.0,0.481,80.8,1055.9,LOW,Slow Saturation,LOW
2026-07-25 17:00:00,97.1,14.7,26.9,1.91,0.07,-0.02,55.4,0.501,38.3,489.8,MEDIUM,Slow Saturation,LOW
2026-07-25 17:30:00,96.9,11.3,58.4,1.91,0.16,-0.04,53.3,0.47,40.7,392.8,HIGH,Slow Saturation,MEDIUM
2026-07-25 18:00:00,93.6,14.0,60.6,2.05,0.15,-0.04,53.9,0.475,177.9,1061.7,LOW,Slow Saturation,LOW
2026-07-25 18:30:00,119.0,15.5,63.6,2.06,0.11,-0.08,52.7,0.474,55.5,359.0,MEDIUM,Slow Saturation,LOW
2026-07-25 19:00:00,120.7,12.9,64.7,1.82,0.07,-0.06,56.0,0.5,144.3,955.2,LOW,Slow Saturation,LOW
2026-07-25 19:30:00,109.2,14.1,29.3,2.02,0.1,-0.08,52.9,0.489,178.7,557.2,LOW,Slow Saturation,LOW
2026-07-25 20:00:00,119.1,13.7,23.1,1.97,0.08,-0.05,55.6,0.515,13.9,39.0,CRITICAL,Slow Saturation,MEDIUM
2026-07-25 20:30:00,102.0,12.9,22.0,1.8,0.13,-0.07,55.5,0.483,90.6,402.8,LOW,Slow Saturation,LOW
2026-07-25 21:00:00,94.5,10.9,64.0,2.02,0.15,-0.06,52.9,0.48,92.7,788.7,LOW,Slow Saturation,LOW
2026-07-25 21:30:00,111.0,14.0,52.6,2.05,0.08,-0.09,54.8,0.502,115.6,621.9,LOW,Slow Saturation,LOW
2026-07-25 22:00:00,117.6,14.3,51.2,2.0,0.1,-0.04,53.4,0.496,137.3,556.9,LOW,Slow Saturation,LOW
2026-07-25 22:30:00,112.7,11.3,43.0,1.77,0.15,-0.09,55.5,0.489,54.0,332.8,HIGH,Slow Saturation,LOW
2026-07-25 23:00:00,110.2,9.0,51.2,1.98,0.13,-0.04,53.7,0.484,101.8,1043.9,LOW,Slow Saturation,LOW
2026-07-25 23:30:00,110.1,12.4,47.8,1.76,0.15,-0.04,55.2,0.489,74.4,409.2,MEDIUM,Slow Saturation,LOW
2026-07-26 00:00:00,107.9,11.0,38.5,1.98,0.09,-0.02,54.3,0.497,102.4,1055.1,LOW,Slow Saturation,LOW
2026-07-26 00:30:00,104.8,13.6,49.2,1.73,0.06,-0.04,55.8,0.503,29.1,203.7,HIGH,Slow Saturation,LOW
2026-07-26 01:00:00,89.7,14.1,54.4,2.0,0.13,-0.07,52.9,0.47,89.2,385.8,MEDIUM,Slow Saturation,LOW
2026-07-26 01:30:00,108.2,10.0,68.0,1.87,0.08,-0.02,53.1,0.474,81.4,611.4,LOW,Slow Saturation,LOW
2026-07-26 02:00:00,91.6,14.1,60.4,1.95,0.11,-0.03,52.7,0.471,155.4,426.0,LOW,Slow Saturation,LOW
2026-07-26 02:30:00,96.8,10.3,49.7,1.78,0.07,-0.06,54.6,0.486,72.7,466.5,MEDIUM,Slow Saturation,LOW
2026-07-26 03:00:00,90.2,14.7,55.7,1.97,0.07,-0.04,54.5,0.486,109.0,917.6,LOW,Slow Saturation,LOW
2026-07-26 03:30:00,85.4,12.9,37.1,1.95,0.07,-0.04,53.2,0.461,57.6,427.8,MEDIUM,Slow Saturation,LOW
2026-07-26 04:00:00,81.6,14.4,37.0,1.95,0.14,-0.02,52.7,0.455,110.6,411.7,LOW,Slow Saturation,LOW
2026-07-26 04:30:00,96.7,8.2,39.4,1.83,0.12,-0.08,54.9,0.497,182.1,534.0,LOW,Slow Saturation,LOW
2026-07-26 05:00:00,77.5,9.4,50.1,1.86,0.08,-0.1,54.8,0.458,83.7,763.4,LOW,Slow Saturation,LOW
2026-07-26 05:30:00,97.0,13.8,37.8,1.96,0.11,-0.02,54.4,0.479,134.3,1086.4,LOW,Slow Saturation,LOW
2026-07-26 06:00:00,107.7,10.4,30.1,1.77,0.14,-0.07,55.2,0.501,35.3,489.8,MEDIUM,Slow Saturation,LOW
2026-07-26 06:30:00,80.3,11.6,29.2,1.81,0.14,-0.03,53.2,0.472,66.2,467.1,MEDIUM,Slow Saturation,LOW
2026-07-26 07:00:00,97.9,12.8,53.8,1.8,0.1,-0.01,53.5,0.475,21.2,141.9,CRITICAL,Slow Saturation,MEDIUM
2026-07-26 07:30:00,80.9,14.4,39.0,1.67,0.1,-0.05,52.6,0.452,162.1,460.9,LOW,Slow Saturation,LOW
2026-07-26 08:00:00,94.4,12.7,19.7,1.86,0.14,-0.03,53.1,0.472,133.8,1057.1,LOW,Slow Saturation,LOW
2026-07-26 08:30:00,92.9,10.8,27.5,1.81,0.11,-0.07,54.6,0.491,175.7,458.2,LOW,Slow Saturation,LOW
2026-07-26 09:00:00,73.9,9.8,51.7,1.75,0.11,-0.03,51.5,0.44,181.1,810.4,LOW,Slow Saturation,LOW
2026-07-26 09:30:00,82.0,12.7,54.2,1.69,0.1,-0.03,51.7,0.447,124.3,721.2,LOW,Slow Saturation,LOW
2026-07-26 10:00:00,92.9,14.2,20.9,1.75,0.14,-0.07,53.7,0.457,36.0,267.6,HIGH,Slow Saturation,LOW
2026-07-26 10:30:00,103.2,12.5,34.7,1.75,0.09,-0.09,51.8,0.449,182.5,824.8,LOW,Slow Saturation,LOW
2026-07-26 11:00:00,72.8,11.2,55.3,1.64,0.1,-0.01,52.4,0.44,41.2,534.3,MEDIUM,Slow Saturation,LOW
2026-07-26 11:30:00,72.7,10.2,16.5,1.88,0.13,-0.05,54.6,0.462,44.6,387.0,HIGH,Slow Saturation,LOW
2026-07-26 12:00:00,101.9,9.9,27.6,1.79,0.13,-0.05,54.3,0.47,134.2,1009.8,LOW,Slow Saturation,LOW
2026-07-26 12:30:00,72.0,13.2,23.9,1.9,0.05,-0.05,54.5,0.45,151.6,583.7,LOW,Slow Saturation,LOW
2026-07-26 13:00:00,88.8,8.7,34.3,1.79,0.13,-0.06,54.7,0.467,171.2,1053.4,LOW,Slow Saturation,LOW
2026-07-26 13:30:00,86.0,10.1,44.7,1.71,0.06,-0.05,52.1,0.466,53.4,471.6,MEDIUM,Slow Saturation,LOW
2026-07-26 14:00:00,102.0,9.9,37.2,1.87,0.13,-0.03,53.4,0.463,157.2,424.1,LOW,Slow Saturation,LOW
2026-07-26 14:30:00,88.1,9.6,50.6,1.72,0.1,-0.05,52.7,0.459,46.8,257.7,HIGH,Slow Saturation,LOW
2026-07-26 15:00:00,84.2,13.9,26.4,1.6,0.08,-0.1,50.9,0.44,109.1,807.2,LOW,Slow Saturation,LOW
2026-07-26 15:30:00,95.9,12.7,67.7,1.6,0.11,-0.06,54.3,0.47,65.1,372.6,MEDIUM,Slow Saturation,LOW
2026-07-26 16:00:00,94.5,11.8,44.3,1.68,0.09,-0.1,51.2,0.464,178.8,389.3,LOW,Slow Saturation,LOW
2026-07-26 16:30:00,86.7,12.4,61.5,1.79,0.06,-0.07,54.0,0.477,29.1,209.7,HIGH,Slow Saturation,LOW
2026-07-26 17:00:00,75.2,7.7,53.1,1.59,0.06,-0.04,54.1,0.472,47.6,416.4,MEDIUM,Slow Saturation,LOW
2026-07-26 17:30:00,96.3,8.9,16.3,1.87,0.12,-0.01,53.6,0.484,76.3,480.2,LOW,Slow Saturation,LOW
2026-07-26 18:00:00,90.9,8.9,23.4,1.75,0.12,-0.07,53.8,0.454,120.3,503.7,LOW,Slow Saturation,LOW
2026-07-26 18:30:00,91.4,9.1,54.4,1.66,0.08,-0.07,53.9,0.482,153.3,716.2,LOW,Slow Saturation,LOW
2026-07-26 19:00:00,91.3,9.9,48.6,1.64,0.08,-0.04,52.8,0.464,31.9,200.0,HIGH,Slow Saturation,LOW
2026-07-26 19:30:00,99.8,9.4,25.6,1.85,0.07,-0.04,51.8,0.459,104.8,563.5,LOW,Slow Saturation,LOW
2026-07-26 20:00:00,95.3,7.9,21.7,1.73,0.12,-0.01,52.2,0.462,34.0,219.1,HIGH,Slow Saturation,LOW
2026-07-26 20:30:00,95.5,8.7,21.7,1.81,0.06,-0.03,51.1,0.45,118.5,678.6,LOW,Slow Saturation,LOW
2026-07-26 21:00:00,98.8,7.4,47.1,1.62,0.11,-0.09,51.4,0.445,110.4,1061.4,LOW,Slow Saturation,LOW
2026-07-26 21:30:00,78.1,13.5,65.4,1.68,0.06,-0.05,50.7,0.431,62.5,147.4,HIGH,Slow Saturation,LOW
2026-07-26 22:00:00,81.1,11.7,26.1,1.63,0.12,-0.1,52.2,0.439,108.3,457.5,LOW,Slow Saturation,LOW
2026-07-26 22:30:00,79.9,11.8,19.0,1.61,0.09,-0.05,53.8,0.475,76.1,181.7,HIGH,Slow Saturation,LOW
2026-07-26 23:00:00,85.1,9.7,28.2,1.59,0.11,-0.03,50.9,0.43,120.7,772.7,LOW,Slow Saturation,LOW
2026-07-26 23:30:00,98.1,13.4,49.7,1.74,0.1,-0.08,51.8,0.445,141.4,862.2,LOW,Slow Saturation,LOW
2026-07-27 00:00:00,81.1,13.9,34.0,1.71,0.12,-0.09,51.5,0.448,37.0,394.0,HIGH,Slow Saturation,LOW
2026-07-27 00:30:00,95.9,14.0,66.3,1.79,0.07,-0.11,50.6,0.438,91.6,883.0,LOW,Slow Saturation,LOW
2026-07-27 01:00:00,24.4,15.0,1.8,1.59,0.14,-0.38,37.9,0.303,138.9,682.9,LOW,Cloudburst,LOW
2026-07-27 01:30:00,23.9,13.5,2.3,1.5,0.23,-0.4,36.3,0.286,45.7,495.7,MEDIUM,Cloudburst,LOW
2026-07-27 02:00:00,65.2,25.0,3.2,1.69,0.24,-0.4,36.5,0.325,36.5,166.7,HIGH,Cloudburst,LOW
2026-07-27 02:30:00,43.9,23.7,2.1,1.5,0.21,-0.4,38.9,0.328,39.1,285.2,HIGH,Cloudburst,LOW
2026-07-27 03:00:00,22.0,16.0,1.6,1.53,0.15,-0.4,40.3,0.319,109.5,466.9,LOW,Cloudburst,LOW
2026-07-27 03:30:00,31.8,11.1,3.7,1.47,0.17,-0.4,41.6,0.332,66.7,521.2,MEDIUM,Cloudburst,LOW
2026-07-27 04:00:00,75.8,24.7,3.6,1.41,0.25,-0.4,41.1,0.366,21.1,189.8,CRITICAL,Cloudburst,LOW
2026-07-27 04:30:00,33.0,11.3,4.2,1.57,0.11,-0.4,41.5,0.329,112.9,971.2,LOW,Cloudburst,LOW
2026-07-27 05:00:00,31.2,13.1,3.5,1.48,0.2,-0.39,38.1,0.307,104.1,813.7,LOW,Cloudburst,LOW
2026-07-27 05:30:00,46.0,16.8,2.9,1.86,0.23,-0.39,39.8,0.32,37.4,311.3,HIGH,Cloudburst,LOW
2026-07-27 06:00:00,17.3,15.1,1.5,1.73,0.1,-0.4,40.9,0.327,173.1,788.7,LOW,Cloudburst,LOW
2026-07-27 06:30:00,103.0,26.9,4.1,1.87,0.2,-0.39,41.5,0.375,23.9,42.7,CRITICAL,Cloudburst,MEDIUM
2026-07-27 07:00:00,24.1,10.6,2.4,1.86,0.26,-0.4,37.5,0.292,135.1,1061.6,LOW,Cloudburst,LOW
2026-07-27 07:30:00,47.9,23.6,3.1,1.5,0.28,-0.4,41.3,0.331,45.2,240.5,HIGH,Cloudburst,LOW
2026-07-27 08:00:00,67.7,17.5,4.2,1.57,0.08,-0.4,38.5,0.338,86.9,380.3,MEDIUM,Cloudburst,LOW
2026-07-27 08:30:00,42.4,17.0,3.7,1.88,0.2,-0.4,39.8,0.337,139.1,364.4,LOW,Cloudburst,LOW
2026-07-27 09:00:00,43.0,15.5,4.2,1.59,0.23,-0.4,41.1,0.335,159.7,938.1,LOW,Cloudburst,LOW
2026-07-27 09:30:00,51.0,26.8,2.2,1.56,0.2,-0.4,41.9,0.348,170.9,413.6,LOW,Cloudburst,LOW
2026-07-27 10:00:00,26.1,18.2,2.1,1.49,0.27,-0.4,36.0,0.294,76.6,186.2,HIGH,Cloudburst,LOW
2026-07-27 10:30:00,61.4,25.4,3.7,1.84,0.07,-0.4,39.9,0.353,39.0,389.2,HIGH,Cloudburst,LOW
2026-07-27 11:00:00,59.2,25.7,2.6,1.77,0.1,-0.4,37.0,0.332,141.1,410.9,LOW,Cloudburst,LOW
2026-07-27 11:30:00,32.1,8.4,4.3,1.49,0.13,-0.4,37.9,0.294,103.6,707.0,LOW,Cloudburst,LOW
2026-07-27 12:00:00,65.1,20.5,4.5,1.85,0.15,-0.4,36.1,0.308,44.0,122.7,HIGH,Cloudburst,LOW
2026-07-27 12:30:00,15.7,11.4,1.7,1.78,0.32,-0.4,36.3,0.273,44.4,258.2,HIGH,Cloudburst,LOW
2026-07-27 13:00:00,28.2,21.3,1.6,1.6,0.23,-0.4,38.8,0.327,154.6,901.6,LOW,Cloudburst,LOW
2026-07-27 13:30:00,67.3,28.1,3.3,1.5,0.27,-0.4,38.3,0.336,138.8,814.9,LOW,Cloudburst,LOW
2026-07-27 14:00:00,27.1,24.1,1.3,1.52,0.08,-0.4,40.0,0.33,170.5,621.1,LOW,Cloudburst,LOW
2026-07-27 14:30:00,25.5,10.3,3.4,1.82,0.29,-0.4,39.3,0.319,98.4,922.6,LOW,Cloudburst,LOW
2026-07-27 15:00:00,48.0,12.9,4.5,1.7,0.1,-0.4,39.2,0.322,171.8,984.9,LOW,Cloudburst,LOW
2026-07-27 15:30:00,57.5,27.1,2.7,1.68,0.12,-0.4,36.2,0.328,36.1,256.2,HIGH,Cloudburst,LOW
2026-07-27 16:00:00,36.2,17.3,3.2,1.58,0.29,-0.4,40.3,0.344,43.8,160.8,HIGH,Cloudburst,LOW
2026-07-27 16:30:00,16.9,16.1,1.6,1.93,0.19,-0.4,40.0,0.309,51.4,329.2,HIGH,Cloudburst,LOW
2026-07-27 17:00:00,49.7,28.5,2.5,1.94,0.33,-0.4,36.7,0.318,67.9,325.0,MEDIUM,Cloudburst,LOW
2026-07-27 17:30:00,48.3,28.5,1.9,1.65,0.2,-0.4,37.4,0.308,121.1,863.0,LOW,Cloudburst,LOW
2026-07-27 18:00:00,13.6,12.3,1.5,1.91,0.28,-0.39,38.9,0.299,179.9,397.3,LOW,Cloudburst,LOW
2026-07-27 18:30:00,26.4,14.1,2.5,1.67,0.16,-0.37,42.8,0.338,180.2,940.1,LOW,Cloudburst,LOW
2026-07-27 19:00:00,36.4,16.6,3.1,1.82,0.13,-0.4,43.3,0.353,51.6,374.9,MEDIUM,Cloudburst,LOW
2026-07-27 19:30:00,61.4,19.9,3.9,1.58,0.11,-0.4,41.8,0.349,119.9,411.0,LOW,Cloudburst,LOW
2026-07-27 20:00:00,84.3,28.1,3.2,1.89,0.17,-0.4,42.1,0.376,59.8,181.5,HIGH,Cloudburst,LOW
2026-07-27 20:30:00,16.7,15.3,1.3,1.76,0.19,-0.38,37.7,0.306,59.2,257.6,HIGH,Cloudburst,LOW
2026-07-27 21:00:00,60.9,21.2,3.2,1.82,0.27,-0.33,37.6,0.341,138.9,901.6,LOW,Cloudburst,LOW
2026-07-27 21:30:00,55.0,16.3,3.8,1.56,0.22,-0.38,38.6,0.319,36.9,130.9,CRITICAL,Cloudburst,LOW
2026-07-27 22:00:00,35.9,12.3,3.7,1.85,0.34,-0.4,40.7,0.336,114.7,918.8,LOW,Cloudburst,LOW
2026-07-27 22:30:00,28.3,16.4,2.0,1.63,0.23,-0.4,43.6,0.335,33.4,192.9,HIGH,Cloudburst,LOW
2026-07-27 23:00:00,34.5,17.3,2.3,1.87,0.26,-0.4,39.7,0.324,68.5,479.5,MEDIUM,Cloudburst,LOW
2026-07-27 23:30:00,36.9,22.5,2.0,1.9,0.34,-0.4,38.0,0.296,23.1,28.9,CRITICAL,Cloudburst,MEDIUM
2026-07-28 00:00:00,62.9,30.1,2.9,1.74,0.31,-0.31,40.0,0.334,141.9,719.3,LOW,Cloudburst,LOW
2026-07-28 00:30:00,54.2,24.3,2.9,1.96,0.16,-0.37,40.3,0.342,31.9,201.8,HIGH,Cloudburst,LOW
2026-07-28 01:00:00,38.0,24.5,1.9,1.7,0.14,-0.36,37.6,0.301,49.9,220.0,HIGH,Cloudburst,LOW
2026-07-28 01:30:00,66.5,21.7,4.1,1.62,0.32,-0.4,42.7,0.357,97.2,852.2,LOW,Cloudburst,LOW
2026-07-28 02:00:00,31.5,12.7,3.0,1.62,0.18,-0.4,42.3,0.346,112.6,626.1,LOW,Cloudburst,LOW
2026-07-28 02:30:00,21.1,16.3,1.6,1.75,0.36,-0.39,41.4,0.338,100.4,469.9,LOW,Cloudburst,LOW
2026-07-28 03:00:00,45.2,18.9,3.2,1.75,0.2,-0.4,37.7,0.305,116.4,838.6,LOW,Cloudburst,LOW
2026-07-28 03:30:00,26.5,16.0,2.5,2.03,0.34,-0.38,39.0,0.312,110.6,910.5,LOW,Cloudburst,LOW
2026-07-28 04:00:00,91.9,30.2,3.4,1.92,0.23,-0.4,41.7,0.389,165.0,539.2,LOW,Cloudburst,LOW
2026-07-28 04:30:00,26.3,17.0,2.2,1.97,0.23,-0.4,42.8,0.34,91.2,643.1,LOW,Cloudburst,LOW
2026-07-28 05:00:00,79.9,22.4,4.3,2.07,0.35,-0.4,38.4,0.353,30.6,15.1,CRITICAL,Cloudburst,MEDIUM
2026-07-28 05:30:00,12.6,13.2,1.3,1.99,0.15,-0.4,44.6,0.328,28.8,90.5,CRITICAL,Cloudburst,MEDIUM
2026-07-28 06:00:00,95.6,27.9,4.5,1.8,0.22,-0.4,38.2,0.359,32.8,44.1,CRITICAL,Cloudburst,MEDIUM
2026-07-28 06:30:00,130.8,32.9,4.3,2.1,0.19,-0.4,43.6,0.419,164.3,1049.0,LOW,Cloudburst,LOW
2026-07-28 07:00:00,32.9,27.9,1.5,1.8,0.38,-0.39,38.3,0.3,109.4,397.5,LOW,Cloudburst,LOW
2026-07-28 07:30:00,29.5,21.5,1.8,1.9,0.17,-0.4,39.4,0.323,14.3,199.0,CRITICAL,Cloudburst,MEDIUM
2026-07-28 08:00:00,118.8,31.3,4.4,1.81,0.34,-0.4,43.0,0.412,178.6,491.1,LOW,Cloudburst,LOW
2026-07-28 08:30:00,87.4,33.8,3.9,1.95,0.31,-0.32,43.3,0.393,149.0,886.7,LOW,Cloudburst,LOW
2026-07-28 09:00:00,25.2,15.8,2.1,1.88,0.37,-0.4,44.8,0.362,137.6,755.6,LOW,Cloudburst,LOW
2026-07-28 09:30:00,60.9,22.4,3.3,2.06,0.26,-0.27,39.6,0.335,128.4,1017.1,LOW,Cloudburst,LOW
2026-07-28 10:00:00,56.8,33.6,2.5,2.14,0.24,-0.4,43.1,0.369,90.0,754.4,LOW,Cloudburst,LOW
2026-07-28 10:30:00,83.2,21.4,4.2,1.88,0.42,-0.4,43.1,0.388,140.8,988.3,LOW,Cloudburst,LOW
2026-07-28 11:00:00,123.6,30.6,4.5,2.13,0.28,-0.32,45.7,0.433,106.1,739.7,LOW,Cloudburst,LOW
2026-07-28 11:30:00,48.3,25.9,2.0,2.1,0.37,-0.37,42.3,0.354,68.3,479.7,MEDIUM,Cloudburst,LOW
2026-07-28 12:00:00,100.5,25.5,4.4,1.94,0.24,-0.4,44.2,0.399,30.4,146.3,CRITICAL,Cloudburst,MEDIUM
2026-07-28 12:30:00,93.5,33.1,4.0,1.99,0.19,-0.33,39.8,0.364,37.0,151.0,HIGH,Cloudburst,LOW
2026-07-28 13:00:00,42.2,23.5,2.0,2.13,0.33,-0.4,39.3,0.339,17.4,39.8,CRITICAL,Cloudburst,MEDIUM
2026-07-28 13:30:00,46.9,17.0,3.8,1.93,0.43,-0.4,42.0,0.338,132.7,575.2,LOW,Cloudburst,LOW
2026-07-28 14:00:00,36.2,24.3,1.8,1.8,0.32,-0.38,42.7,0.343,17.5,80.5,CRITICAL,Cloudburst,MEDIUM
2026-07-28 14:30:00,91.2,33.1,3.6,2.1,0.33,-0.4,43.7,0.378,72.7,537.7,LOW,Cloudburst,LOW
2026-07-28 15:00:00,16.1,16.9,1.2,2.04,0.43,-0.4,40.0,0.311,137.3,886.7,LOW,Cloudburst,LOW
2026-07-28 15:30:00,61.1,31.3,2.7,1.94,0.45,-0.4,45.0,0.395,159.9,512.4,LOW,Cloudburst,LOW
2026-07-28 16:00:00,20.7,19.0,1.2,2.01,0.4,-0.26,43.2,0.336,92.1,872.8,LOW,Cloudburst,LOW
2026-07-28 16:30:00,86.9,29.7,4.4,2.04,0.36,-0.34,46.0,0.403,62.8,190.0,HIGH,Cloudburst,MEDIUM
2026-07-28 17:00:00,30.4,19.0,2.3,2.05,0.42,-0.4,39.9,0.314,146.2,955.1,LOW,Cloudburst,LOW
2026-07-28 17:30:00,47.9,17.9,3.8,2.22,0.3,-0.34,41.5,0.358,88.9,875.6,LOW,Cloudburst,LOW
2026-07-28 18:00:00,26.2,20.0,1.5,2.04,0.46,-0.38,42.6,0.351,132.9,365.4,LOW,Cloudburst,LOW
2026-07-28 18:30:00,73.9,30.1,3.6,2.1,0.34,-0.4,43.0,0.376,23.3,68.9,CRITICAL,Cloudburst,MEDIUM
2026-07-28 19:00:00,56.9,25.6,2.4,1.91,0.45,-0.27,41.3,0.365,110.7,848.5,LOW,Cloudburst,LOW
2026-07-28 19:30:00,84.5,25.2,4.6,1.95,0.25,-0.3,43.2,0.383,108.8,524.2,LOW,Cloudburst,LOW
2026-07-28 20:00:00,33.5,32.0,1.6,1.93,0.25,-0.3,45.0,0.35,113.3,356.6,LOW,Cloudburst,LOW
2026-07-28 20:30:00,53.0,36.5,1.6,2.1,0.44,-0.4,43.8,0.379,29.1,94.5,CRITICAL,Cloudburst,MEDIUM
2026-07-28 21:00:00,71.6,34.4,3.0,2.28,0.27,-0.39,41.0,0.363,100.8,1090.5,LOW,Cloudburst,LOW
2026-07-28 21:30:00,60.6,33.6,2.0,2.02,0.33,-0.4,41.1,0.354,86.7,1003.0,LOW,Cloudburst,LOW
2026-07-28 22:00:00,38.8,32.1,1.3,2.3,0.34,-0.35,46.0,0.382,34.0,141.1,CRITICAL,Cloudburst,MEDIUM
2026-07-28 22:30:00,119.9,31.8,4.3,2.05,0.29,-0.35,46.2,0.441,86.9,373.2,MEDIUM,Cloudburst,LOW
2026-07-28 23:00:00,38.4,36.9,1.5,2.1,0.41,-0.4,44.2,0.345,151.6,1037.8,LOW,Cloudburst,LOW
2026-07-28 23:30:00,57.5,25.8,3.0,2.11,0.49,-0.37,47.1,0.388,131.1,871.4,LOW,Cloudburst,LOW
2026-07-29 00:00:00,88.7,32.7,3.3,2.16,0.38,-0.4,43.5,0.403,101.4,823.5,LOW,Cloudburst,LOW
2026-07-29 00:30:00,38.8,25.1,2.1,2.36,0.39,-0.4,47.6,0.377,109.9,611.4,LOW,Cloudburst,LOW
2026-07-29 01:00:00,95.8,30.2,4.1,2.26,0.33,-0.4,46.7,0.412,166.1,454.5,LOW,Cloudburst,LOW
2026-07-29 01:30:00,56.4,33.8,2.2,2.33,0.41,-0.4,45.5,0.39,42.0,431.6,MEDIUM,Cloudburst,MEDIUM
2026-07-29 02:00:00,73.6,24.4,3.4,2.27,0.48,-0.4,45.0,0.402,54.5,328.3,HIGH,Cloudburst,MEDIUM
2026-07-29 02:30:00,69.3,31.2,3.2,2.42,0.43,-0.4,47.3,0.397,182.2,352.5,LOW,Cloudburst,LOW
2026-07-29 03:00:00,138.7,39.2,4.5,2.12,0.53,-0.33,45.7,0.432,46.5,141.9,HIGH,Cloudburst,MEDIUM
2026-07-29 03:30:00,119.3,32.7,4.6,2.09,0.38,-0.4,44.3,0.415,150.6,390.9,LOW,Cloudburst,LOW
2026-07-29 04:00:00,51.4,32.0,2.2,2.32,0.48,-0.21,43.3,0.373,166.2,774.9,LOW,Cloudburst,LOW
2026-07-29 04:30:00,59.3,33.7,2.4,2.3,0.4,-0.4,46.0,0.372,58.1,357.6,MEDIUM,Cloudburst,MEDIUM
2026-07-29 05:00:00,41.2,32.5,1.7,2.4,0.35,-0.24,43.5,0.367,118.6,1065.9,LOW,Cloudburst,LOW
2026-07-29 05:30:00,114.4,41.2,3.8,2.42,0.42,-0.4,43.7,0.396,91.5,474.2,LOW,Cloudburst,LOW
2026-07-29 06:00:00,34.6,24.0,2.0,2.32,0.38,-0.32,45.0,0.352,48.9,163.2,HIGH,Cloudburst,MEDIUM
2026-07-29 06:30:00,99.7,30.9,3.7,2.23,0.4,-0.3,46.2,0.404,59.0,499.2,MEDIUM,Cloudburst,MEDIUM
2026-07-29 07:00:00,97.7,32.7,4.0,2.44,0.43,-0.3,46.7,0.42,76.5,422.5,MEDIUM,Cloudburst,MEDIUM
2026-07-29 07:30:00,98.4,30.0,3.7,2.26,0.36,-0.4,44.3,0.406,62.3,219.3,HIGH,Cloudburst,MEDIUM
2026-07-29 08:00:00,62.6,23.2,2.9,2.29,0.37,-0.27,48.3,0.41,79.3,268.4,MEDIUM,Cloudburst,MEDIUM
2026-07-29 08:30:00,100.1,37.4,2.9,2.2,0.34,-0.4,45.4,0.408,184.5,708.9,LOW,Cloudburst,LOW
2026-07-29 09:00:00,125.5,36.0,4.2,2.54,0.52,-0.21,45.5,0.42,143.6,417.5,LOW,Cloudburst,MEDIUM
2026-07-29 09:30:00,37.1,37.2,1.5,2.32,0.34,-0.18,45.1,0.378,160.5,558.9,LOW,Cloudburst,LOW
2026-07-29 10:00:00,48.0,29.8,2.0,2.14,0.39,-0.4,47.7,0.405,147.7,1065.4,LOW,Cloudburst,LOW
2026-07-29 10:30:00,58.3,34.7,1.8,2.49,0.56,-0.4,44.6,0.39,135.3,400.5,LOW,Cloudburst,MEDIUM
2026-07-29 11:00:00,77.5,27.5,4.1,2.47,0.45,-0.23,44.4,0.376,173.3,534.2,LOW,Cloudburst,LOW
2026-07-29 11:30:00,133.4,39.5,4.2,2.17,0.34,-0.31,44.4,0.413,20.4,47.0,CRITICAL,Cloudburst,MEDIUM
2026-07-29 12:00:00,145.3,41.1,4.3,2.24,0.41,-0.4,44.3,0.424,54.9,395.3,MEDIUM,Cloudburst,MEDIUM
2026-07-29 12:30:00,31.3,32.1,1.5,2.47,0.46,-0.21,46.4,0.379,105.7,652.9,LOW,Cloudburst,LOW
2026-07-29 13:00:00,152.0,43.7,4.6,2.51,0.5,-0.23,49.0,0.477,102.6,655.8,LOW,Cloudburst,MEDIUM
2026-07-29 13:30:00,87.8,41.1,3.0,2.32,0.5,-0.35,48.1,0.424,83.3,632.0,LOW,Cloudburst,LOW
2026-07-29 14:00:00,44.0,29.2,2.3,2.26,0.47,-0.25,50.0,0.402,148.8,911.9,LOW,Cloudburst,LOW
2026-07-29 14:30:00,45.6,30.3,2.3,2.42,0.42,-0.32,47.3,0.392,92.5,1011.8,LOW,Cloudburst,LOW
2026-07-29 15:00:00,67.4,26.7,2.7,2.35,0.59,-0.15,44.5,0.381,92.5,639.9,LOW,Cloudburst,MEDIUM
2026-07-29 15:30:00,80.3,37.9,2.8,2.64,0.5,-0.3,50.4,0.44,94.9,614.4,LOW,Cloudburst,MEDIUM
2026-07-29 16:00:00,125.4,29.4,4.5,2.36,0.41,-0.22,44.6,0.414,49.8,344.1,HIGH,Cloudburst,MEDIUM
2026-07-29 16:30:00,90.0,42.3,2.7,2.27,0.53,-0.36,48.1,0.41,33.3,104.9,CRITICAL,Cloudburst,MEDIUM
2026-07-29 17:00:00,94.1,27.3,3.9,2.28,0.56,-0.26,51.4,0.452,173.4,633.4,LOW,Cloudburst,MEDIUM
2026-07-29 17:30:00,84.2,41.2,2.8,2.3,0.42,-0.14,47.4,0.421,80.2,381.4,MEDIUM,Cloudburst,MEDIUM
2026-07-29 18:00:00,116.7,30.9,4.6,2.34,0.49,-0.17,48.6,0.442,56.1,513.9,MEDIUM,Cloudburst,MEDIUM
2026-07-29 18:30:00,48.6,44.4,1.5,2.49,0.51,-0.4,51.8,0.407,172.0,720.1,LOW,Cloudburst,MEDIUM
2026-07-29 19:00:00,109.9,45.4,2.9,2.72,0.64,-0.15,46.8,0.416,108.6,1016.9,LOW,Cloudburst,MEDIUM
2026-07-29 19:30:00,79.5,41.0,2.4,2.57,0.56,-0.15,49.9,0.441,151.5,933.7,LOW,Cloudburst,MEDIUM
2026-07-29 20:00:00,109.8,36.6,4.1,2.75,0.64,-0.34,52.2,0.462,20.9,136.3,CRITICAL,Cloudburst,MEDIUM
2026-07-29 20:30:00,80.1,44.6,2.2,2.75,0.62,-0.36,48.6,0.431,38.5,162.4,HIGH,Cloudburst,MEDIUM
2026-07-29 21:00:00,87.1,43.2,2.6,2.4,0.49,-0.4,48.8,0.43,172.6,399.7,LOW,Cloudburst,MEDIUM
2026-07-29 21:30:00,146.8,37.3,4.4,2.36,0.45,-0.27,52.2,0.49,32.5,63.3,CRITICAL,Cloudburst,MEDIUM
2026-07-29 22:00:00,119.0,48.0,3.0,2.48,0.52,-0.14,50.0,0.472,40.5,188.5,HIGH,Cloudburst,MEDIUM
2026-07-29 22:30:00,53.8,30.7,2.6,2.6,0.62,-0.4,49.3,0.403,28.0,213.9,HIGH,Cloudburst,MEDIUM
2026-07-29 23:00:00,115.0,49.1,3.6,2.81,0.47,-0.38,48.5,0.456,130.6,970.1,LOW,Cloudburst,MEDIUM
2026-07-29 23:30:00,91.8,30.3,3.3,2.64,0.51,-0.4,53.0,0.459,118.3,966.1,LOW,Cloudburst,MEDIUM
2026-07-30 00:00:00,67.5,37.5,1.9,2.67,0.46,-0.21,49.8,0.412,155.9,563.3,LOW,Cloudburst,MEDIUM
2026-07-30 00:30:00,100.6,35.1,3.4,2.67,0.61,-0.38,51.1,0.441,17.5,189.7,CRITICAL,Cloudburst,MEDIUM
2026-07-30 01:00:00,130.1,46.4,3.7,2.73,0.57,-0.31,49.2,0.467,151.6,526.3,LOW,Cloudburst,MEDIUM
2026-07-30 01:30:00,64.0,36.9,2.4,2.46,0.48,-0.36,50.6,0.441,32.4,37.1,CRITICAL,Cloudburst,MEDIUM
2026-07-30 02:00:00,50.9,32.1,1.8,2.75,0.62,-0.21,49.7,0.407,33.2,147.1,CRITICAL,Cloudburst,MEDIUM
2026-07-30 02:30:00,130.9,42.6,3.3,2.46,0.5,-0.24,47.8,0.466,45.1,148.4,HIGH,Cloudburst,MEDIUM
2026-07-30 03:00:00,109.6,36.1,4.3,2.63,0.58,-0.17,51.8,0.452,68.0,177.1,HIGH,Cloudburst,MEDIUM
2026-07-30 03:30:00,139.3,39.8,4.7,2.78,0.69,-0.2,47.0,0.446,147.5,1065.7,LOW,Cloudburst,MEDIUM
2026-07-30 04:00:00,106.9,51.3,3.0,2.74,0.68,-0.31,53.8,0.477,169.0,890.6,LOW,Cloudburst,MEDIUM
2026-07-30 04:30:00,153.3,44.4,4.0,2.48,0.67,-0.26,50.6,0.486,154.6,725.8,LOW,Cloudburst,MEDIUM
2026-07-30 05:00:00,98.4,45.2,2.5,2.89,0.6,-0.21,54.2,0.468,118.0,809.2,LOW,Cloudburst,MEDIUM
2026-07-30 05:30:00,178.5,48.3,4.7,2.75,0.65,-0.2,52.7,0.521,19.7,83.2,CRITICAL,Cloudburst,HIGH
2026-07-30 06:00:00,133.9,48.3,3.5,2.92,0.7,-0.06,51.8,0.481,52.0,255.5,HIGH,Cloudburst,MEDIUM
2026-07-30 06:30:00,95.1,38.8,2.9,2.93,0.49,-0.3,49.4,0.441,57.9,348.2,MEDIUM,Cloudburst,MEDIUM
2026-07-30 07:00:00,151.8,42.0,4.7,2.89,0.59,-0.04,49.7,0.466,152.9,759.9,LOW,Cloudburst,MEDIUM
2026-07-30 07:30:00,144.0,52.3,3.1,2.81,0.65,-0.27,48.2,0.462,183.1,510.1,LOW,Cloudburst,MEDIUM
2026-07-30 08:00:00,61.9,35.8,2.4,2.7,0.74,-0.18,51.8,0.438,46.6,414.6,MEDIUM,Cloudburst,MEDIUM
2026-07-30 08:30:00,124.3,52.6,3.6,2.68,0.53,-0.11,52.7,0.471,128.2,661.7,LOW,Cloudburst,MEDIUM
2026-07-30 09:00:00,53.1,37.2,2.1,2.82,0.74,-0.26,52.1,0.442,23.9,216.5,CRITICAL,Cloudburst,HIGH
2026-07-30 09:30:00,108.6,34.2,4.4,3.01,0.7,-0.09,55.1,0.503,31.6,107.5,CRITICAL,Cloudburst,HIGH
2026-07-30 10:00:00,161.9,50.0,4.1,2.72,0.54,-0.13,49.0,0.471,148.5,614.9,LOW,Cloudburst,MEDIUM
2026-07-30 10:30:00,92.8,53.5,2.0,3.04,0.74,-0.14,53.9,0.467,183.6,471.7,LOW,Cloudburst,MEDIUM
2026-07-30 11:00:00,110.4,48.7,3.2,2.78,0.77,-0.09,51.1,0.457,79.3,445.4,MEDIUM,Cloudburst,MEDIUM
2026-07-30 11:30:00,117.4,51.4,3.2,2.98,0.57,-0.13,54.0,0.476,23.6,218.6,CRITICAL,Cloudburst,HIGH
2026-07-30 12:00:00,158.3,53.6,3.7,2.93,0.72,-0.21,50.3,0.482,19.3,107.8,CRITICAL,Cloudburst,HIGH
2026-07-30 12:30:00,134.0,55.4,2.6,3.03,0.69,-0.2,55.8,0.498,161.1,413.9,LOW,Cloudburst,MEDIUM
2026-07-30 13:00:00,112.9,47.1,3.5,3.11,0.57,-0.17,54.2,0.498,70.9,388.7,MEDIUM,Cloudburst,MEDIUM
2026-07-30 13:30:00,135.6,42.4,4.3,3.06,0.74,-0.24,49.7,0.455,63.9,534.6,MEDIUM,Cloudburst,MEDIUM
2026-07-30 14:00:00,70.3,43.9,2.3,2.71,0.63,-0.19,53.1,0.437,25.0,78.2,CRITICAL,Cloudburst,MEDIUM
2026-07-30 14:30:00,63.1,56.2,1.5,3.11,0.73,-0.03,53.7,0.441,159.3,621.9,LOW,Cloudburst,MEDIUM
2026-07-30 15:00:00,91.7,43.5,2.3,3.06,0.6,-0.26,51.3,0.437,59.8,481.8,MEDIUM,Cloudburst,MEDIUM
2026-07-30 15:30:00,160.1,54.3,3.3,3.02,0.69,-0.13,51.8,0.504,107.6,573.2,LOW,Cloudburst,MEDIUM
2026-07-30 16:00:00,141.1,38.1,4.0,2.84,0.66,-0.09,50.2,0.49,23.9,209.5,CRITICAL,Cloudburst,HIGH
2026-07-30 16:30:00,67.0,47.1,1.8,2.85,0.65,-0.13,54.1,0.456,109.1,945.6,LOW,Cloudburst,MEDIUM
2026-07-30 17:00:00,83.4,50.8,2.0,2.75,0.78,-0.1,51.7,0.434,134.5,477.0,LOW,Cloudburst,MEDIUM
2026-07-30 17:30:00,200.8,48.2,4.4,2.88,0.57,-0.13,55.8,0.577,146.3,490.7,LOW,Cloudburst,MEDIUM
2026-07-30 18:00:00,57.8,42.5,1.6,2.92,0.62,-0.13,53.2,0.442,114.2,1033.1,LOW,Cloudburst,MEDIUM
2026-07-30 18:30:00,88.1,55.7,2.3,3.0,0.69,-0.08,57.3,0.486,82.2,493.4,LOW,Cloudburst,MEDIUM
2026-07-30 19:00:00,68.0,42.5,1.9,2.85,0.61,-0.07,50.9,0.422,184.7,908.7,LOW,Cloudburst,MEDIUM
2026-07-30 19:30:00,113.4,41.7,3.8,3.09,0.83,-0.1,55.7,0.506,155.6,360.3,LOW,Cloudburst,MEDIUM
2026-07-30 20:00:00,80.5,42.2,2.2,2.96,0.79,0.0,53.7,0.448,126.1,860.2,LOW,Cloudburst,MEDIUM
2026-07-30 20:30:00,78.1,52.2,2.1,3.21,0.69,0.01,55.6,0.471,96.8,1061.9,LOW,Cloudburst,MEDIUM
2026-07-30 21:00:00,77.7,48.4,2.3,3.17,0.8,-0.0,54.8,0.464,47.3,167.5,HIGH,Cloudburst,HIGH
2026-07-30 21:30:00,92.2,43.6,2.4,2.87,0.72,-0.02,54.4,0.467,64.5,216.5,HIGH,Cloudburst,MEDIUM
2026-07-30 22:00:00,241.3,57.1,4.5,3.05,0.68,-0.12,52.3,0.555,147.1,833.9,LOW,Cloudburst,MEDIUM
2026-07-30 22:30:00,213.0,51.6,4.9,3.03,0.65,-0.19,53.2,0.547,29.1,191.7,CRITICAL,Cloudburst,HIGH
2026-07-30 23:00:00,81.6,48.8,2.5,3.28,0.86,-0.24,53.3,0.459,54.3,531.8,MEDIUM,Cloudburst,MEDIUM
2026-07-30 23:30:00,219.1,52.5,4.5,3.32,0.85,-0.06,51.7,0.558,177.8,595.5,LOW,Cloudburst,MEDIUM
2026-07-31 00:00:00,116.3,52.6,3.4,3.03,0.67,-0.24,57.2,0.518,55.5,466.0,MEDIUM,Cloudburst,MEDIUM
2026-07-31 00:30:00,190.6,54.9,3.7,3.08,0.77,-0.15,56.3,0.561,166.0,593.5,LOW,Cloudburst,MEDIUM
2026-07-31 01:00:00,124.6,57.0,2.7,3.17,0.76,-0.12,56.9,0.527,29.9,198.7,HIGH,Cloudburst,HIGH
2026-07-31 01:30:00,160.5,46.1,4.5,3.23,0.89,-0.24,59.0,0.549,88.3,451.8,LOW,Cloudburst,MEDIUM
2026-07-31 02:00:00,70.7,44.2,2.2,3.39,0.87,-0.12,56.8,0.484,165.9,1019.8,LOW,Cloudburst,MEDIUM
2026-07-31 02:30:00,174.6,54.8,4.7,3.29,0.71,-0.05,59.0,0.554,53.7,324.7,HIGH,Cloudburst,HIGH
2026-07-31 03:00:00,105.6,57.9,2.1,3.41,0.88,-0.08,58.1,0.504,165.5,425.1,LOW,Cloudburst,MEDIUM
2026-07-31 03:30:00,81.5,54.5,2.3,3.31,0.83,0.08,56.6,0.483,40.4,437.7,MEDIUM,Cloudburst,MEDIUM
2026-07-31 04:00:00,140.2,56.6,3.5,3.0,0.87,-0.17,54.1,0.521,155.1,498.2,LOW,Cloudburst,MEDIUM
2026-07-31 04:30:00,74.6,52.5,1.7,3.32,0.67,0.01,55.5,0.463,142.9,920.8,LOW,Cloudburst,MEDIUM
2026-07-31 05:00:00,155.3,57.5,3.0,3.08,0.71,-0.11,53.3,0.521,42.3,482.5,MEDIUM,Cloudburst,MEDIUM
2026-07-31 05:30:00,57.1,47.2,1.8,3.33,0.78,-0.09,54.3,0.445,135.5,885.3,LOW,Cloudburst,MEDIUM
2026-07-31 06:00:00,175.3,62.3,3.4,3.18,0.92,-0.03,56.5,0.561,155.4,795.7,LOW,Cloudburst,MEDIUM
2026-07-31 06:30:00,86.3,53.5,2.3,3.18,0.89,-0.08,57.7,0.5,172.2,948.7,LOW,Cloudburst,MEDIUM
2026-07-31 07:00:00,98.4,50.7,2.2,3.31,0.8,-0.2,59.1,0.524,33.9,26.0,CRITICAL,Cloudburst,HIGH
2026-07-31 07:30:00,173.0,62.2,3.4,3.38,0.79,0.0,59.4,0.577,21.1,51.9,CRITICAL,Cloudburst,HIGH
2026-07-31 08:00:00,143.3,50.1,4.3,3.1,0.91,-0.03,57.6,0.546,26.5,122.6,CRITICAL,Cloudburst,HIGH
2026-07-31 08:30:00,121.8,56.5,2.4,3.46,0.71,-0.05,54.9,0.486,148.7,874.1,LOW,Cloudburst,MEDIUM
2026-07-31 09:00:00,85.0,54.7,2.0,3.44,0.86,-0.19,57.3,0.477,129.9,1094.6,LOW,Cloudburst,MEDIUM
2026-07-31 09:30:00,48.8,46.3,1.6,3.47,0.87,-0.2,54.4,0.438,67.8,445.8,MEDIUM,Cloudburst,MEDIUM
2026-07-31 10:00:00,122.2,48.0,3.6,3.47,0.95,-0.18,58.1,0.533,76.3,458.6,MEDIUM,Cloudburst,HIGH
2026-07-31 10:30:00,213.6,61.0,3.7,3.48,0.79,0.03,58.0,0.596,62.1,245.6,HIGH,Cloudburst,HIGH
2026-07-31 11:00:00,148.2,49.8,3.5,3.37,0.85,-0.1,59.9,0.544,38.0,474.5,MEDIUM,Cloudburst,HIGH
2026-07-31 11:30:00,135.4,47.9,3.7,3.16,0.73,-0.05,58.9,0.532,12.5,68.6,CRITICAL,Cloudburst,HIGH
2026-07-31 12:00:00,115.1,54.2,2.8,3.34,0.86,-0.01,58.7,0.514,52.8,184.2,HIGH,Cloudburst,HIGH
2026-07-31 12:30:00,110.0,54.0,2.4,3.52,0.82,0.09,57.6,0.503,19.2,161.4,CRITICAL,Cloudburst,HIGH
2026-07-31 13:00:00,68.3,52.0,1.7,3.46,0.95,0.01,60.6,0.507,14.9,143.0,CRITICAL,Cloudburst,HIGH
2026-07-31 13:30:00,225.5,66.6,4.8,3.21,0.76,-0.09,56.0,0.585,79.8,479.0,LOW,Cloudburst,MEDIUM
2026-07-31 14:00:00,134.3,58.9,3.5,3.59,0.9,-0.09,56.5,0.508,176.1,723.8,LOW,Cloudburst,MEDIUM
2026-07-31 14:30:00,168.0,56.2,3.4,3.34,0.88,-0.16,56.5,0.558,23.3,157.8,CRITICAL,Cloudburst,HIGH
2026-07-31 15:00:00,111.7,52.3,2.6,3.41,0.92,0.08,56.7,0.509,54.0,300.5,HIGH,Cloudburst,HIGH
2026-07-31 15:30:00,149.1,63.6,2.9,3.59,0.81,-0.07,56.3,0.536,163.1,966.5,LOW,Cloudburst,MEDIUM
2026-07-31 16:00:00,216.3,57.2,5.0,3.64,0.95,0.09,56.1,0.569,81.8,521.8,LOW,Cloudburst,HIGH
2026-07-31 16:30:00,130.8,63.3,2.8,3.27,1.01,0.15,56.5,0.523,77.3,296.8,MEDIUM,Cloudburst,HIGH
2026-07-31 17:00:00,142.8,61.4,2.6,3.62,0.9,0.16,61.2,0.554,75.7,359.1,MEDIUM,Cloudburst,HIGH
2026-07-31 17:30:00,115.1,69.8,2.2,3.66,1.02,0.0,56.6,0.507,131.1,378.2,LOW,Cloudburst,HIGH
2026-07-31 18:00:00,87.7,67.5,1.8,3.64,1.01,-0.08,58.8,0.51,155.3,543.3,LOW,Cloudburst,HIGH
2026-07-31 18:30:00,172.2,58.6,4.1,3.35,0.82,-0.12,60.6,0.572,103.0,890.9,LOW,Cloudburst,MEDIUM
2026-07-31 19:00:00,156.5,63.0,3.5,3.41,0.94,0.07,58.1,0.557,82.1,592.3,LOW,Cloudburst,MEDIUM
2026-07-31 19:30:00,278.3,68.3,4.7,3.6,1.03,0.17,60.2,0.642,143.2,595.6,LOW,Cloudburst,HIGH
2026-07-31 20:00:00,151.7,61.4,3.2,3.74,0.94,0.16,56.9,0.532,44.0,472.8,MEDIUM,Cloudburst,HIGH
2026-07-31 20:30:00,80.8,53.8,1.7,3.62,0.83,-0.1,63.4,0.549,54.3,282.2,HIGH,Cloudburst,HIGH
2026-07-31 21:00:00,172.4,57.2,4.1,3.69,1.05,-0.1,60.0,0.572,12.5,142.3,CRITICAL,Cloudburst,HIGH
2026-07-31 21:30:00,136.1,68.0,2.9,3.4,0.82,-0.03,58.1,0.524,103.0,928.9,LOW,Cloudburst,MEDIUM
2026-07-31 22:00:00,153.4,57.0,3.5,3.65,0.93,0.16,62.6,0.572,82.5,478.0,LOW,Cloudburst,HIGH
2026-07-31 22:30:00,254.6,64.8,4.9,3.55,0.84,0.03,60.4,0.642,28.0,206.4,HIGH,Cloudburst,HIGH
2026-07-31 23:00:00,218.0,58.8,4.6,3.78,0.92,0.14,62.0,0.627,146.6,603.1,LOW,Cloudburst,HIGH
2026-07-31 23:30:00,164.8,61.9,3.0,3.47,0.84,0.12,58.6,0.557,147.0,363.5,LOW,Cloudburst,MEDIUM
2026-08-01 00:00:00,135.9,73.3,2.3,3.83,0.88,0.02,58.4,0.52,162.7,370.5,LOW,Cloudburst,HIGH
2026-08-01 00:30:00,168.0,60.1,3.2,3.54,0.86,-0.05,64.2,0.59,73.6,471.5,MEDIUM,Cloudburst,HIGH
2026-08-01 01:00:00,119.7,65.4,2.3,3.7,1.05,0.04,64.4,0.569,119.5,1087.9,LOW,Cloudburst,HIGH
2026-08-01 01:30:00,135.9,73.5,2.7,3.82,0.92,0.09,65.1,0.596,147.0,607.0,LOW,Cloudburst,HIGH
2026-08-01 02:00:00,298.0,72.8,4.7,3.57,0.98,0.04,62.8,0.675,118.3,443.1,LOW,Cloudburst,HIGH
2026-08-01 02:30:00,130.4,68.6,2.9,3.93,1.06,0.08,62.5,0.549,23.2,74.3,CRITICAL,Cloudburst,HIGH
2026-08-01 03:00:00,266.9,69.3,4.9,3.68,0.92,0.18,62.8,0.664,111.1,1056.9,LOW,Cloudburst,HIGH
2026-08-01 03:30:00,247.1,71.4,3.8,3.8,1.03,0.2,64.0,0.654,141.1,856.9,LOW,Cloudburst,HIGH
2026-08-01 04:00:00,217.2,57.3,4.7,3.78,0.9,0.18,63.3,0.638,110.4,460.2,LOW,Cloudburst,HIGH
2026-08-01 04:30:00,176.1,71.2,2.7,3.91,1.01,0.19,65.6,0.62,166.1,431.3,LOW,Cloudburst,HIGH
2026-08-01 05:00:00,240.7,60.5,4.5,3.79,1.07,0.06,65.8,0.676,21.5,142.6,CRITICAL,Cloudburst,HIGH
2026-08-01 05:30:00,180.1,59.4,3.6,3.95,0.99,0.06,63.7,0.591,42.1,212.8,HIGH,Cloudburst,HIGH
2026-08-01 06:00:00,264.3,61.1,5.2,3.97,0.97,0.15,63.9,0.67,167.4,740.2,LOW,Cloudburst,HIGH
2026-08-01 06:30:00,184.4,57.2,3.6,3.73,0.96,-0.07,62.3,0.604,126.8,1086.2,LOW,Cloudburst,HIGH
2026-08-01 07:00:00,160.4,65.8,3.7,3.77,1.09,0.2,64.9,0.614,106.2,460.0,LOW,Cloudburst,HIGH
2026-08-01 07:30:00,112.4,68.4,2.0,4.01,0.98,0.15,61.2,0.544,109.2,956.6,LOW,Cloudburst,HIGH
2026-08-01 08:00:00,304.4,75.2,4.6,3.76,1.1,0.04,66.3,0.702,32.8,187.9,HIGH,Cloudburst,HIGH
2026-08-01 08:30:00,155.7,60.8,3.1,3.74,1.1,0.23,66.3,0.617,159.9,974.4,LOW,Cloudburst,HIGH
2026-08-01 09:00:00,212.4,58.1,4.3,4.04,1.04,0.15,62.8,0.612,184.7,437.6,LOW,Cloudburst,HIGH
2026-08-01 09:30:00,130.4,62.4,3.1,4.01,0.96,0.16,66.0,0.603,16.4,208.8,CRITICAL,Cloudburst,HIGH
2026-08-01 10:00:00,91.7,71.6,1.9,3.98,1.08,-0.03,60.7,0.517,82.5,482.9,LOW,Cloudburst,HIGH
2026-08-01 10:30:00,132.5,70.5,2.4,3.99,1.03,0.0,62.0,0.564,60.4,127.2,HIGH,Cloudburst,HIGH
2026-08-01 11:00:00,149.4,64.8,3.3,3.74,1.11,0.11,63.4,0.582,161.3,853.5,LOW,Cloudburst,HIGH
2026-08-01 11:30:00,138.5,70.5,2.9,4.06,1.15,0.21,67.2,0.606,171.7,1086.5,LOW,Cloudburst,HIGH
2026-08-01 12:00:00,269.4,61.0,5.0,4.0,0.94,0.29,62.7,0.665,179.9,498.8,LOW,Cloudburst,HIGH
2026-08-01 12:30:00,116.4,62.6,2.0,3.8,1.03,0.29,67.4,0.587,81.4,700.4,LOW,Cloudburst,HIGH
2026-08-01 13:00:00,201.3,64.3,3.3,3.76,1.17,0.2,62.2,0.624,77.7,214.1,MEDIUM,Cloudburst,HIGH
2026-08-01 13:30:00,274.3,80.0,4.6,4.17,1.07,0.16,63.9,0.673,44.9,312.4,HIGH,Cloudburst,HIGH
2026-08-01 14:00:00,199.1,66.8,3.6,4.0,1.13,0.03,61.7,0.617,161.5,570.5,LOW,Cloudburst,HIGH
2026-08-01 14:30:00,235.5,69.6,4.6,4.06,0.97,0.13,67.3,0.658,80.9,750.6,LOW,Cloudburst,HIGH
2026-08-01 15:00:00,297.9,76.0,4.9,3.8,1.09,0.3,67.4,0.732,122.6,1008.6,LOW,Cloudburst,HIGH
2026-08-01 15:30:00,201.8,78.0,3.8,4.21,1.01,0.16,62.9,0.629,106.5,900.9,LOW,Cloudburst,HIGH
2026-08-01 16:00:00,228.5,73.8,4.3,4.18,1.08,0.28,65.6,0.655,163.7,986.1,LOW,Cloudburst,HIGH
2026-08-01 16:30:00,184.5,68.3,4.1,4.23,1.03,0.25,62.1,0.587,147.9,791.5,LOW,Cloudburst,HIGH
2026-08-01 17:00:00,237.2,75.8,3.3,3.99,1.09,0.24,68.7,0.692,52.8,294.2,HIGH,Cloudburst,HIGH
2026-08-01 17:30:00,136.8,78.3,2.3,3.86,0.98,0.19,68.1,0.617,43.2,390.5,HIGH,Cloudburst,HIGH
2026-08-01 18:00:00,162.2,82.6,2.3,3.98,1.15,0.0,69.3,0.63,174.1,865.1,LOW,Cloudburst,HIGH
2026-08-01 18:30:00,125.2,64.4,2.3,4.1,1.23,0.03,64.8,0.572,80.8,692.5,LOW,Cloudburst,HIGH
2026-08-01 19:00:00,125.7,75.0,1.9,4.13,1.06,0.16,64.6,0.577,106.6,362.1,LOW,Cloudburst,HIGH
2026-08-01 19:30:00,235.7,64.2,4.9,4.19,1.01,0.22,67.4,0.663,105.8,1081.3,LOW,Cloudburst,HIGH
2026-08-01 20:00:00,228.9,73.9,4.2,4.03,1.04,0.32,68.0,0.677,100.6,822.1,LOW,Cloudburst,HIGH
2026-08-01 20:30:00,166.3,73.0,2.8,4.3,1.12,0.3,67.8,0.632,88.4,617.7,LOW,Cloudburst,HIGH
2026-08-01 21:00:00,271.8,72.3,4.9,4.19,1.06,0.29,63.3,0.659,118.5,556.2,LOW,Cloudburst,HIGH
2026-08-01 21:30:00,286.8,65.8,5.2,4.15,1.26,0.2,65.9,0.708,37.9,388.2,HIGH,Cloudburst,HIGH
2026-08-01 22:00:00,198.2,79.1,3.6,4.18,1.23,0.14,66.8,0.656,141.7,942.9,LOW,Cloudburst,HIGH
2026-08-01 22:30:00,230.2,65.0,4.2,4.1,1.2,0.31,68.3,0.678,164.8,847.7,LOW,Cloudburst,HIGH
2026-08-01 23:00:00,279.3,73.1,4.4,3.96,1.11,0.19,68.3,0.724,41.1,506.9,MEDIUM,Cloudburst,HIGH
2026-08-01 23:30:00,265.5,82.6,4.4,4.16,1.08,0.22,66.5,0.678,36.3,475.4,MEDIUM,Cloudburst,HIGH
2026-08-02 00:00:00,165.3,70.7,2.5,4.35,1.21,0.3,69.4,0.642,155.6,516.6,LOW,Cloudburst,HIGH
2026-08-02 00:30:00,255.7,84.1,3.7,4.09,1.07,0.18,68.8,0.713,170.5,490.0,LOW,Cloudburst,HIGH
2026-08-02 01:00:00,256.8,84.9,4.3,4.42,1.28,0.18,65.3,0.682,175.7,516.2,LOW,Cloudburst,HIGH
2026-08-02 01:30:00,202.1,78.7,3.0,4.42,1.08,0.35,65.0,0.638,134.9,626.9,LOW,Cloudburst,HIGH
2026-08-02 02:00:00,296.5,77.2,4.1,4.02,1.29,0.25,66.6,0.696,96.4,860.1,LOW,Cloudburst,HIGH
2026-08-02 02:30:00,154.6,70.9,2.6,4.25,1.09,0.29,68.5,0.635,172.3,434.9,LOW,Cloudburst,HIGH
2026-08-02 03:00:00,192.5,68.2,3.5,4.15,1.24,0.26,64.9,0.624,157.1,507.6,LOW,Cloudburst,HIGH
2026-08-02 03:30:00,171.9,76.6,3.0,4.37,1.15,0.1,67.3,0.621,165.3,963.2,LOW,Cloudburst,HIGH
2026-08-02 04:00:00,271.1,78.3,4.8,4.07,1.18,0.36,71.6,0.73,58.0,484.0,MEDIUM,Cloudburst,HIGH
2026-08-02 04:30:00,269.1,70.2,4.1,4.22,1.27,0.08,68.2,0.71,118.5,1061.0,LOW,Cloudburst,HIGH
2026-08-02 05:00:00,202.7,77.8,3.9,4.29,1.26,0.12,67.0,0.635,34.5,188.2,HIGH,Cloudburst,HIGH
2026-08-02 05:30:00,253.3,75.5,4.8,4.45,1.12,0.19,70.9,0.714,86.1,393.8,MEDIUM,Cloudburst,HIGH
2026-08-02 06:00:00,315.2,78.9,4.5,4.23,1.2,0.23,66.5,0.718,97.2,603.4,LOW,Cloudburst,HIGH
2026-08-02 06:30:00,294.5,82.4,4.4,4.54,1.18,0.29,71.0,0.738,66.9,426.5,MEDIUM,Cloudburst,HIGH
2026-08-02 07:00:00,168.5,71.9,2.5,4.48,1.33,0.42,68.6,0.638,69.5,178.5,HIGH,Cloudburst,CRITICAL
2026-08-02 07:30:00,307.2,70.4,4.9,4.42,1.2,0.17,67.3,0.735,177.8,448.3,LOW,Cloudburst,HIGH
2026-08-02 08:00:00,376.3,86.3,4.9,4.14,1.32,0.11,68.2,0.774,17.8,56.8,CRITICAL,Cloudburst,CRITICAL
2026-08-02 08:30:00,190.5,73.7,3.8,4.39,1.19,0.39,68.6,0.655,113.5,1096.3,LOW,Cloudburst,HIGH
2026-08-02 09:00:00,297.7,87.3,3.6,4.45,1.17,0.25,69.2,0.731,176.3,832.4,LOW,Cloudburst,HIGH
2026-08-02 09:30:00,119.1,77.9,1.9,4.34,1.3,0.16,67.7,0.582,177.9,744.4,LOW,Cloudburst,HIGH
2026-08-02 10:00:00,182.8,81.7,2.5,4.21,1.31,0.17,67.7,0.648,36.8,481.7,MEDIUM,Cloudburst,HIGH
2026-08-02 10:30:00,161.3,72.9,2.9,4.3,1.13,0.14,68.3,0.612,39.7,428.5,MEDIUM,Cloudburst,HIGH
2026-08-02 11:00:00,118.1,74.6,2.0,4.41,1.26,0.14,72.1,0.624,167.7,710.1,LOW,Cloudburst,HIGH
2026-08-02 11:30:00,297.3,78.8,4.5,4.6,1.26,0.24,73.3,0.756,68.3,386.0,MEDIUM,Cloudburst,HIGH
2026-08-02 12:00:00,308.1,85.2,4.6,4.56,1.36,0.31,69.6,0.742,107.0,486.2,LOW,Cloudburst,HIGH
2026-08-02 12:30:00,125.2,81.4,2.3,4.59,1.32,0.19,72.0,0.627,172.2,841.5,LOW,Cloudburst,HIGH
2026-08-02 13:00:00,353.1,90.8,5.2,4.5,1.19,0.32,71.4,0.8,140.2,1011.2,LOW,Cloudburst,HIGH
2026-08-02 13:30:00,337.4,88.5,4.5,4.37,1.3,0.35,71.0,0.788,52.9,191.6,HIGH,Cloudburst,CRITICAL
2026-08-02 14:00:00,281.5,77.7,4.4,4.52,1.38,0.2,69.4,0.726,84.3,716.8,LOW,Cloudburst,HIGH
2026-08-02 14:30:00,292.1,90.7,4.5,4.7,1.36,0.23,71.4,0.749,57.2,229.2,HIGH,Cloudburst,CRITICAL
2026-08-02 15:00:00,341.2,85.5,4.6,4.66,1.21,0.29,73.6,0.806,87.9,490.1,LOW,Cloudburst,HIGH
2026-08-02 15:30:00,118.8,74.6,2.2,4.54,1.39,0.3,71.1,0.608,31.5,115.5,CRITICAL,Cloudburst,CRITICAL
2026-08-02 16:00:00,216.2,85.3,3.1,4.38,1.4,0.22,73.5,0.718,142.2,423.9,LOW,Cloudburst,HIGH
2026-08-02 16:30:00,269.3,89.8,3.3,4.72,1.31,0.2,69.7,0.724,107.9,804.9,LOW,Cloudburst,HIGH
2026-08-02 17:00:00,339.2,84.6,5.0,4.43,1.32,0.27,73.2,0.805,134.0,629.1,LOW,Cloudburst,HIGH
2026-08-02 17:30:00,174.2,87.2,2.6,4.68,1.2,0.44,75.1,0.688,145.0,501.5,LOW,Cloudburst,HIGH
2026-08-02 18:00:00,235.9,93.2,3.0,4.61,1.39,0.45,69.0,0.679,23.5,186.2,CRITICAL,Cloudburst,CRITICAL
2026-08-02 18:30:00,222.2,89.5,2.7,4.43,1.41,0.16,72.4,0.691,146.8,897.3,LOW,Cloudburst,HIGH
2026-08-02 19:00:00,173.9,75.7,3.1,4.71,1.32,0.39,69.8,0.65,117.9,497.2,LOW,Cloudburst,HIGH
2026-08-02 19:30:00,205.9,84.9,3.4,4.82,1.35,0.19,69.6,0.653,20.4,45.9,CRITICAL,Cloudburst,CRITICAL
2026-08-02 20:00:00,180.5,78.1,2.7,4.61,1.38,0.33,73.3,0.668,21.3,139.2,CRITICAL,Cloudburst,CRITICAL
2026-08-02 20:30:00,138.6,78.2,2.3,4.46,1.24,0.23,73.9,0.661,89.2,892.2,LOW,Cloudburst,HIGH
2026-08-02 21:00:00,441.9,91.4,5.2,4.75,1.26,0.39,69.2,0.774,110.9,673.6,LOW,Cloudburst,HIGH
2026-08-02 21:30:00,267.8,89.6,3.8,4.78,1.44,0.46,69.8,0.71,144.2,561.5,LOW,Cloudburst,HIGH
2026-08-02 22:00:00,229.3,92.5,2.9,4.59,1.38,0.23,69.3,0.671,127.0,1086.5,LOW,Cloudburst,HIGH
2026-08-02 22:30:00,215.1,79.5,3.0,4.62,1.37,0.42,76.1,0.713,136.8,979.7,LOW,Cloudburst,HIGH
2026-08-02 23:00:00,370.4,90.3,4.6,4.73,1.28,0.42,70.3,0.763,132.2,722.4,LOW,Cloudburst,HIGH
2026-08-02 23:30:00,152.6,96.8,2.3,4.63,1.3,0.33,71.8,0.632,75.4,252.0,MEDIUM,Cloudburst,HIGH
2026-08-03 00:00:00,196.9,78.2,2.7,4.49,1.46,0.46,76.6,0.729,172.9,666.8,LOW,Cloudburst,HIGH
2026-08-03 00:30:00,164.7,82.5,2.5,4.52,1.26,0.4,74.8,0.674,178.8,673.4,LOW,Cloudburst,HIGH
2026-08-03 01:00:00,113.8,82.7,2.0,4.91,1.32,0.42,72.3,0.635,57.2,491.5,MEDIUM,Cloudburst,HIGH
2026-08-03 01:30:00,287.5,91.2,4.4,4.63,1.43,0.3,70.9,0.748,118.6,1031.0,LOW,Cloudburst,HIGH
2026-08-03 02:00:00,301.9,96.9,3.7,4.66,1.35,0.51,70.6,0.742,88.6,857.8,LOW,Cloudburst,HIGH
2026-08-03 02:30:00,202.2,87.3,3.3,4.58,1.32,0.37,76.1,0.731,55.4,306.7,HIGH,Cloudburst,CRITICAL
2026-08-03 03:00:00,327.4,94.4,3.9,4.56,1.39,0.22,76.8,0.797,149.1,765.4,LOW,Cloudburst,HIGH
2026-08-03 03:30:00,217.7,94.6,3.4,4.8,1.31,0.39,74.1,0.698,152.5,852.6,LOW,Cloudburst,HIGH
2026-08-03 04:00:00,173.4,80.1,2.5,4.77,1.51,0.46,72.0,0.662,19.3,107.9,CRITICAL,Cloudburst,CRITICAL
2026-08-03 04:30:00,204.5,84.3,3.6,4.74,1.29,0.52,74.4,0.696,59.7,249.1,HIGH,Cloudburst,CRITICAL
2026-08-03 05:00:00,160.8,94.1,2.6,4.82,1.42,0.28,74.5,0.683,73.5,303.1,MEDIUM,Cloudburst,CRITICAL
2026-08-03 05:30:00,160.8,80.8,2.9,4.9,1.28,0.29,77.1,0.691,46.7,293.1,HIGH,Cloudburst,CRITICAL
2026-08-03 06:00:00,337.2,89.3,5.2,4.98,1.39,0.36,71.6,0.788,113.2,743.5,LOW,Cloudburst,HIGH
2026-08-03 06:30:00,267.7,90.2,4.5,4.81,1.53,0.37,73.4,0.752,69.1,373.4,MEDIUM,Cloudburst,CRITICAL
2026-08-03 07:00:00,324.9,81.9,4.8,4.74,1.46,0.27,71.4,0.776,125.3,789.2,LOW,Cloudburst,HIGH
2026-08-03 07:30:00,378.0,82.5,5.3,4.92,1.49,0.53,73.3,0.801,12.5,66.1,CRITICAL,Cloudburst,CRITICAL
2026-08-03 08:00:00,141.6,97.1,2.2,5.01,1.45,0.41,73.6,0.669,155.6,966.3,LOW,Cloudburst,CRITICAL
2026-08-03 08:30:00,302.0,93.8,3.4,4.75,1.46,0.47,75.8,0.798,130.5,960.2,LOW,Cloudburst,HIGH
2026-08-03 09:00:00,271.3,87.7,4.0,4.76,1.4,0.28,73.8,0.744,20.5,113.4,CRITICAL,Cloudburst,CRITICAL
2026-08-03 09:30:00,179.0,85.6,2.8,5.11,1.36,0.5,76.6,0.695,115.0,787.1,LOW,Cloudburst,CRITICAL
2026-08-03 10:00:00,328.2,91.2,5.5,4.76,1.49,0.57,75.0,0.81,182.9,845.2,LOW,Cloudburst,HIGH
2026-08-03 10:30:00,308.0,92.9,3.7,4.74,1.46,0.31,72.5,0.749,39.4,406.1,HIGH,Cloudburst,CRITICAL
2026-08-03 11:00:00,310.4,95.3,4.8,5.13,1.56,0.58,77.8,0.79,52.7,414.3,MEDIUM,Cloudburst,CRITICAL
2026-08-03 11:30:00,347.5,94.9,4.0,4.78,1.52,0.41,73.1,0.804,180.8,1071.9,LOW,Cloudburst,CRITICAL
2026-08-03 12:00:00,351.0,95.8,3.9,5.09,1.56,0.44,78.4,0.845,179.9,1046.1,LOW,Cloudburst,CRITICAL
2026-08-03 12:30:00,234.4,86.2,3.1,4.9,1.45,0.57,76.1,0.751,172.4,778.3,LOW,Cloudburst,HIGH
2026-08-03 13:00:00,229.4,92.4,3.8,4.86,1.38,0.55,73.0,0.709,94.1,705.0,LOW,Cloudburst,HIGH
2026-08-03 13:30:00,385.1,100.8,5.0,4.8,1.36,0.48,77.3,0.817,26.5,47.4,CRITICAL,Cloudburst,CRITICAL
2026-08-03 14:00:00,374.9,96.0,4.4,5.17,1.5,0.42,73.9,0.817,137.6,644.1,LOW,Cloudburst,CRITICAL
2026-08-03 14:30:00,378.6,101.3,4.4,4.94,1.36,0.29,78.0,0.849,56.7,459.9,MEDIUM,Cloudburst,CRITICAL
2026-08-03 15:00:00,212.9,91.7,3.5,4.87,1.58,0.5,75.1,0.725,166.6,868.2,LOW,Cloudburst,CRITICAL
2026-08-03 15:30:00,201.7,92.4,3.2,5.18,1.59,0.48,77.8,0.729,122.9,486.3,LOW,Cloudburst,CRITICAL
2026-08-03 16:00:00,463.6,103.6,5.2,4.98,1.43,0.5,75.1,0.818,57.8,383.1,MEDIUM,Cloudburst,CRITICAL
2026-08-03 16:30:00,226.6,91.5,3.7,4.86,1.37,0.48,74.4,0.705,181.8,616.7,LOW,Cloudburst,HIGH
2026-08-03 17:00:00,380.4,93.6,5.0,5.08,1.4,0.46,79.1,0.852,50.4,349.9,HIGH,Cloudburst,CRITICAL
2026-08-03 17:30:00,340.4,98.0,3.8,5.05,1.41,0.38,80.6,0.849,142.3,683.9,LOW,Cloudburst,CRITICAL
2026-08-03 18:00:00,237.0,98.4,3.6,5.22,1.45,0.37,77.9,0.756,142.9,893.6,LOW,Cloudburst,CRITICAL
2026-08-03 18:30:00,412.8,98.2,4.7,5.18,1.63,0.6,74.6,0.805,48.9,429.5,MEDIUM,Cloudburst,CRITICAL
2026-08-03 19:00:00,232.0,106.0,3.3,4.91,1.45,0.5,76.3,0.751,155.6,366.4,LOW,Cloudburst,HIGH
2026-08-03 19:30:00,361.9,92.2,5.3,4.92,1.42,0.35,76.3,0.812,17.5,54.6,CRITICAL,Cloudburst,CRITICAL
2026-08-03 20:00:00,166.5,98.2,2.2,5.1,1.41,0.57,80.6,0.717,141.3,929.3,LOW,Cloudburst,CRITICAL
2026-08-03 20:30:00,257.0,97.8,3.0,5.32,1.55,0.5,79.4,0.767,161.9,696.3,LOW,Cloudburst,CRITICAL
2026-08-03 21:00:00,156.0,88.9,2.4,5.26,1.53,0.66,80.3,0.715,119.7,1039.3,LOW,Cloudburst,CRITICAL
2026-08-03 21:30:00,443.7,98.4,5.4,5.02,1.54,0.6,81.3,0.864,80.5,813.9,LOW,Cloudburst,CRITICAL
2026-08-03 22:00:00,382.7,95.3,5.4,5.07,1.63,0.35,76.4,0.821,66.2,403.8,MEDIUM,Cloudburst,CRITICAL
2026-08-03 22:30:00,376.0,102.4,4.3,5.15,1.43,0.56,77.3,0.817,132.6,636.1,LOW,Cloudburst,CRITICAL
2026-08-03 23:00:00,198.9,89.5,3.3,5.31,1.59,0.34,78.6,0.738,145.4,955.6,LOW,Cloudburst,CRITICAL
2026-08-03 23:30:00,266.7,96.6,3.2,5.07,1.45,0.51,77.5,0.762,21.7,114.5,CRITICAL,Cloudburst,CRITICAL
2026-08-04 00:00:00,315.9,101.6,4.2,5.22,1.46,0.51,76.3,0.783,62.7,281.8,HIGH,Cloudburst,CRITICAL
2026-08-04 00:30:00,464.8,104.5,5.1,5.19,1.56,0.48,75.5,0.812,148.5,546.6,LOW,Cloudburst,CRITICAL
2026-08-04 01:00:00,362.5,95.2,4.9,5.13,1.52,0.6,81.5,0.846,110.8,936.9,LOW,Cloudburst,CRITICAL
2026-08-04 01:30:00,264.9,93.6,3.2,5.05,1.63,0.35,81.4,0.794,75.9,463.5,MEDIUM,Cloudburst,CRITICAL
2026-08-04 02:00:00,368.1,106.5,4.9,5.02,1.54,0.58,78.2,0.849,69.8,381.5,MEDIUM,Cloudburst,CRITICAL
2026-08-04 02:30:00,203.0,103.5,2.3,5.08,1.48,0.41,77.6,0.718,178.6,948.6,LOW,Cloudburst,CRITICAL
2026-08-04 03:00:00,427.2,103.7,5.2,5.29,1.54,0.61,78.4,0.836,29.9,51.3,CRITICAL,Cloudburst,CRITICAL
2026-08-04 03:30:00,229.5,97.5,2.5,5.26,1.57,0.68,79.4,0.766,79.2,145.8,HIGH,Cloudburst,CRITICAL
2026-08-04 04:00:00,402.0,90.6,5.6,5.35,1.58,0.49,82.8,0.879,34.1,194.3,HIGH,Cloudburst,CRITICAL
2026-08-04 04:30:00,359.5,109.3,4.2,5.4,1.65,0.36,79.1,0.833,184.0,656.4,LOW,Cloudburst,CRITICAL
2026-08-04 05:00:00,194.2,106.9,2.7,5.08,1.64,0.68,79.8,0.73,51.6,446.7,MEDIUM,Cloudburst,CRITICAL
2026-08-04 05:30:00,234.4,97.8,2.9,5.08,1.56,0.62,80.1,0.767,180.5,826.7,LOW,Cloudburst,CRITICAL
2026-08-04 06:00:00,233.5,101.4,3.1,5.41,1.5,0.56,79.8,0.761,164.0,621.5,LOW,Cloudburst,CRITICAL
2026-08-04 06:30:00,432.9,92.3,5.5,5.24,1.58,0.47,81.0,0.866,70.6,182.6,HIGH,Cloudburst,CRITICAL
2026-08-04 07:00:00,454.8,93.7,5.2,5.29,1.51,0.62,81.9,0.855,118.4,902.4,LOW,Cloudburst,CRITICAL
2026-08-04 07:30:00,419.1,104.1,4.5,5.45,1.5,0.52,81.9,0.88,54.0,246.2,HIGH,Cloudburst,CRITICAL
2026-08-04 08:00:00,321.8,101.7,4.8,5.28,1.7,0.57,77.9,0.819,24.6,112.3,CRITICAL,Cloudburst,CRITICAL
2026-08-04 08:30:00,380.0,93.4,4.5,5.23,1.63,0.51,77.1,0.835,68.9,393.2,MEDIUM,Cloudburst,CRITICAL
2026-08-04 09:00:00,334.5,108.2,4.3,5.19,1.67,0.55,81.3,0.834,51.7,484.5,MEDIUM,Cloudburst,CRITICAL
2026-08-04 09:30:00,219.4,109.7,2.2,5.36,1.69,0.64,82.0,0.784,80.6,705.6,LOW,Cloudburst,CRITICAL
2026-08-04 10:00:00,437.8,109.6,5.3,5.55,1.54,0.47,83.8,0.872,57.3,303.8,HIGH,Cloudburst,CRITICAL
2026-08-04 10:30:00,228.1,103.7,2.9,5.25,1.51,0.59,82.1,0.789,107.6,361.7,LOW,Cloudburst,CRITICAL
2026-08-04 11:00:00,446.0,109.2,4.8,5.23,1.56,0.6,80.5,0.86,98.9,845.8,LOW,Cloudburst,CRITICAL
2026-08-04 11:30:00,430.8,109.4,4.8,5.4,1.61,0.59,78.5,0.851,165.4,867.9,LOW,Cloudburst,CRITICAL
2026-08-04 12:00:00,468.5,99.8,5.7,5.3,1.54,0.56,80.6,0.84,35.8,282.0,HIGH,Cloudburst,CRITICAL
2026-08-04 12:30:00,224.6,108.3,2.5,5.3,1.7,0.53,79.5,0.742,168.5,973.7,LOW,Cloudburst,CRITICAL
2026-08-04 13:00:00,301.2,97.2,4.3,5.63,1.65,0.43,84.6,0.854,126.1,725.0,LOW,Cloudburst,CRITICAL
2026-08-04 13:30:00,463.3,113.0,5.0,5.43,1.76,0.58,78.1,0.832,112.0,1043.1,LOW,Cloudburst,CRITICAL
2026-08-04 14:00:00,188.4,110.7,2.6,5.22,1.58,0.71,82.7,0.744,78.8,306.6,MEDIUM,Cloudburst,CRITICAL
2026-08-04 14:30:00,474.6,104.7,5.4,5.58,1.69,0.6,81.3,0.847,78.8,124.8,HIGH,Cloudburst,CRITICAL
2026-08-04 15:00:00,290.8,102.2,3.2,5.33,1.6,0.73,81.9,0.809,172.6,837.4,LOW,Cloudburst,CRITICAL
2026-08-04 15:30:00,174.5,105.1,2.5,5.58,1.65,0.56,84.2,0.761,123.0,496.2,LOW,Cloudburst,CRITICAL
2026-08-04 16:00:00,500.1,106.9,5.2,5.34,1.73,0.42,83.7,0.872,14.9,186.2,CRITICAL,Cloudburst,CRITICAL
2026-08-04 16:30:00,257.3,102.7,2.8,5.52,1.77,0.75,81.4,0.791,24.9,19.0,CRITICAL,Cloudburst,CRITICAL
2026-08-04 17:00:00,361.9,115.0,3.7,5.27,1.64,0.45,83.0,0.879,170.5,574.3,LOW,Cloudburst,CRITICAL
2026-08-04 17:30:00,266.6,112.5,2.5,5.63,1.6,0.52,82.3,0.794,29.4,140.9,CRITICAL,Cloudburst,CRITICAL
2026-08-04 18:00:00,378.8,111.4,4.3,5.63,1.68,0.43,84.0,0.894,86.4,761.2,LOW,Cloudburst,CRITICAL
2026-08-04 18:30:00,236.5,106.8,2.7,5.56,1.7,0.48,84.2,0.794,103.3,755.0,LOW,Cloudburst,CRITICAL
2026-08-04 19:00:00,298.9,109.0,4.0,5.58,1.68,0.67,84.3,0.848,24.6,21.3,CRITICAL,Cloudburst,CRITICAL
2026-08-04 19:30:00,346.5,103.7,3.7,5.32,1.7,0.74,83.1,0.88,33.9,208.4,HIGH,Cloudburst,CRITICAL
2026-08-04 20:00:00,449.7,112.0,5.3,5.57,1.77,0.65,84.8,0.874,44.3,126.3,HIGH,Cloudburst,CRITICAL
2026-08-04 20:30:00,380.1,97.0,4.2,5.38,1.79,0.56,79.6,0.862,91.8,601.7,LOW,Cloudburst,CRITICAL
2026-08-04 21:00:00,468.5,106.3,5.6,5.39,1.74,0.67,81.3,0.854,116.2,938.0,LOW,Cloudburst,CRITICAL
2026-08-04 21:30:00,427.2,113.9,4.6,5.6,1.64,0.65,85.9,0.881,87.4,482.8,LOW,Cloudburst,CRITICAL
2026-08-04 22:00:00,473.1,104.1,5.5,5.74,1.68,0.72,85.8,0.882,57.7,434.5,MEDIUM,Cloudburst,CRITICAL
2026-08-04 22:30:00,232.3,114.1,2.7,5.73,1.65,0.61,81.7,0.771,146.9,444.8,LOW,Cloudburst,CRITICAL
2026-08-04 23:00:00,235.4,114.7,2.7,5.37,1.78,0.69,84.7,0.814,23.0,96.9,CRITICAL,Cloudburst,CRITICAL
2026-08-04 23:30:00,536.3,106.2,5.4,5.43,1.69,0.52,85.6,0.906,93.3,483.2,LOW,Cloudburst,CRITICAL
2026-08-05 00:00:00,381.0,104.7,4.2,5.42,1.78,0.45,83.4,0.865,175.5,962.6,LOW,Cloudburst,CRITICAL
2026-08-05 00:30:00,382.5,112.7,4.7,5.56,1.62,0.6,86.4,0.888,171.9,946.1,LOW,Cloudburst,CRITICAL
2026-08-05 01:00:00,293.7,99.7,3.9,5.82,1.73,0.7,80.6,0.81,111.4,1081.0,LOW,Cloudburst,CRITICAL
2026-08-05 01:30:00,413.3,116.4,5.2,5.49,1.8,0.49,80.6,0.858,164.3,907.9,LOW,Cloudburst,CRITICAL
2026-08-05 02:00:00,389.9,114.8,5.1,5.42,1.74,0.53,80.6,0.846,86.4,585.4,LOW,Cloudburst,CRITICAL
2026-08-05 02:30:00,501.9,104.2,5.6,5.64,1.85,0.49,85.7,0.877,109.2,595.4,LOW,Cloudburst,CRITICAL
2026-08-05 03:00:00,427.1,102.1,5.1,5.68,1.72,0.67,86.3,0.891,83.3,448.6,LOW,Cloudburst,CRITICAL
2026-08-05 03:30:00,497.2,114.7,5.6,5.79,1.79,0.8,84.0,0.872,36.4,323.9,HIGH,Cloudburst,CRITICAL
2026-08-05 04:00:00,475.6,101.3,5.1,5.56,1.79,0.49,80.8,0.866,72.9,361.4,MEDIUM,Cloudburst,CRITICAL
2026-08-05 04:30:00,245.2,103.4,3.0,5.8,1.68,0.81,85.6,0.821,87.7,743.0,LOW,Cloudburst,CRITICAL
2026-08-05 05:00:00,253.1,117.4,3.1,5.58,1.75,0.62,84.5,0.827,18.7,103.0,CRITICAL,Cloudburst,CRITICAL
2026-08-05 05:30:00,477.9,119.9,4.2,5.69,1.84,0.8,84.5,0.874,179.4,588.4,LOW,Cloudburst,CRITICAL
2026-08-05 06:00:00,536.8,116.3,5.5,5.53,1.83,0.62,81.1,0.85,69.8,311.6,MEDIUM,Cloudburst,CRITICAL
2026-08-05 06:30:00,246.2,101.5,3.2,5.64,1.78,0.6,83.7,0.802,47.6,198.6,HIGH,Cloudburst,CRITICAL
2026-08-05 07:00:00,367.9,111.5,4.4,5.71,1.82,0.52,85.9,0.905,138.4,849.6,LOW,Cloudburst,CRITICAL
2026-08-05 07:30:00,374.7,102.8,5.4,5.92,1.65,0.76,81.7,0.866,182.6,364.3,LOW,Cloudburst,CRITICAL
2026-08-05 08:00:00,337.9,119.8,3.3,5.58,1.64,0.73,81.3,0.846,136.1,628.2,LOW,Cloudburst,CRITICAL
2026-08-05 08:30:00,525.2,119.8,5.1,5.51,1.65,0.55,81.8,0.855,35.4,308.2,HIGH,Cloudburst,CRITICAL
2026-08-05 09:00:00,523.9,112.7,5.1,5.7,1.65,0.55,87.0,0.897,171.0,409.2,LOW,Cloudburst,CRITICAL
2026-08-05 09:30:00,245.1,115.9,3.0,5.82,1.86,0.83,86.2,0.809,56.9,392.5,MEDIUM,Cloudburst,CRITICAL
2026-08-05 10:00:00,241.2,107.3,2.4,5.85,1.77,0.76,87.4,0.832,92.2,763.1,LOW,Cloudburst,CRITICAL
2026-08-05 10:30:00,414.3,113.6,4.8,5.88,1.65,0.58,82.0,0.879,13.7,95.5,CRITICAL,Cloudburst,CRITICAL
2026-08-05 11:00:00,481.8,121.4,4.5,5.81,1.65,0.74,81.7,0.877,72.2,523.2,LOW,Cloudburst,CRITICAL
2026-08-05 11:30:00,366.8,112.3,3.8,5.8,1.84,0.52,86.1,0.908,169.4,1066.6,LOW,Cloudburst,CRITICAL
2026-08-05 12:00:00,368.0,114.6,3.5,5.9,1.89,0.63,83.5,0.892,76.7,363.8,MEDIUM,Cloudburst,CRITICAL
2026-08-05 12:30:00,249.8,103.9,3.6,5.83,1.9,0.7,86.4,0.815,80.8,671.4,LOW,Cloudburst,CRITICAL
2026-08-05 13:00:00,439.4,103.8,5.2,5.59,1.84,0.67,86.8,0.914,53.8,326.0,HIGH,Cloudburst,CRITICAL
2026-08-05 13:30:00,516.1,117.2,4.7,5.71,1.83,0.71,86.1,0.888,178.6,631.2,LOW,Cloudburst,CRITICAL
2026-08-05 14:00:00,198.0,112.8,2.3,5.74,1.88,0.57,83.7,0.76,121.5,971.3,LOW,Cloudburst,CRITICAL
2026-08-05 14:30:00,249.3,110.7,3.1,5.64,1.89,0.58,86.0,0.809,43.8,146.3,HIGH,Cloudburst,CRITICAL
2026-08-05 15:00:00,456.8,117.4,5.6,5.99,1.87,0.62,82.8,0.861,139.5,374.0,LOW,Cloudburst,CRITICAL
2026-08-05 15:30:00,515.5,111.9,5.4,5.95,1.76,0.52,86.1,0.881,170.0,732.8,LOW,Cloudburst,CRITICAL
2026-08-05 16:00:00,230.5,121.7,2.8,5.68,1.77,0.6,88.9,0.823,60.7,411.7,MEDIUM,Cloudburst,CRITICAL
2026-08-05 16:30:00,554.0,112.9,5.6,6.07,1.93,0.72,85.7,0.907,160.3,995.5,LOW,Cloudburst,CRITICAL
2026-08-05 17:00:00,395.9,115.8,4.4,6.06,1.72,0.54,84.3,0.869,128.1,1011.7,LOW,Cloudburst,CRITICAL
2026-08-05 17:30:00,439.3,106.9,5.4,5.85,1.81,0.55,85.9,0.904,16.3,137.1,CRITICAL,Cloudburst,CRITICAL
2026-08-05 18:00:00,311.7,106.1,3.9,5.89,1.73,0.78,84.0,0.837,86.6,1068.1,LOW,Cloudburst,CRITICAL
2026-08-05 18:30:00,425.2,118.9,5.1,6.0,1.78,0.85,86.5,0.886,169.4,892.1,LOW,Cloudburst,CRITICAL
2026-08-05 19:00:00,429.2,113.2,4.3,5.82,1.82,0.61,86.7,0.906,26.1,135.7,CRITICAL,Cloudburst,CRITICAL
2026-08-05 19:30:00,468.7,118.5,5.0,5.91,1.87,0.57,83.3,0.869,20.7,218.4,CRITICAL,Cloudburst,CRITICAL
2026-08-05 20:00:00,330.1,115.6,3.2,5.92,1.85,0.61,85.7,0.873,175.1,731.4,LOW,Cloudburst,CRITICAL
2026-08-05 20:30:00,488.1,121.1,5.5,5.7,1.94,0.65,83.8,0.881,100.9,476.1,LOW,Cloudburst,CRITICAL
2026-08-05 21:00:00,251.4,106.3,2.9,5.97,1.85,0.73,89.1,0.856,51.6,404.9,MEDIUM,Cloudburst,CRITICAL
2026-08-05 21:30:00,282.5,110.9,3.2,5.75,1.77,0.62,88.5,0.855,102.8,432.3,LOW,Cloudburst,CRITICAL
2026-08-05 22:00:00,533.7,112.7,5.7,5.75,1.76,0.55,87.7,0.905,14.3,22.4,CRITICAL,Cloudburst,CRITICAL
2026-08-05 22:30:00,267.1,124.4,2.5,6.03,1.76,0.59,86.9,0.833,159.1,445.4,LOW,Cloudburst,CRITICAL
2026-08-05 23:00:00,254.6,120.1,3.2,5.75,1.91,0.59,85.8,0.837,20.1,67.0,CRITICAL,Cloudburst,CRITICAL
2026-08-05 23:30:00,433.4,122.4,4.7,6.09,1.91,0.63,86.8,0.891,73.6,508.3,LOW,Cloudburst,CRITICAL
2026-08-06 00:00:00,306.5,108.7,4.2,5.99,1.72,0.61,86.5,0.855,164.8,864.3,LOW,Cloudburst,CRITICAL
2026-08-06 00:30:00,378.9,113.8,4.0,6.07,1.93,0.61,87.4,0.913,32.6,176.0,HIGH,Cloudburst,CRITICAL
2026-08-06 01:00:00,575.8,121.2,5.3,5.81,1.74,0.69,87.7,0.9,150.7,502.3,LOW,Cloudburst,CRITICAL
2026-08-06 01:30:00,363.0,116.5,4.1,6.12,1.86,0.69,89.7,0.911,169.0,695.4,LOW,Cloudburst,CRITICAL
2026-08-06 02:00:00,540.7,114.3,5.5,5.98,1.96,0.59,86.7,0.908,74.6,250.4,MEDIUM,Cloudburst,CRITICAL
2026-08-06 02:30:00,473.8,111.9,5.0,6.19,1.84,0.71,88.8,0.909,116.6,491.4,LOW,Cloudburst,CRITICAL
2026-08-06 03:00:00,343.6,107.1,3.8,5.82,1.82,0.72,85.2,0.876,35.3,499.3,MEDIUM,Cloudburst,CRITICAL
2026-08-06 03:30:00,267.4,110.0,3.4,6.14,1.84,0.61,86.5,0.828,125.2,871.6,LOW,Cloudburst,CRITICAL
2026-08-06 04:00:00,317.1,120.8,2.9,6.01,1.89,0.9,87.6,0.876,182.6,1062.8,LOW,Cloudburst,CRITICAL
2026-08-06 04:30:00,437.0,125.9,5.0,6.15,1.8,0.68,84.8,0.89,115.9,862.0,LOW,Cloudburst,CRITICAL
2026-08-06 05:00:00,255.5,114.2,3.1,6.23,1.77,0.91,90.9,0.857,180.5,490.0,LOW,Cloudburst,CRITICAL
2026-08-06 05:30:00,220.5,118.2,2.6,6.16,1.81,0.64,90.0,0.828,53.7,153.8,HIGH,Cloudburst,CRITICAL
2026-08-06 06:00:00,483.8,118.3,5.3,5.96,1.84,0.82,87.7,0.918,137.9,1037.1,LOW,Cloudburst,CRITICAL
2026-08-06 06:30:00,297.0,114.5,3.3,6.16,1.89,0.89,86.4,0.862,145.6,1026.1,LOW,Cloudburst,CRITICAL
2026-08-06 07:00:00,474.1,115.2,5.7,6.19,1.84,0.74,87.3,0.909,173.1,796.0,LOW,Cloudburst,CRITICAL
2026-08-06 07:30:00,444.4,109.4,5.7,5.97,1.82,0.6,87.2,0.904,104.6,1031.2,LOW,Cloudburst,CRITICAL
2026-08-06 08:00:00,657.9,127.0,5.6,5.97,1.83,0.61,90.0,0.927,115.1,592.3,LOW,Cloudburst,CRITICAL
2026-08-06 08:30:00,462.2,116.3,4.4,5.93,1.8,0.88,87.9,0.923,181.7,452.5,LOW,Cloudburst,CRITICAL
2026-08-06 09:00:00,458.7,128.3,4.9,5.96,1.85,0.91,91.8,0.934,177.0,838.0,LOW,Cloudburst,CRITICAL
2026-08-06 09:30:00,389.5,126.6,3.3,5.98,1.96,0.69,87.1,0.906,136.3,391.9,LOW,Cloudburst,CRITICAL
2026-08-06 10:00:00,285.3,124.2,3.2,5.85,2.0,0.82,88.7,0.871,130.7,441.5,LOW,Cloudburst,CRITICAL
2026-08-06 10:30:00,467.3,127.3,5.3,6.09,1.79,0.72,85.7,0.907,173.3,560.6,LOW,Cloudburst,CRITICAL
2026-08-06 11:00:00,348.6,128.4,3.7,6.26,1.99,0.74,90.7,0.918,56.9,483.0,MEDIUM,Cloudburst,CRITICAL
2026-08-06 11:30:00,422.3,110.1,4.8,6.15,1.93,0.65,90.9,0.937,16.4,123.5,CRITICAL,Cloudburst,CRITICAL
2026-08-06 12:00:00,495.5,125.7,5.5,6.12,1.88,0.75,88.0,0.919,68.0,201.0,HIGH,Cloudburst,CRITICAL
2026-08-06 12:30:00,301.4,127.6,2.8,6.18,1.78,0.86,91.0,0.897,152.8,1049.3,LOW,Cloudburst,CRITICAL
2026-08-06 13:00:00,553.0,116.9,5.6,5.88,1.94,0.61,86.4,0.884,160.1,483.6,LOW,Cloudburst,CRITICAL
2026-08-06 13:30:00,344.6,116.0,3.5,5.89,2.01,0.64,87.5,0.89,179.4,869.2,LOW,Cloudburst,CRITICAL
2026-08-06 14:00:00,566.1,125.0,5.6,6.33,1.94,0.63,91.8,0.926,46.3,205.2,HIGH,Cloudburst,CRITICAL
2026-08-06 14:30:00,359.1,113.0,3.6,6.16,1.82,0.85,86.8,0.905,137.6,992.0,LOW,Cloudburst,CRITICAL
2026-08-06 15:00:00,420.9,124.4,3.6,6.19,1.87,0.91,87.1,0.912,52.6,192.7,HIGH,Cloudburst,CRITICAL
2026-08-06 15:30:00,521.8,119.0,5.1,6.17,1.83,0.79,85.6,0.896,74.9,323.7,MEDIUM,Cloudburst,CRITICAL
2026-08-06 16:00:00,617.4,126.9,5.5,6.1,1.84,0.68,89.2,0.925,180.2,702.2,LOW,Cloudburst,CRITICAL
2026-08-06 16:30:00,224.1,129.9,2.6,6.26,1.83,0.82,86.6,0.797,99.5,468.8,LOW,Cloudburst,CRITICAL
2026-08-06 17:00:00,331.6,112.4,3.7,6.2,1.83,0.64,92.5,0.942,181.6,516.7,LOW,Cloudburst,CRITICAL
2026-08-06 17:30:00,416.8,123.2,4.8,6.22,1.81,0.91,91.7,0.953,87.2,880.6,LOW,Cloudburst,CRITICAL
2026-08-06 18:00:00,541.2,126.3,5.4,5.98,1.87,0.87,87.4,0.898,179.8,512.5,LOW,Cloudburst,CRITICAL
2026-08-06 18:30:00,360.5,129.8,3.0,6.27,1.92,0.83,88.0,0.916,184.5,609.6,LOW,Cloudburst,CRITICAL
2026-08-06 19:00:00,570.9,122.2,5.4,6.32,1.96,0.85,87.3,0.92,177.8,653.8,LOW,Cloudburst,CRITICAL
2026-08-06 19:30:00,620.0,123.4,5.3,6.34,1.85,0.84,87.8,0.905,167.2,942.8,LOW,Cloudburst,CRITICAL
2026-08-06 20:00:00,493.9,112.5,5.2,6.25,1.93,0.71,89.6,0.921,30.1,63.4,CRITICAL,Cloudburst,CRITICAL
2026-08-06 20:30:00,420.2,128.4,3.5,6.09,2.0,0.85,86.3,0.897,126.2,514.8,LOW,Cloudburst,CRITICAL
2026-08-06 21:00:00,378.5,112.5,3.8,6.33,1.97,0.7,89.5,0.918,75.2,147.2,HIGH,Cloudburst,CRITICAL
2026-08-06 21:30:00,435.4,112.3,5.2,6.38,1.95,0.9,90.9,0.939,75.7,304.1,MEDIUM,Cloudburst,CRITICAL
2026-08-06 22:00:00,307.1,122.9,2.7,5.97,1.89,0.77,92.9,0.923,27.8,162.8,CRITICAL,Cloudburst,CRITICAL
2026-08-06 22:30:00,307.7,118.1,3.2,6.18,1.9,0.69,86.4,0.871,35.7,229.1,HIGH,Cloudburst,CRITICAL
2026-08-06 23:00:00,281.4,112.1,3.0,6.3,1.97,0.66,87.1,0.852,65.2,524.5,MEDIUM,Cloudburst,CRITICAL
2026-08-06 23:30:00,574.0,120.5,5.1,6.27,1.91,0.81,89.3,0.922,110.0,742.4,LOW,Cloudburst,CRITICAL
2026-08-07 00:00:00,290.6,121.8,3.0,6.33,1.84,0.84,87.4,0.854,124.8,856.2,LOW,Cloudburst,CRITICAL
2026-08-07 00:30:00,686.3,126.0,5.8,6.23,1.95,0.79,89.0,0.902,157.4,1052.0,LOW,Cloudburst,CRITICAL
2026-08-07 01:00:00,537.1,130.2,4.8,6.03,1.9,0.67,92.0,0.954,68.9,201.0,HIGH,Cloudburst,CRITICAL
2026-08-07 01:30:00,516.8,128.0,4.8,6.01,1.87,0.67,87.5,0.921,24.0,187.6,CRITICAL,Cloudburst,CRITICAL
2026-08-07 02:00:00,466.0,119.9,4.1,6.41,1.96,0.79,90.1,0.935,135.0,350.9,LOW,Cloudburst,CRITICAL
2026-08-07 02:30:00,393.5,120.4,4.4,6.18,1.99,0.78,90.8,0.928,114.6,1042.5,LOW,Cloudburst,CRITICAL
2026-08-07 03:00:00,276.4,128.9,2.8,6.02,1.91,0.88,92.8,0.906,17.7,98.4,CRITICAL,Cloudburst,CRITICAL
2026-08-07 03:30:00,395.3,122.0,4.9,6.26,2.01,0.98,91.2,0.929,178.6,681.0,LOW,Cloudburst,CRITICAL
2026-08-07 04:00:00,408.4,125.7,4.7,6.11,2.0,0.71,91.8,0.926,114.7,889.3,LOW,Cloudburst,CRITICAL
2026-08-07 04:30:00,300.0,116.1,3.7,6.15,1.93,0.71,93.9,0.908,159.6,810.6,LOW,Cloudburst,CRITICAL
2026-08-07 05:00:00,468.7,124.1,4.6,6.44,1.92,0.78,89.9,0.938,87.2,573.9,LOW,Cloudburst,CRITICAL
2026-08-07 05:30:00,412.9,131.0,3.4,6.14,2.02,0.75,87.6,0.902,167.1,809.0,LOW,Cloudburst,CRITICAL
2026-08-07 06:00:00,623.6,124.9,5.7,6.42,1.89,0.89,89.0,0.914,90.0,519.8,LOW,Cloudburst,CRITICAL
2026-08-07 06:30:00,526.4,118.5,5.5,6.29,2.0,0.87,88.1,0.923,20.3,82.3,CRITICAL,Cloudburst,CRITICAL
2026-08-07 07:00:00,525.7,122.8,4.6,6.28,2.08,0.88,92.6,0.942,102.4,993.6,LOW,Cloudburst,CRITICAL
2026-08-07 07:30:00,248.4,115.4,3.3,6.1,2.06,0.84,92.1,0.861,31.9,113.1,CRITICAL,Cloudburst,CRITICAL
2026-08-07 08:00:00,381.1,131.4,3.6,6.4,1.89,0.87,89.8,0.909,93.8,789.2,LOW,Cloudburst,CRITICAL
2026-08-07 08:30:00,227.6,118.4,2.9,6.19,1.91,0.8,93.8,0.878,37.7,382.7,HIGH,Cloudburst,CRITICAL
2026-08-07 09:00:00,537.5,116.4,5.3,6.1,1.93,0.69,92.5,0.946,91.8,993.9,LOW,Cloudburst,CRITICAL
2026-08-07 09:30:00,381.9,125.6,4.3,6.43,1.99,0.87,94.1,0.967,108.1,672.7,LOW,Cloudburst,CRITICAL
2026-08-07 10:00:00,670.3,126.0,5.7,6.19,1.91,0.78,89.2,0.929,68.6,286.8,MEDIUM,Cloudburst,CRITICAL
2026-08-07 10:30:00,303.8,124.7,3.2,6.15,2.07,0.75,93.3,0.903,39.3,408.4,HIGH,Cloudburst,CRITICAL
2026-08-07 11:00:00,510.1,117.8,5.5,6.36,1.89,0.79,87.6,0.895,52.1,313.8,HIGH,Cloudburst,CRITICAL
2026-08-07 11:30:00,478.3,127.9,4.2,6.44,1.95,0.94,87.8,0.911,148.9,1091.4,LOW,Cloudburst,CRITICAL
2026-08-07 12:00:00,530.8,132.0,4.9,6.5,1.92,0.92,88.6,0.919,151.2,417.3,LOW,Cloudburst,CRITICAL
2026-08-07 12:30:00,371.1,132.0,4.2,6.21,1.92,1.0,93.5,0.956,22.1,61.8,CRITICAL,Cloudburst,CRITICAL
2026-08-07 13:00:00,502.8,133.2,5.4,6.21,2.06,0.87,90.4,0.937,43.3,443.2,MEDIUM,Cloudburst,CRITICAL
2026-08-07 13:30:00,468.7,129.5,5.1,6.36,1.89,1.0,89.3,0.927,35.6,177.8,HIGH,Cloudburst,CRITICAL
2026-08-07 14:00:00,639.6,118.7,5.9,6.2,1.91,0.73,91.0,0.929,23.7,156.9,CRITICAL,Cloudburst,CRITICAL
2026-08-07 14:30:00,459.7,123.6,4.0,6.15,1.86,0.96,91.1,0.939,117.5,913.2,LOW,Cloudburst,CRITICAL
2026-08-07 15:00:00,475.2,115.7,5.6,6.52,1.95,0.68,89.0,0.912,51.9,370.1,MEDIUM,Cloudburst,CRITICAL
2026-08-07 15:30:00,412.0,118.0,5.3,6.45,1.93,0.98,88.2,0.92,105.5,693.8,LOW,Cloudburst,CRITICAL
2026-08-07 16:00:00,616.9,130.9,5.3,6.3,2.09,0.67,89.0,0.932,40.3,462.7,MEDIUM,Cloudburst,CRITICAL
2026-08-07 16:30:00,580.4,115.9,5.6,6.22,2.04,0.98,94.1,0.949,92.0,932.1,LOW,Cloudburst,CRITICAL
2026-08-07 17:00:00,624.0,127.7,5.7,6.15,1.94,0.75,93.4,0.938,115.9,996.7,LOW,Cloudburst,CRITICAL
2026-08-07 17:30:00,257.9,122.1,2.6,6.18,2.0,0.99,92.7,0.893,120.8,604.6,LOW,Cloudburst,CRITICAL
2026-08-07 18:00:00,264.5,118.1,2.7,6.42,2.07,0.87,90.7,0.881,143.2,561.3,LOW,Cloudburst,CRITICAL
2026-08-07 18:30:00,509.3,129.8,4.2,6.32,1.99,0.88,93.4,0.943,25.2,53.2,CRITICAL,Cloudburst,CRITICAL
2026-08-07 19:00:00,262.9,116.0,2.8,6.43,2.11,0.68,94.9,0.888,107.6,955.5,LOW,Cloudburst,CRITICAL
2026-08-07 19:30:00,327.2,133.5,2.6,6.51,1.89,0.97,91.5,0.928,132.0,948.5,LOW,Cloudburst,CRITICAL
2026-08-07 20:00:00,464.5,122.2,4.6,6.28,2.02,0.76,92.3,0.956,139.2,1023.0,LOW,Cloudburst,CRITICAL
2026-08-07 20:30:00,306.6,118.8,2.8,6.24,2.11,0.93,92.0,0.897,43.4,129.2,HIGH,Cloudburst,CRITICAL
2026-08-07 21:00:00,248.0,117.6,3.0,6.24,2.04,0.91,94.3,0.896,78.2,532.0,LOW,Cloudburst,CRITICAL
2026-08-07 21:30:00,477.8,115.4,5.1,6.26,1.92,1.01,91.3,0.948,168.5,363.9,LOW,Cloudburst,CRITICAL
2026-08-07 22:00:00,445.0,125.6,4.3,6.14,1.96,0.76,89.4,0.921,160.8,810.4,LOW,Cloudburst,CRITICAL
2026-08-07 22:30:00,439.1,122.5,4.3,6.44,2.09,0.74,91.7,0.934,119.9,1027.8,LOW,Cloudburst,CRITICAL
2026-08-07 23:00:00,525.6,119.7,4.7,6.24,2.02,0.78,89.6,0.919,171.4,705.6,LOW,Cloudburst,CRITICAL
2026-08-07 23:30:00,256.4,122.8,3.0,6.3,1.98,0.98,88.9,0.859,152.0,450.4,LOW,Cloudburst,CRITICAL
2026-08-08 00:00:00,419.9,134.2,4.5,6.56,1.95,0.7,95.0,0.967,145.0,513.8,LOW,Cloudburst,CRITICAL
2026-08-08 00:30:00,405.4,130.9,3.6,6.35,1.98,0.83,93.4,0.939,38.7,295.7,HIGH,Cloudburst,CRITICAL
2026-08-08 01:00:00,603.8,129.0,5.0,6.3,1.89,0.81,90.2,0.937,101.0,834.7,LOW,Cloudburst,CRITICAL
2026-08-08 01:30:00,229.0,119.9,2.8,6.17,2.04,0.94,90.3,0.842,104.5,988.2,LOW,Cloudburst,CRITICAL
2026-08-08 02:00:00,267.7,132.2,3.0,6.52,2.09,0.71,93.9,0.902,76.4,247.3,MEDIUM,Cloudburst,CRITICAL
2026-08-08 02:30:00,591.2,130.1,5.6,6.39,2.1,0.87,95.4,0.971,63.5,123.6,HIGH,Cloudburst,CRITICAL
2026-08-08 03:00:00,290.2,122.5,2.9,6.29,1.9,0.78,89.4,0.886,156.8,350.7,LOW,Cloudburst,CRITICAL
2026-08-08 03:30:00,385.8,134.6,3.1,6.37,2.01,0.9,94.3,0.967,102.1,932.0,LOW,Cloudburst,CRITICAL
2026-08-08 04:00:00,521.1,121.7,4.7,6.21,2.07,0.95,91.6,0.952,34.4,75.7,CRITICAL,Cloudburst,CRITICAL
2026-08-08 04:30:00,468.4,130.4,4.6,6.24,1.92,0.7,90.7,0.92,23.1,73.3,CRITICAL,Cloudburst,CRITICAL
2026-08-08 05:00:00,388.1,132.0,4.3,6.57,2.07,1.01,92.5,0.947,161.1,999.4,LOW,Cloudburst,CRITICAL
2026-08-08 05:30:00,617.6,125.1,5.5,6.6,1.99,0.89,90.5,0.916,131.5,422.4,LOW,Cloudburst,CRITICAL
2026-08-08 06:00:00,472.8,118.4,4.9,6.36,1.9,0.99,88.8,0.905,131.1,476.1,LOW,Cloudburst,CRITICAL
2026-08-08 06:30:00,295.1,135.0,2.5,6.35,2.02,0.75,94.7,0.905,12.7,144.5,CRITICAL,Cloudburst,CRITICAL
2026-08-08 07:00:00,303.9,121.2,3.1,6.59,1.95,0.93,92.5,0.905,40.0,299.7,HIGH,Cloudburst,CRITICAL
2026-08-08 07:30:00,359.9,131.9,3.1,6.41,1.9,0.84,91.7,0.948,154.3,917.2,LOW,Cloudburst,CRITICAL
2026-08-08 08:00:00,538.6,119.9,5.5,6.4,2.11,0.99,94.9,0.976,128.5,1012.1,LOW,Cloudburst,CRITICAL
2026-08-08 08:30:00,576.8,124.5,5.3,6.57,2.02,0.9,95.4,0.956,170.0,912.5,LOW,Cloudburst,CRITICAL
2026-08-08 09:00:00,281.8,125.5,3.1,6.22,2.03,1.02,95.5,0.926,44.8,405.4,MEDIUM,Cloudburst,CRITICAL
2026-08-08 09:30:00,322.4,121.0,3.2,6.41,1.92,0.87,95.5,0.956,72.4,200.3,HIGH,Cloudburst,CRITICAL
2026-08-08 10:00:00,467.1,117.8,5.0,6.6,2.07,0.95,88.9,0.924,176.8,711.7,LOW,Cloudburst,CRITICAL
2026-08-08 10:30:00,503.2,125.0,4.8,6.18,1.98,0.89,95.1,0.96,105.1,425.3,LOW,Cloudburst,CRITICAL
2026-08-08 11:00:00,375.4,132.0,3.4,6.37,2.01,0.84,92.0,0.945,99.0,433.0,LOW,Cloudburst,CRITICAL
2026-08-08 11:30:00,450.8,133.7,4.0,6.48,2.03,0.79,90.0,0.94,128.9,1093.0,LOW,Cloudburst,CRITICAL
2026-08-08 12:00:00,283.9,124.4,3.0,6.36,2.13,0.82,90.0,0.888,162.5,781.1,LOW,Cloudburst,CRITICAL
2026-08-08 12:30:00,362.8,120.7,3.6,6.26,2.04,1.0,91.1,0.92,116.2,853.4,LOW,Cloudburst,CRITICAL
2026-08-08 13:00:00,232.2,125.6,2.5,6.2,1.93,0.99,90.7,0.85,94.2,923.6,LOW,Cloudburst,CRITICAL
2026-08-08 13:30:00,420.3,136.6,4.6,6.4,2.0,0.9,92.8,0.943,107.7,796.5,LOW,Cloudburst,CRITICAL
2026-08-08 14:00:00,450.9,121.8,4.9,6.37,2.05,0.89,89.4,0.914,100.1,952.0,LOW,Cloudburst,CRITICAL
2026-08-08 14:30:00,516.1,119.0,5.5,6.61,1.97,0.85,91.3,0.944,81.0,786.1,LOW,Cloudburst,CRITICAL
2026-08-08 15:00:00,318.5,124.4,2.9,6.33,2.03,0.78,94.4,0.945,40.8,395.2,HIGH,Cloudburst,CRITICAL
2026-08-08 15:30:00,484.2,123.3,5.6,6.26,2.11,1.03,89.9,0.934,91.4,647.5,LOW,Cloudburst,CRITICAL
2026-08-08 16:00:00,489.6,118.0,4.6,6.31,1.94,0.87,92.5,0.937,145.2,350.4,LOW,Cloudburst,CRITICAL
2026-08-08 16:30:00,461.1,120.6,4.5,6.49,1.91,0.86,92.7,0.957,53.0,375.9,MEDIUM,Cloudburst,CRITICAL
2026-08-08 17:00:00,484.9,131.7,5.4,6.3,1.98,1.03,90.0,0.924,178.1,941.2,LOW,Cloudburst,CRITICAL
2026-08-08 17:30:00,279.2,121.1,2.7,6.38,2.08,0.95,93.1,0.911,162.4,797.3,LOW,Cloudburst,CRITICAL
2026-08-08 18:00:00,268.2,136.2,2.6,6.54,1.97,0.88,90.3,0.873,87.8,756.0,LOW,Cloudburst,CRITICAL
2026-08-08 18:30:00,618.1,125.5,6.0,6.52,2.02,0.86,89.1,0.929,32.5,111.8,CRITICAL,Cloudburst,CRITICAL
2026-08-08 19:00:00,378.0,117.6,4.7,6.6,2.09,0.84,89.8,0.921,52.0,515.1,MEDIUM,Cloudburst,CRITICAL
2026-08-08 19:30:00,584.7,119.6,5.9,6.5,1.91,0.86,95.6,0.961,108.6,1046.8,LOW,Cloudburst,CRITICAL
2026-08-08 20:00:00,309.2,123.0,3.8,6.25,1.93,0.96,95.3,0.946,117.8,677.1,LOW,Cloudburst,CRITICAL
2026-08-08 20:30:00,317.8,125.5,3.6,6.47,2.13,0.75,91.3,0.911,49.3,393.1,MEDIUM,Cloudburst,CRITICAL
2026-08-08 21:00:00,375.8,117.5,4.0,6.44,2.02,0.83,93.8,0.959,68.3,376.8,MEDIUM,Cloudburst,CRITICAL
2026-08-08 21:30:00,384.0,118.9,3.6,6.2,1.96,0.77,94.8,0.964,179.7,565.6,LOW,Cloudburst,CRITICAL
2026-08-08 22:00:00,356.8,120.3,3.3,6.53,2.12,0.71,91.7,0.945,125.9,1059.9,LOW,Cloudburst,CRITICAL
2026-08-08 22:30:00,280.7,131.3,2.7,6.48,2.13,0.91,92.2,0.906,39.2,452.1,MEDIUM,Cloudburst,CRITICAL
2026-08-08 23:00:00,404.4,121.9,4.4,6.45,1.98,0.93,90.2,0.928,113.1,579.0,LOW,Cloudburst,CRITICAL
2026-08-08 23:30:00,361.1,131.2,3.7,6.35,2.0,1.03,91.6,0.943,26.5,28.6,CRITICAL,Cloudburst,CRITICAL
2026-08-09 00:00:00,240.3,134.0,2.7,6.4,1.98,0.72,91.1,0.85,93.6,923.5,LOW,Cloudburst,CRITICAL
2026-08-09 00:30:00,346.4,119.8,3.7,6.53,2.03,0.95,89.8,0.925,148.6,695.9,LOW,Cloudburst,CRITICAL
2026-08-09 01:00:00,393.5,133.1,3.6,6.61,1.95,0.79,90.4,0.923,69.7,330.0,MEDIUM,Cloudburst,CRITICAL
2026-08-09 01:30:00,282.1,119.5,3.3,6.51,1.92,0.97,90.7,0.883,123.5,1038.8,LOW,Cloudburst,CRITICAL
2026-08-09 02:00:00,373.0,117.7,4.0,6.61,2.03,0.75,89.5,0.937,149.4,709.9,LOW,Cloudburst,CRITICAL
2026-08-09 02:30:00,260.5,133.5,2.5,6.28,1.98,0.71,92.1,0.876,64.9,260.5,HIGH,Cloudburst,CRITICAL
2026-08-09 03:00:00,596.2,131.6,5.7,6.25,2.1,0.87,92.9,0.952,30.6,102.1,CRITICAL,Cloudburst,CRITICAL
2026-08-09 03:30:00,375.8,134.4,3.5,6.37,2.08,0.84,90.1,0.925,152.0,791.6,LOW,Cloudburst,CRITICAL
2026-08-09 04:00:00,335.4,121.2,3.6,6.6,2.05,0.89,93.4,0.926,86.4,1078.8,LOW,Cloudburst,CRITICAL
2026-08-09 04:30:00,524.4,128.5,4.6,6.44,2.07,0.73,92.9,0.942,95.0,783.1,LOW,Cloudburst,CRITICAL
2026-08-09 05:00:00,386.0,135.6,3.3,6.44,1.94,0.94,91.9,0.94,102.3,1028.5,LOW,Cloudburst,CRITICAL
2026-08-09 05:30:00,399.3,122.5,3.5,6.54,2.09,0.79,95.3,0.954,127.9,893.1,LOW,Cloudburst,CRITICAL
2026-08-09 06:00:00,468.2,128.2,4.0,6.35,2.11,1.0,93.9,0.957,72.3,343.6,MEDIUM,Cloudburst,CRITICAL
2026-08-09 06:30:00,454.1,133.8,5.1,6.46,1.93,0.84,94.1,0.97,117.4,1022.9,LOW,Cloudburst,CRITICAL
2026-08-09 07:00:00,532.5,133.3,5.4,6.61,2.03,0.91,92.1,0.952,26.2,17.9,CRITICAL,Cloudburst,CRITICAL
2026-08-09 07:30:00,519.7,122.9,4.5,6.55,2.13,0.97,94.5,0.953,47.7,333.4,HIGH,Cloudburst,CRITICAL
2026-08-09 08:00:00,432.7,124.7,4.3,6.48,1.92,0.94,90.4,0.94,99.0,914.0,LOW,Cloudburst,CRITICAL
2026-08-09 08:30:00,248.7,118.5,2.9,6.44,2.14,0.86,90.9,0.871,170.5,782.3,LOW,Cloudburst,CRITICAL
2026-08-09 09:00:00,292.5,132.8,2.6,6.45,2.11,0.98,94.9,0.933,156.2,684.0,LOW,Cloudburst,CRITICAL
2026-08-09 09:30:00,413.6,119.8,3.8,6.29,2.13,0.89,94.5,0.961,27.5,185.0,CRITICAL,Cloudburst,CRITICAL
2026-08-09 10:00:00,497.0,131.9,4.3,6.54,2.01,0.95,93.6,0.946,45.8,409.5,MEDIUM,Cloudburst,CRITICAL
2026-08-09 10:30:00,439.5,119.3,5.1,6.62,2.04,0.69,92.6,0.929,159.5,1088.6,LOW,Cloudburst,CRITICAL
2026-08-09 11:00:00,405.6,123.1,4.8,6.22,2.08,0.7,92.6,0.938,155.0,948.2,LOW,Cloudburst,CRITICAL
2026-08-09 11:30:00,440.0,117.6,5.0,6.51,2.12,0.79,90.3,0.939,24.1,85.4,CRITICAL,Cloudburst,CRITICAL
2026-08-09 12:00:00,512.9,126.7,5.3,6.23,2.0,1.01,93.7,0.959,100.2,799.7,LOW,Cloudburst,CRITICAL
2026-08-09 12:30:00,325.2,121.6,3.2,6.43,2.07,0.91,95.7,0.952,180.9,981.2,LOW,Cloudburst,CRITICAL
2026-08-09 13:00:00,405.1,135.8,3.8,6.58,1.96,0.91,94.6,0.957,53.4,329.6,HIGH,Cloudburst,CRITICAL
2026-08-09 13:30:00,337.8,134.2,3.7,6.49,1.97,0.82,89.2,0.9,35.2,338.5,HIGH,Cloudburst,CRITICAL
2026-08-09 14:00:00,479.0,125.8,4.2,6.53,2.03,0.83,91.5,0.928,12.8,202.4,CRITICAL,Cloudburst,CRITICAL
2026-08-09 14:30:00,388.0,124.2,4.3,6.37,1.91,0.93,89.1,0.912,30.1,219.8,HIGH,Cloudburst,CRITICAL
2026-08-09 15:00:00,533.5,129.3,5.8,6.6,2.03,0.97,91.7,0.937,57.9,539.4,MEDIUM,Cloudburst,CRITICAL
2026-08-09 15:30:00,275.2,130.0,2.6,6.19,1.93,1.03,89.8,0.885,84.6,666.7,LOW,Cloudburst,CRITICAL
2026-08-09 16:00:00,428.4,118.6,4.3,6.42,2.06,0.84,92.8,0.96,114.4,945.7,LOW,Cloudburst,CRITICAL
2026-08-09 16:30:00,382.2,128.0,4.5,6.52,2.02,0.78,95.2,0.978,160.8,820.0,LOW,Cloudburst,CRITICAL
2026-08-09 17:00:00,240.5,120.0,2.5,6.45,2.08,0.78,91.9,0.867,58.6,257.6,HIGH,Cloudburst,CRITICAL
2026-08-09 17:30:00,340.6,130.6,2.9,6.58,2.08,0.87,89.7,0.931,96.9,690.1,LOW,Cloudburst,CRITICAL
2026-08-09 18:00:00,314.9,135.8,2.6,6.53,2.13,1.03,94.0,0.942,157.2,965.6,LOW,Cloudburst,CRITICAL
2026-08-09 18:30:00,451.5,117.1,5.2,6.41,1.94,0.86,89.2,0.928,97.4,761.3,LOW,Cloudburst,CRITICAL
2026-08-09 19:00:00,495.7,135.6,5.1,6.51,1.95,0.82,91.8,0.937,155.5,420.7,LOW,Cloudburst,CRITICAL
2026-08-09 19:30:00,405.1,128.8,4.6,6.54,2.13,0.75,94.8,0.968,179.7,489.7,LOW,Cloudburst,CRITICAL
2026-08-09 20:00:00,255.4,121.6,3.0,6.46,1.9,0.77,89.8,0.844,162.5,1020.8,LOW,Cloudburst,CRITICAL
2026-08-09 20:30:00,486.5,123.4,5.0,6.2,1.89,0.95,89.0,0.921,131.4,867.1,LOW,Cloudburst,CRITICAL
2026-08-09 21:00:00,302.5,127.5,3.4,6.54,1.98,0.95,93.1,0.925,22.3,114.0,CRITICAL,Cloudburst,CRITICAL
2026-08-09 21:30:00,250.2,128.9,2.8,6.37,2.07,0.87,92.7,0.878,139.2,706.0,LOW,Cloudburst,CRITICAL
2026-08-09 22:00:00,647.2,133.4,5.9,6.2,1.94,0.74,92.0,0.948,63.6,182.0,HIGH,Cloudburst,CRITICAL
2026-08-09 22:30:00,384.1,133.9,3.4,6.21,1.94,0.83,94.3,0.951,20.9,54.4,CRITICAL,Cloudburst,CRITICAL
2026-08-09 23:00:00,371.0,129.8,4.0,6.34,2.0,0.73,93.4,0.947,41.4,521.7,MEDIUM,Cloudburst,CRITICAL
2026-08-09 23:30:00,293.9,127.9,2.6,6.34,1.94,0.99,89.5,0.87,110.8,497.4,LOW,Cloudburst,CRITICAL
2026-08-10 00:00:00,412.5,116.1,4.5,6.2,2.03,0.69,90.2,0.941,69.7,463.1,MEDIUM,Cloudburst,CRITICAL
2026-08-10 00:30:00,271.5,125.1,2.6,6.17,1.9,0.94,91.6,0.896,39.7,166.9,HIGH,Cloudburst,CRITICAL
2026-08-10 01:00:00,356.0,116.7,3.8,6.37,2.1,0.9,89.7,0.924,16.3,183.8,CRITICAL,Cloudburst,CRITICAL
2026-08-10 01:30:00,653.4,131.3,5.7,6.2,2.08,1.02,89.6,0.916,151.7,1073.3,LOW,Cloudburst,CRITICAL
2026-08-10 02:00:00,218.7,120.9,2.5,6.52,1.89,1.02,93.7,0.858,62.7,458.2,MEDIUM,Cloudburst,CRITICAL
2026-08-10 02:30:00,310.4,118.6,3.1,6.24,1.88,0.79,92.5,0.928,142.7,456.4,LOW,Cloudburst,CRITICAL
2026-08-10 03:00:00,623.5,130.3,5.8,6.5,1.95,0.96,91.7,0.945,43.2,385.3,HIGH,Cloudburst,CRITICAL
2026-08-10 03:30:00,300.9,128.4,3.1,6.35,1.9,1.0,88.9,0.872,92.6,963.8,LOW,Cloudburst,CRITICAL
2026-08-10 04:00:00,242.3,135.0,2.6,6.3,2.11,0.96,92.1,0.871,31.4,22.6,CRITICAL,Cloudburst,CRITICAL
2026-08-10 04:30:00,496.0,117.7,4.5,6.17,2.01,0.99,93.9,0.942,105.5,653.5,LOW,Cloudburst,CRITICAL
2026-08-10 05:00:00,362.1,127.6,3.5,6.32,1.98,0.84,94.4,0.966,181.7,855.8,LOW,Cloudburst,CRITICAL
2026-08-10 05:30:00,512.0,135.4,4.1,6.33,2.0,0.76,88.4,0.901,141.6,678.7,LOW,Cloudburst,CRITICAL
2026-08-10 06:00:00,543.1,134.8,5.9,6.51,1.88,0.77,89.1,0.923,87.6,382.7,MEDIUM,Cloudburst,CRITICAL
2026-08-10 06:30:00,619.0,130.5,5.1,6.21,2.06,1.0,92.4,0.94,138.4,445.9,LOW,Cloudburst,CRITICAL
2026-08-10 07:00:00,350.2,119.8,3.6,6.55,2.0,0.76,88.4,0.903,39.3,216.3,HIGH,Cloudburst,CRITICAL
2026-08-10 07:30:00,332.2,120.6,3.9,6.15,2.05,0.67,89.2,0.921,140.6,718.8,LOW,Cloudburst,CRITICAL
2026-08-10 08:00:00,318.8,115.4,3.0,6.21,1.87,0.74,88.5,0.906,15.1,121.4,CRITICAL,Cloudburst,CRITICAL
2026-08-10 08:30:00,348.9,129.3,3.5,6.12,1.93,0.7,91.6,0.928,110.9,933.6,LOW,Cloudburst,CRITICAL
2026-08-10 09:00:00,302.6,117.3,2.9,6.49,1.87,1.0,90.7,0.912,142.3,820.8,LOW,Cloudburst,CRITICAL
2026-08-10 09:30:00,348.2,124.8,3.0,6.35,2.05,0.87,93.4,0.959,137.7,905.0,LOW,Cloudburst,CRITICAL
2026-08-10 10:00:00,415.2,125.6,3.8,6.53,1.94,1.01,94.5,0.963,161.9,760.7,LOW,Cloudburst,CRITICAL
2026-08-10 10:30:00,270.5,119.6,3.4,6.54,2.09,0.95,91.5,0.879,130.4,536.8,LOW,Cloudburst,CRITICAL
2026-08-10 11:00:00,344.3,131.4,2.8,6.5,1.88,0.69,90.1,0.909,126.6,766.5,LOW,Cloudburst,CRITICAL
2026-08-10 11:30:00,371.9,124.6,3.4,6.53,2.1,0.77,89.1,0.914,56.9,484.6,MEDIUM,Cloudburst,CRITICAL
2026-08-10 12:00:00,323.1,121.0,3.7,6.24,1.96,0.67,94.4,0.923,117.0,537.8,LOW,Cloudburst,CRITICAL
2026-08-10 12:30:00,503.1,131.7,4.9,6.12,1.89,0.68,88.7,0.918,164.5,890.8,LOW,Cloudburst,CRITICAL
2026-08-10 13:00:00,415.6,125.2,4.9,6.38,1.98,0.98,91.3,0.945,115.2,925.3,LOW,Cloudburst,CRITICAL
2026-08-10 13:30:00,274.3,132.1,3.0,6.11,1.99,0.83,89.5,0.882,68.2,178.5,HIGH,Cloudburst,CRITICAL
2026-08-10 14:00:00,512.4,127.0,5.7,6.18,1.93,0.99,94.6,0.951,15.0,75.4,CRITICAL,Cloudburst,CRITICAL
2026-08-10 14:30:00,339.3,129.6,2.8,6.32,1.99,0.77,92.4,0.924,174.3,821.3,LOW,Cloudburst,CRITICAL
2026-08-10 15:00:00,467.9,121.0,5.9,6.12,2.02,0.97,87.8,0.918,92.4,479.7,LOW,Cloudburst,CRITICAL
2026-08-10 15:30:00,309.4,114.5,4.0,6.28,1.99,0.83,87.7,0.865,137.1,909.2,LOW,Cloudburst,CRITICAL
2026-08-10 16:00:00,598.3,116.5,5.9,6.22,2.08,0.8,88.4,0.903,125.3,548.4,LOW,Cloudburst,CRITICAL
2026-08-10 16:30:00,366.4,123.8,3.8,6.43,2.03,0.73,93.7,0.954,170.0,915.4,LOW,Cloudburst,CRITICAL
2026-08-10 17:00:00,493.9,133.2,5.0,6.26,1.89,0.7,94.3,0.951,159.4,574.9,LOW,Cloudburst,CRITICAL
2026-08-10 17:30:00,236.4,126.1,2.5,6.39,1.85,0.82,91.8,0.868,47.5,434.7,MEDIUM,Cloudburst,CRITICAL
2026-08-10 18:00:00,290.1,118.3,3.0,6.24,1.95,0.82,88.5,0.871,174.7,917.6,LOW,Cloudburst,CRITICAL
2026-08-10 18:30:00,333.0,122.7,2.9,6.28,1.94,0.99,93.2,0.945,133.7,640.6,LOW,Cloudburst,CRITICAL
2026-08-10 19:00:00,413.9,121.4,4.9,6.48,1.87,0.99,91.6,0.932,88.5,1098.3,LOW,Cloudburst,CRITICAL
2026-08-10 19:30:00,381.5,130.5,4.0,6.41,1.99,0.81,91.8,0.95,112.0,829.3,LOW,Cloudburst,CRITICAL
2026-08-10 20:00:00,235.7,132.8,2.6,6.25,1.96,0.82,89.3,0.834,37.2,221.2,HIGH,Cloudburst,CRITICAL
2026-08-10 20:30:00,469.3,119.3,5.3,6.2,1.94,0.9,88.2,0.923,31.1,32.8,CRITICAL,Cloudburst,CRITICAL
2026-08-10 21:00:00,412.0,118.2,4.0,6.29,1.92,0.77,88.3,0.922,179.8,844.9,LOW,Cloudburst,CRITICAL
2026-08-10 21:30:00,387.1,129.4,3.4,6.25,1.86,0.89,88.4,0.906,107.2,748.4,LOW,Cloudburst,CRITICAL
2026-08-10 22:00:00,227.4,126.3,2.5,6.38,1.89,0.88,90.5,0.84,161.5,954.7,LOW,Cloudburst,CRITICAL
2026-08-10 22:30:00,453.3,118.4,4.3,6.2,1.96,0.98,93.0,0.955,15.2,188.6,CRITICAL,Cloudburst,CRITICAL
2026-08-10 23:00:00,479.6,116.4,5.9,6.31,2.05,0.74,88.9,0.927,150.8,489.9,LOW,Cloudburst,CRITICAL
2026-08-10 23:30:00,260.2,120.7,2.9,6.01,2.01,0.82,93.5,0.899,97.9,425.4,LOW,Cloudburst,CRITICAL
2026-08-11 00:00:00,625.6,120.2,5.5,6.32,1.88,0.66,87.5,0.914,89.3,971.1,LOW,Cloudburst,CRITICAL
2026-08-11 00:30:00,429.8,113.4,5.6,6.1,1.89,0.96,93.2,0.953,94.1,437.6,LOW,Cloudburst,CRITICAL
2026-08-11 01:00:00,515.8,127.3,4.9,6.18,1.94,0.86,92.2,0.929,30.2,144.2,CRITICAL,Cloudburst,CRITICAL
2026-08-11 01:30:00,677.3,127.5,5.7,6.33,1.99,0.85,87.0,0.899,99.8,423.9,LOW,Cloudburst,CRITICAL
2026-08-11 02:00:00,604.6,124.9,5.4,5.99,1.9,0.76,87.5,0.911,47.6,308.1,HIGH,Cloudburst,CRITICAL
2026-08-11 02:30:00,356.4,126.2,4.3,6.29,2.05,0.82,92.4,0.934,102.4,352.6,LOW,Cloudburst,CRITICAL
2026-08-11 03:00:00,450.9,127.2,4.1,6.03,1.93,0.96,86.7,0.889,131.4,433.3,LOW,Cloudburst,CRITICAL
2026-08-11 03:30:00,611.9,114.9,5.8,6.24,1.98,0.93,93.4,0.954,55.5,330.9,MEDIUM,Cloudburst,CRITICAL
2026-08-11 04:00:00,263.8,118.5,3.1,6.36,1.92,0.77,92.7,0.872,13.2,178.6,CRITICAL,Cloudburst,CRITICAL
2026-08-11 04:30:00,459.6,126.0,4.8,6.19,1.9,0.93,86.5,0.9,124.7,851.8,LOW,Cloudburst,CRITICAL
2026-08-11 05:00:00,542.1,114.2,5.2,6.33,2.05,0.68,89.1,0.912,18.6,218.6,CRITICAL,Cloudburst,CRITICAL
2026-08-11 05:30:00,564.8,122.5,5.1,5.97,1.87,0.85,91.9,0.943,130.0,617.4,LOW,Cloudburst,CRITICAL
2026-08-11 06:00:00,505.2,116.3,4.8,6.29,2.03,0.75,92.4,0.941,36.6,258.4,HIGH,Cloudburst,CRITICAL
2026-08-11 06:30:00,625.4,129.1,5.4,6.37,1.9,0.62,87.7,0.915,75.0,541.1,LOW,Cloudburst,CRITICAL
2026-08-11 07:00:00,545.7,126.5,4.7,6.26,1.84,0.91,91.0,0.947,119.3,999.3,LOW,Cloudburst,CRITICAL
2026-08-11 07:30:00,348.9,128.1,3.4,6.35,1.85,0.62,91.2,0.936,115.9,957.1,LOW,Cloudburst,CRITICAL
2026-08-11 08:00:00,280.6,115.5,3.5,6.15,1.89,0.64,88.6,0.875,151.7,762.5,LOW,Cloudburst,CRITICAL
2026-08-11 08:30:00,307.7,125.1,3.4,6.32,1.96,0.94,87.6,0.873,107.1,420.1,LOW,Cloudburst,CRITICAL
2026-08-11 09:00:00,498.3,128.3,5.3,6.37,1.92,0.7,89.3,0.914,153.9,788.9,LOW,Cloudburst,CRITICAL
2026-08-11 09:30:00,491.3,117.0,5.8,6.33,1.88,0.87,86.6,0.897,106.5,407.3,LOW,Cloudburst,CRITICAL
2026-08-11 10:00:00,358.3,126.6,4.1,6.14,1.94,0.87,86.5,0.897,74.7,186.5,HIGH,Cloudburst,CRITICAL
2026-08-11 10:30:00,516.3,125.6,4.6,6.08,1.9,0.68,86.8,0.912,148.1,676.3,LOW,Cloudburst,CRITICAL
2026-08-11 11:00:00,576.1,125.7,5.9,6.07,1.9,0.65,88.8,0.924,16.7,56.7,CRITICAL,Cloudburst,CRITICAL
2026-08-11 11:30:00,418.4,117.3,4.0,6.35,1.97,0.77,90.9,0.942,95.2,892.0,LOW,Cloudburst,CRITICAL
2026-08-11 12:00:00,342.0,116.1,4.1,6.09,1.79,0.67,91.3,0.92,157.4,727.4,LOW,Cloudburst,CRITICAL
2026-08-11 12:30:00,301.9,113.5,4.0,6.24,1.92,0.72,88.3,0.872,103.4,1085.9,LOW,Cloudburst,CRITICAL
2026-08-11 13:00:00,275.5,120.1,3.1,6.0,1.79,0.74,85.5,0.851,124.9,632.9,LOW,Cloudburst,CRITICAL
2026-08-11 13:30:00,409.8,111.0,4.1,6.21,1.83,0.71,92.2,0.932,81.4,663.2,LOW,Cloudburst,CRITICAL
2026-08-11 14:00:00,414.5,113.9,4.5,6.15,1.95,0.89,88.2,0.9,128.2,372.7,LOW,Cloudburst,CRITICAL
2026-08-11 14:30:00,515.7,119.9,5.6,6.18,1.94,0.65,90.7,0.923,146.5,544.8,LOW,Cloudburst,CRITICAL
2026-08-11 15:00:00,269.6,119.8,2.5,6.12,1.96,0.76,90.4,0.866,177.6,595.5,LOW,Cloudburst,CRITICAL
2026-08-11 15:30:00,290.9,114.3,3.9,6.0,1.82,0.82,88.3,0.881,139.5,725.1,LOW,Cloudburst,CRITICAL
2026-08-11 16:00:00,344.9,115.8,4.1,6.17,1.87,0.62,85.3,0.898,155.8,745.2,LOW,Cloudburst,CRITICAL
2026-08-11 16:30:00,261.5,113.1,3.0,5.94,1.97,0.75,85.4,0.816,42.5,525.8,MEDIUM,Cloudburst,CRITICAL
2026-08-11 17:00:00,301.6,124.0,2.7,6.06,1.97,0.81,89.2,0.873,179.6,430.0,LOW,Cloudburst,CRITICAL
2026-08-11 17:30:00,521.7,111.8,5.1,6.21,1.85,0.68,87.7,0.897,107.7,374.3,LOW,Cloudburst,CRITICAL
2026-08-11 18:00:00,260.2,117.0,2.7,5.91,1.81,0.88,85.0,0.813,43.2,297.7,HIGH,Cloudburst,CRITICAL
2026-08-11 18:30:00,356.6,119.4,4.4,6.13,2.0,0.67,86.7,0.915,155.4,395.4,LOW,Cloudburst,CRITICAL
2026-08-11 19:00:00,579.6,117.3,5.4,6.18,1.94,0.9,85.3,0.891,171.8,684.2,LOW,Cloudburst,CRITICAL
2026-08-11 19:30:00,624.6,121.8,5.5,5.9,1.82,0.65,90.5,0.938,43.8,514.2,MEDIUM,Cloudburst,CRITICAL
2026-08-11 20:00:00,315.0,110.3,3.2,6.01,1.79,0.67,91.4,0.907,170.4,354.0,LOW,Cloudburst,CRITICAL
2026-08-11 20:30:00,462.6,122.7,4.3,6.2,1.83,0.6,88.8,0.907,118.0,1090.0,LOW,Cloudburst,CRITICAL
2026-08-11 21:00:00,447.4,112.1,4.8,6.24,1.78,0.82,87.9,0.904,105.6,415.3,LOW,Cloudburst,CRITICAL
2026-08-11 21:30:00,243.6,115.3,2.8,6.04,1.75,0.91,87.4,0.842,33.7,103.2,CRITICAL,Cloudburst,CRITICAL
2026-08-11 22:00:00,304.2,114.1,3.8,5.92,1.96,0.76,91.2,0.899,113.7,548.6,LOW,Cloudburst,CRITICAL
2026-08-11 22:30:00,411.2,107.8,4.4,5.91,1.86,0.76,84.3,0.89,141.4,1095.3,LOW,Cloudburst,CRITICAL
2026-08-11 23:00:00,378.3,107.6,5.3,5.82,1.74,0.82,90.9,0.94,158.1,796.3,LOW,Cloudburst,CRITICAL
2026-08-11 23:30:00,563.4,125.1,5.1,5.87,1.97,0.87,84.3,0.872,56.8,366.1,MEDIUM,Cloudburst,CRITICAL
2026-08-12 00:00:00,301.6,124.9,3.2,5.76,1.78,0.63,85.2,0.84,73.9,137.5,HIGH,Cloudburst,CRITICAL
2026-08-12 00:30:00,509.1,122.9,5.5,6.15,1.97,0.6,85.6,0.902,70.4,261.3,MEDIUM,Cloudburst,CRITICAL
2026-08-12 01:00:00,471.4,111.1,5.5,6.0,1.85,0.75,88.8,0.923,48.0,203.3,HIGH,Cloudburst,CRITICAL
2026-08-12 01:30:00,297.8,109.7,3.0,5.93,1.82,0.61,83.9,0.851,105.0,610.1,LOW,Cloudburst,CRITICAL
2026-08-12 02:00:00,343.8,119.2,4.2,6.07,1.93,0.83,84.4,0.886,164.2,393.1,LOW,Cloudburst,CRITICAL
2026-08-12 02:30:00,526.2,114.1,5.0,6.16,1.87,0.77,84.5,0.893,54.0,333.5,HIGH,Cloudburst,CRITICAL
2026-08-12 03:00:00,341.8,112.2,4.0,5.9,1.76,0.87,87.8,0.893,162.0,830.7,LOW,Cloudburst,CRITICAL
2026-08-12 03:30:00,586.3,112.7,5.5,5.89,1.74,0.6,84.1,0.883,51.6,327.1,HIGH,Cloudburst,CRITICAL
2026-08-12 04:00:00,417.9,124.6,3.7,6.01,1.78,0.66,87.0,0.894,170.8,538.9,LOW,Cloudburst,CRITICAL
2026-08-12 04:30:00,603.3,119.6,5.5,6.05,1.82,0.7,83.6,0.864,110.8,468.8,LOW,Cloudburst,CRITICAL
2026-08-12 05:00:00,424.6,110.8,4.2,6.01,1.77,0.61,83.8,0.886,131.6,995.0,LOW,Cloudburst,CRITICAL
2026-08-12 05:30:00,335.5,110.7,3.5,5.74,1.74,0.75,84.9,0.872,157.5,738.1,LOW,Cloudburst,CRITICAL
2026-08-12 06:00:00,435.3,114.4,5.5,5.85,1.82,0.88,88.4,0.911,160.8,465.0,LOW,Cloudburst,CRITICAL
2026-08-12 06:30:00,363.6,119.2,4.2,6.1,1.9,0.65,88.7,0.902,114.2,902.0,LOW,Cloudburst,CRITICAL
2026-08-12 07:00:00,313.8,115.7,3.4,6.04,1.8,0.76,84.4,0.872,48.2,220.8,HIGH,Cloudburst,CRITICAL
2026-08-12 07:30:00,385.7,115.9,4.4,5.69,1.78,0.75,85.4,0.88,135.9,849.1,LOW,Cloudburst,CRITICAL
2026-08-12 08:00:00,302.5,122.2,3.3,5.99,1.82,0.81,86.6,0.88,155.5,756.1,LOW,Cloudburst,CRITICAL
2026-08-12 08:30:00,351.9,113.2,3.5,5.66,1.72,0.81,86.4,0.913,80.8,444.0,LOW,Cloudburst,CRITICAL
2026-08-12 09:00:00,228.9,110.4,2.9,5.98,1.88,0.83,83.3,0.791,113.3,476.6,LOW,Cloudburst,CRITICAL
2026-08-12 09:30:00,292.1,111.1,3.0,6.0,1.82,0.65,89.2,0.867,82.2,917.7,LOW,Cloudburst,CRITICAL
2026-08-12 10:00:00,316.9,115.0,3.9,5.92,1.87,0.83,83.2,0.866,175.6,944.7,LOW,Cloudburst,CRITICAL
2026-08-12 10:30:00,297.0,109.5,3.3,5.9,1.83,0.8,87.1,0.857,80.2,973.6,LOW,Cloudburst,CRITICAL
2026-08-12 11:00:00,227.7,111.6,2.8,5.99,1.88,0.64,89.2,0.83,74.5,203.5,HIGH,Cloudburst,CRITICAL
2026-08-12 11:30:00,396.8,116.4,5.2,5.94,1.73,0.54,83.0,0.859,50.0,279.4,HIGH,Cloudburst,CRITICAL
2026-08-12 12:00:00,352.7,106.0,4.5,5.87,1.79,0.55,85.0,0.878,13.0,24.6,CRITICAL,Cloudburst,CRITICAL
2026-08-12 12:30:00,472.4,106.0,5.6,5.78,1.68,0.65,88.7,0.93,141.5,973.2,LOW,Cloudburst,CRITICAL
2026-08-12 13:00:00,526.6,120.4,5.7,6.01,1.72,0.7,82.2,0.852,111.0,521.2,LOW,Cloudburst,CRITICAL
2026-08-12 13:30:00,309.9,104.6,3.3,5.88,1.83,0.81,83.5,0.837,162.1,498.7,LOW,Cloudburst,CRITICAL
2026-08-12 14:00:00,233.2,121.4,2.3,5.77,1.73,0.54,82.9,0.785,46.6,162.6,HIGH,Cloudburst,CRITICAL
2026-08-12 14:30:00,550.7,108.3,5.5,5.78,1.71,0.57,88.1,0.906,102.5,707.5,LOW,Cloudburst,CRITICAL
2026-08-12 15:00:00,514.2,103.0,5.5,5.69,1.71,0.59,86.2,0.894,19.8,71.9,CRITICAL,Cloudburst,CRITICAL
2026-08-12 15:30:00,204.4,108.7,2.5,6.0,1.78,0.66,87.6,0.801,97.5,811.6,LOW,Cloudburst,CRITICAL
2026-08-12 16:00:00,319.0,105.7,3.3,5.68,1.72,0.58,87.0,0.87,25.5,116.7,CRITICAL,Cloudburst,CRITICAL
2026-08-12 16:30:00,365.5,117.5,3.5,5.65,1.77,0.63,85.6,0.883,184.6,474.1,LOW,Cloudburst,CRITICAL
2026-08-12 17:00:00,391.5,109.1,5.0,5.78,1.85,0.54,81.8,0.875,131.1,479.7,LOW,Cloudburst,CRITICAL
2026-08-12 17:30:00,442.7,106.8,4.9,5.68,1.88,0.49,84.9,0.887,70.3,500.8,MEDIUM,Cloudburst,CRITICAL
2026-08-12 18:00:00,450.3,104.8,5.6,5.78,1.71,0.6,81.4,0.86,150.1,786.2,LOW,Cloudburst,CRITICAL
2026-08-12 18:30:00,347.8,106.4,4.2,5.79,1.71,0.78,86.4,0.887,62.8,315.9,MEDIUM,Cloudburst,CRITICAL
2026-08-12 19:00:00,343.7,106.5,4.1,5.75,1.73,0.62,84.3,0.892,124.8,992.1,LOW,Cloudburst,CRITICAL
2026-08-12 19:30:00,275.9,109.1,3.2,5.6,1.8,0.62,84.9,0.846,152.0,1073.5,LOW,Cloudburst,CRITICAL
2026-08-12 20:00:00,367.9,118.3,4.6,5.76,1.72,0.66,81.2,0.845,22.3,107.8,CRITICAL,Cloudburst,CRITICAL
2026-08-12 20:30:00,222.2,117.3,2.9,5.79,1.75,0.6,85.4,0.813,156.9,638.8,LOW,Cloudburst,CRITICAL
2026-08-12 21:00:00,307.7,108.5,3.1,5.57,1.63,0.79,82.5,0.832,58.2,302.7,HIGH,Cloudburst,CRITICAL
2026-08-12 21:30:00,273.5,108.1,3.0,5.65,1.78,0.48,85.6,0.838,165.6,440.2,LOW,Cloudburst,CRITICAL
2026-08-12 22:00:00,232.3,103.6,2.9,5.75,1.83,0.79,86.1,0.826,118.3,928.3,LOW,Cloudburst,CRITICAL
2026-08-12 22:30:00,349.0,108.4,4.5,5.81,1.8,0.71,80.9,0.855,93.4,503.9,LOW,Cloudburst,CRITICAL
2026-08-12 23:00:00,328.5,115.9,3.3,5.67,1.78,0.77,83.8,0.86,81.2,906.4,LOW,Cloudburst,CRITICAL
2026-08-12 23:30:00,396.3,105.9,5.7,5.5,1.77,0.57,86.2,0.891,132.1,394.0,LOW,Cloudburst,CRITICAL
2026-08-13 00:00:00,422.9,114.5,4.2,5.75,1.74,0.6,80.5,0.858,79.6,200.3,MEDIUM,Cloudburst,CRITICAL
2026-08-13 00:30:00,235.3,114.3,2.5,5.42,1.84,0.78,81.5,0.765,152.1,786.0,LOW,Cloudburst,CRITICAL
2026-08-13 01:00:00,378.9,111.2,4.0,5.48,1.74,0.65,80.9,0.865,38.6,422.0,HIGH,Cloudburst,CRITICAL
2026-08-13 01:30:00,402.9,114.2,4.9,5.82,1.61,0.72,83.8,0.893,154.3,581.0,LOW,Cloudburst,CRITICAL
2026-08-13 02:00:00,254.6,104.4,3.7,5.7,1.77,0.66,84.6,0.809,180.2,415.3,LOW,Cloudburst,CRITICAL
2026-08-13 02:30:00,553.6,104.4,5.6,5.51,1.74,0.46,85.3,0.898,117.6,663.9,LOW,Cloudburst,CRITICAL
2026-08-13 03:00:00,306.0,101.8,3.6,5.38,1.79,0.6,81.6,0.815,117.1,471.8,LOW,Cloudburst,CRITICAL
2026-08-13 03:30:00,314.4,116.2,3.1,5.74,1.65,0.72,84.5,0.874,147.4,870.3,LOW,Cloudburst,CRITICAL
2026-08-13 04:00:00,191.9,112.3,2.5,5.36,1.69,0.75,84.0,0.777,177.0,553.3,LOW,Cloudburst,CRITICAL
2026-08-13 04:30:00,242.3,115.3,2.6,5.77,1.79,0.71,80.2,0.766,124.5,539.4,LOW,Cloudburst,CRITICAL
2026-08-13 05:00:00,559.9,110.6,5.5,5.35,1.73,0.47,86.0,0.904,146.0,435.8,LOW,Cloudburst,CRITICAL
2026-08-13 05:30:00,362.3,100.4,4.3,5.43,1.58,0.75,82.9,0.857,105.3,738.2,LOW,Cloudburst,CRITICAL
2026-08-13 06:00:00,384.5,98.4,5.6,5.76,1.6,0.49,83.1,0.886,124.7,927.8,LOW,Cloudburst,CRITICAL
2026-08-13 06:30:00,502.2,103.4,5.2,5.39,1.73,0.44,82.7,0.881,112.2,604.2,LOW,Cloudburst,CRITICAL
2026-08-13 07:00:00,349.5,106.0,4.5,5.5,1.58,0.62,83.2,0.876,31.4,138.0,CRITICAL,Cloudburst,CRITICAL
2026-08-13 07:30:00,411.3,99.9,5.2,5.32,1.65,0.43,79.9,0.862,14.9,143.1,CRITICAL,Cloudburst,CRITICAL
2026-08-13 08:00:00,469.0,112.4,4.4,5.69,1.66,0.66,80.8,0.855,49.8,465.3,MEDIUM,Cloudburst,CRITICAL
2026-08-13 08:30:00,367.6,108.9,4.5,5.51,1.68,0.71,78.8,0.837,42.9,436.4,MEDIUM,Cloudburst,CRITICAL
2026-08-13 09:00:00,363.0,109.1,4.5,5.46,1.71,0.55,78.8,0.834,27.6,204.8,HIGH,Cloudburst,CRITICAL
2026-08-13 09:30:00,269.7,100.7,3.8,5.45,1.77,0.62,84.3,0.84,133.8,537.4,LOW,Cloudburst,CRITICAL
2026-08-13 10:00:00,433.1,95.5,4.9,5.32,1.61,0.55,83.8,0.875,131.3,381.5,LOW,Cloudburst,CRITICAL
2026-08-13 10:30:00,382.2,103.8,4.6,5.45,1.56,0.6,80.9,0.852,174.9,859.8,LOW,Cloudburst,CRITICAL
2026-08-13 11:00:00,433.1,111.7,5.3,5.31,1.75,0.59,80.7,0.87,136.0,688.8,LOW,Cloudburst,CRITICAL
2026-08-13 11:30:00,347.2,100.5,4.0,5.67,1.63,0.76,79.8,0.846,18.7,97.7,CRITICAL,Cloudburst,CRITICAL
2026-08-13 12:00:00,431.8,114.1,4.9,5.49,1.67,0.45,82.0,0.864,95.8,1033.5,LOW,Cloudburst,CRITICAL
2026-08-13 12:30:00,349.1,97.2,5.4,5.39,1.59,0.62,79.1,0.855,83.1,814.9,LOW,Cloudburst,CRITICAL
2026-08-13 13:00:00,278.6,95.8,3.7,5.29,1.75,0.61,84.1,0.814,77.2,543.7,LOW,Cloudburst,CRITICAL
2026-08-13 13:30:00,410.9,107.3,5.5,5.63,1.74,0.61,81.6,0.875,49.3,443.1,MEDIUM,Cloudburst,CRITICAL
2026-08-13 14:00:00,426.7,102.0,5.2,5.28,1.69,0.55,84.1,0.888,87.1,575.8,LOW,Cloudburst,CRITICAL
2026-08-13 14:30:00,353.9,94.7,4.0,5.55,1.71,0.71,78.3,0.829,46.6,347.0,HIGH,Cloudburst,CRITICAL
2026-08-13 15:00:00,441.9,95.2,4.9,5.58,1.61,0.4,79.5,0.836,20.6,215.7,CRITICAL,Cloudburst,CRITICAL
2026-08-13 15:30:00,434.3,96.3,5.4,5.52,1.69,0.41,82.6,0.876,126.4,989.7,LOW,Cloudburst,CRITICAL
2026-08-13 16:00:00,351.0,104.4,4.7,5.52,1.53,0.46,80.8,0.868,38.3,393.3,HIGH,Cloudburst,CRITICAL
2026-08-13 16:30:00,221.3,104.8,2.6,5.32,1.66,0.68,78.3,0.747,148.0,1054.9,LOW,Cloudburst,CRITICAL
2026-08-13 17:00:00,495.2,99.3,5.3,5.22,1.65,0.4,79.5,0.835,52.2,365.2,MEDIUM,Cloudburst,CRITICAL
2026-08-13 17:30:00,344.8,104.7,3.7,5.54,1.64,0.47,79.8,0.844,170.4,776.3,LOW,Cloudburst,CRITICAL
2026-08-13 18:00:00,512.4,110.8,4.9,5.29,1.49,0.72,80.6,0.87,164.1,413.9,LOW,Cloudburst,CRITICAL
2026-08-13 18:30:00,260.8,110.8,3.0,5.35,1.58,0.41,80.8,0.797,181.2,464.7,LOW,Cloudburst,CRITICAL
2026-08-13 19:00:00,498.8,104.8,5.4,5.22,1.69,0.37,83.3,0.883,96.9,440.4,LOW,Cloudburst,CRITICAL
2026-08-13 19:30:00,191.4,93.2,2.9,5.28,1.64,0.48,76.7,0.701,97.8,721.9,LOW,Cloudburst,CRITICAL
2026-08-13 20:00:00,201.6,111.3,2.4,5.35,1.53,0.4,81.1,0.757,179.1,460.0,LOW,Cloudburst,CRITICAL
2026-08-13 20:30:00,385.1,108.0,4.3,5.3,1.49,0.43,77.9,0.829,19.0,76.1,CRITICAL,Cloudburst,CRITICAL
2026-08-13 21:00:00,260.2,111.0,3.2,5.07,1.58,0.55,78.2,0.762,86.6,682.9,LOW,Cloudburst,CRITICAL
2026-08-13 21:30:00,241.6,93.5,3.6,5.46,1.71,0.68,81.0,0.795,93.4,591.0,LOW,Cloudburst,CRITICAL
2026-08-13 22:00:00,383.8,106.4,4.3,5.44,1.7,0.6,82.9,0.881,27.5,157.5,CRITICAL,Cloudburst,CRITICAL
2026-08-13 22:30:00,206.1,101.2,2.7,5.48,1.52,0.49,76.2,0.733,152.8,768.8,LOW,Cloudburst,CRITICAL
2026-08-13 23:00:00,178.1,97.2,2.1,5.18,1.63,0.63,81.7,0.735,57.1,428.9,MEDIUM,Cloudburst,CRITICAL
2026-08-13 23:30:00,363.3,95.0,4.5,5.25,1.68,0.36,79.1,0.847,20.8,17.3,CRITICAL,Cloudburst,CRITICAL
2026-08-14 00:00:00,334.9,90.1,5.0,5.14,1.67,0.39,75.8,0.8,143.7,803.2,LOW,Cloudburst,CRITICAL
2026-08-14 00:30:00,332.3,93.2,4.0,5.18,1.45,0.41,80.9,0.853,144.7,903.8,LOW,Cloudburst,CRITICAL
2026-08-14 01:00:00,341.6,107.7,3.9,5.28,1.54,0.67,80.3,0.832,15.6,106.2,CRITICAL,Cloudburst,CRITICAL
2026-08-14 01:30:00,214.9,95.6,2.7,5.16,1.52,0.68,80.2,0.756,134.7,505.0,LOW,Cloudburst,CRITICAL
2026-08-14 02:00:00,206.8,103.4,2.9,5.42,1.44,0.4,77.4,0.719,159.1,727.4,LOW,Cloudburst,CRITICAL
2026-08-14 02:30:00,186.8,104.2,2.3,5.24,1.44,0.58,78.5,0.722,179.6,797.4,LOW,Cloudburst,CRITICAL
2026-08-14 03:00:00,351.7,90.9,4.5,5.33,1.44,0.62,79.4,0.831,181.4,999.2,LOW,Cloudburst,CRITICAL
2026-08-14 03:30:00,204.9,105.5,2.8,5.1,1.52,0.36,76.9,0.71,70.6,140.2,HIGH,Cloudburst,CRITICAL
2026-08-14 04:00:00,220.6,91.9,3.5,5.07,1.56,0.46,78.0,0.732,130.3,1090.8,LOW,Cloudburst,CRITICAL
2026-08-14 04:30:00,252.9,99.9,3.2,5.05,1.41,0.49,79.7,0.767,63.3,432.4,MEDIUM,Cloudburst,CRITICAL
2026-08-14 05:00:00,207.4,98.3,2.3,5.32,1.6,0.64,75.2,0.727,141.9,567.0,LOW,Cloudburst,CRITICAL
2026-08-14 05:30:00,429.6,98.9,5.0,5.27,1.55,0.46,80.1,0.859,184.6,449.2,LOW,Cloudburst,CRITICAL
2026-08-14 06:00:00,250.1,101.3,3.0,5.34,1.63,0.44,75.4,0.741,78.5,438.1,MEDIUM,Cloudburst,CRITICAL
2026-08-14 06:30:00,197.6,96.8,2.5,5.07,1.51,0.38,77.1,0.713,69.2,469.4,MEDIUM,Cloudburst,CRITICAL
2026-08-14 07:00:00,162.5,94.7,2.2,5.21,1.39,0.32,80.4,0.716,27.2,144.8,CRITICAL,Cloudburst,CRITICAL
2026-08-14 07:30:00,140.5,97.5,2.1,5.14,1.6,0.51,81.0,0.7,22.2,166.9,CRITICAL,Cloudburst,CRITICAL
2026-08-14 08:00:00,192.9,89.1,2.6,5.21,1.47,0.54,77.2,0.721,76.2,321.0,MEDIUM,Cloudburst,CRITICAL
2026-08-14 08:30:00,216.6,88.4,2.9,4.88,1.43,0.43,78.9,0.75,86.5,449.8,LOW,Cloudburst,HIGH
2026-08-14 09:00:00,269.1,102.2,3.3,5.21,1.45,0.41,80.6,0.812,114.2,452.8,LOW,Cloudburst,CRITICAL
2026-08-14 09:30:00,362.5,105.0,4.7,5.07,1.45,0.41,74.5,0.803,14.8,130.0,CRITICAL,Cloudburst,CRITICAL
2026-08-14 10:00:00,293.4,92.5,4.2,5.21,1.42,0.6,78.9,0.808,80.9,654.6,LOW,Cloudburst,CRITICAL
2026-08-14 10:30:00,288.9,99.0,4.2,4.96,1.49,0.46,76.3,0.79,14.1,213.7,CRITICAL,Cloudburst,CRITICAL
2026-08-14 11:00:00,370.9,101.9,4.9,4.94,1.47,0.44,79.4,0.843,38.7,301.3,HIGH,Cloudburst,CRITICAL
2026-08-14 11:30:00,166.0,88.8,2.1,4.81,1.37,0.46,75.8,0.701,46.4,121.9,HIGH,Cloudburst,CRITICAL
2026-08-14 12:00:00,289.9,97.3,4.4,4.98,1.48,0.31,75.5,0.771,88.1,396.4,LOW,Cloudburst,CRITICAL
2026-08-14 12:30:00,180.3,85.9,2.9,4.9,1.43,0.43,78.0,0.702,179.6,898.9,LOW,Cloudburst,HIGH
2026-08-14 13:00:00,206.8,100.4,2.4,4.79,1.59,0.44,77.9,0.728,33.3,206.4,HIGH,Cloudburst,CRITICAL
2026-08-14 13:30:00,333.9,94.4,4.3,5.18,1.44,0.61,78.7,0.815,82.0,511.1,LOW,Cloudburst,CRITICAL
2026-08-14 14:00:00,342.5,94.8,5.1,4.87,1.42,0.48,77.3,0.819,91.6,760.2,LOW,Cloudburst,CRITICAL
2026-08-14 14:30:00,262.4,84.5,4.4,4.95,1.4,0.52,75.9,0.741,138.5,756.5,LOW,Cloudburst,HIGH
2026-08-14 15:00:00,165.3,96.1,2.1,4.92,1.37,0.47,74.1,0.666,44.8,471.5,MEDIUM,Cloudburst,HIGH
2026-08-14 15:30:00,336.3,92.6,4.1,5.1,1.36,0.46,74.3,0.804,18.9,193.1,CRITICAL,Cloudburst,CRITICAL
2026-08-14 16:00:00,280.6,98.0,3.2,4.91,1.56,0.57,76.5,0.788,114.7,490.1,LOW,Cloudburst,CRITICAL
2026-08-14 16:30:00,300.4,87.3,3.7,5.09,1.36,0.5,76.7,0.779,20.1,63.9,CRITICAL,Cloudburst,CRITICAL
2026-08-14 17:00:00,330.9,87.3,4.0,4.79,1.33,0.46,77.6,0.808,101.3,570.0,LOW,Cloudburst,HIGH
2026-08-14 17:30:00,245.6,95.3,3.1,4.68,1.44,0.56,76.6,0.741,69.3,258.1,MEDIUM,Cloudburst,CRITICAL
2026-08-14 18:00:00,329.2,95.7,5.0,4.87,1.41,0.56,74.8,0.783,131.3,816.8,LOW,Cloudburst,HIGH
2026-08-14 18:30:00,295.7,84.1,5.4,5.1,1.51,0.52,73.1,0.75,38.8,452.6,MEDIUM,Cloudburst,CRITICAL
2026-08-14 19:00:00,376.5,97.0,4.2,4.74,1.42,0.4,78.1,0.834,83.7,894.5,LOW,Cloudburst,HIGH
2026-08-14 19:30:00,173.7,89.1,2.1,5.0,1.48,0.24,71.4,0.666,108.6,389.3,LOW,Cloudburst,CRITICAL
2026-08-14 20:00:00,137.2,93.2,2.1,4.91,1.42,0.34,71.9,0.633,154.6,830.2,LOW,Cloudburst,HIGH
2026-08-14 20:30:00,225.6,81.8,3.0,5.01,1.36,0.46,74.5,0.729,143.2,729.8,LOW,Cloudburst,CRITICAL
2026-08-14 21:00:00,285.4,87.9,3.5,4.68,1.5,0.38,77.0,0.779,54.4,294.1,HIGH,Cloudburst,CRITICAL
2026-08-14 21:30:00,339.8,87.4,4.3,5.03,1.48,0.36,72.8,0.798,83.2,403.2,MEDIUM,Cloudburst,CRITICAL
2026-08-14 22:00:00,224.9,91.9,2.9,4.68,1.33,0.4,74.9,0.725,145.2,859.5,LOW,Cloudburst,HIGH
2026-08-14 22:30:00,415.3,93.9,4.9,4.84,1.42,0.24,75.7,0.826,85.9,792.0,LOW,Cloudburst,HIGH
2026-08-14 23:00:00,242.1,85.8,3.1,4.66,1.42,0.49,76.4,0.75,146.1,677.4,LOW,Cloudburst,HIGH
2026-08-14 23:30:00,166.2,83.7,2.4,4.6,1.49,0.25,75.5,0.676,113.3,1050.9,LOW,Cloudburst,HIGH
2026-08-15 00:00:00,366.4,92.3,4.3,4.96,1.34,0.31,72.0,0.791,14.8,158.5,CRITICAL,Cloudburst,CRITICAL
2026-08-15 00:30:00,318.9,93.6,3.6,4.62,1.48,0.25,74.4,0.776,103.9,1036.6,LOW,Cloudburst,HIGH
2026-08-15 01:00:00,265.0,95.1,3.0,4.73,1.29,0.34,73.7,0.756,97.1,985.4,LOW,Cloudburst,HIGH
2026-08-15 01:30:00,252.5,96.5,3.8,4.81,1.36,0.42,70.4,0.717,125.7,1079.4,LOW,Cloudburst,HIGH
2026-08-15 02:00:00,224.3,79.1,3.3,4.83,1.49,0.26,73.9,0.708,76.0,251.6,MEDIUM,Cloudburst,CRITICAL
2026-08-15 02:30:00,322.8,88.6,4.0,4.8,1.31,0.2,73.4,0.789,130.8,817.6,LOW,Cloudburst,HIGH
2026-08-15 03:00:00,333.9,81.5,4.8,4.76,1.3,0.19,76.1,0.811,38.7,289.8,HIGH,Cloudburst,CRITICAL
2026-08-15 03:30:00,352.0,78.6,4.9,4.53,1.34,0.32,70.2,0.764,67.8,507.4,MEDIUM,Cloudburst,HIGH
2026-08-15 04:00:00,275.2,85.3,4.4,4.89,1.35,0.51,71.7,0.742,142.0,618.9,LOW,Cloudburst,HIGH
2026-08-15 04:30:00,160.7,96.2,2.3,4.47,1.33,0.18,73.0,0.662,70.4,458.4,MEDIUM,Cloudburst,HIGH
2026-08-15 05:00:00,257.6,79.3,3.8,4.6,1.31,0.32,71.5,0.718,38.6,503.5,MEDIUM,Cloudburst,HIGH
2026-08-15 05:30:00,220.1,91.8,2.9,4.49,1.34,0.28,75.0,0.731,46.9,347.6,HIGH,Cloudburst,CRITICAL
2026-08-15 06:00:00,364.6,76.5,5.4,4.81,1.42,0.46,74.1,0.819,90.3,1068.7,LOW,Cloudburst,HIGH
2026-08-15 06:30:00,165.8,88.4,2.1,4.64,1.28,0.49,71.7,0.653,42.0,462.8,MEDIUM,Cloudburst,HIGH
2026-08-15 07:00:00,149.6,87.9,2.1,4.79,1.21,0.38,74.0,0.657,48.8,407.2,MEDIUM,Cloudburst,HIGH
2026-08-15 07:30:00,364.0,88.2,4.6,4.77,1.32,0.33,74.4,0.792,111.6,715.2,LOW,Cloudburst,HIGH
2026-08-15 08:00:00,177.3,78.3,3.1,4.5,1.25,0.29,68.6,0.652,67.0,138.2,HIGH,Cloudburst,HIGH
2026-08-15 08:30:00,325.4,82.5,4.6,4.81,1.27,0.33,72.4,0.766,98.2,829.4,LOW,Cloudburst,HIGH
2026-08-15 09:00:00,157.9,75.1,2.8,4.38,1.4,0.42,72.9,0.651,86.8,476.4,LOW,Cloudburst,HIGH
2026-08-15 09:30:00,226.5,87.5,2.9,4.39,1.2,0.23,74.5,0.724,115.9,922.0,LOW,Cloudburst,HIGH
2026-08-15 10:00:00,173.1,91.1,2.9,4.35,1.23,0.26,68.7,0.634,140.7,848.7,LOW,Cloudburst,HIGH
2026-08-15 10:30:00,263.3,83.2,3.8,4.46,1.42,0.18,71.5,0.723,85.6,550.5,LOW,Cloudburst,HIGH
2026-08-15 11:00:00,185.3,76.9,3.7,4.69,1.3,0.39,70.0,0.67,123.0,1005.3,LOW,Cloudburst,HIGH
2026-08-15 11:30:00,304.9,79.0,4.7,4.4,1.21,0.36,74.4,0.782,86.3,902.6,LOW,Cloudburst,HIGH
2026-08-15 12:00:00,291.9,87.6,3.8,4.51,1.21,0.28,74.0,0.759,48.3,485.2,MEDIUM,Cloudburst,HIGH
2026-08-15 12:30:00,244.5,80.7,4.3,4.57,1.31,0.36,72.2,0.714,76.3,542.1,LOW,Cloudburst,HIGH
2026-08-15 13:00:00,348.3,88.1,5.0,4.34,1.28,0.23,70.0,0.775,74.6,266.2,MEDIUM,Cloudburst,HIGH
2026-08-15 13:30:00,227.4,84.4,4.1,4.32,1.26,0.18,72.2,0.698,50.1,323.7,HIGH,Cloudburst,HIGH
2026-08-15 14:00:00,285.2,83.9,3.6,4.55,1.37,0.2,71.1,0.735,18.2,181.6,CRITICAL,Cloudburst,CRITICAL
2026-08-15 14:30:00,274.4,88.5,3.4,4.44,1.32,0.34,71.6,0.741,107.5,957.4,LOW,Cloudburst,HIGH
2026-08-15 15:00:00,224.9,85.9,3.9,4.37,1.34,0.26,68.2,0.688,102.8,1091.6,LOW,Cloudburst,HIGH
2026-08-15 15:30:00,211.3,84.0,3.8,4.45,1.25,0.18,69.2,0.682,23.2,116.3,CRITICAL,Cloudburst,CRITICAL
2026-08-15 16:00:00,290.4,78.7,3.9,4.28,1.32,0.33,72.3,0.736,48.3,233.3,HIGH,Cloudburst,CRITICAL
2026-08-15 16:30:00,244.3,81.5,3.3,4.37,1.37,0.34,67.5,0.681,114.7,860.9,LOW,Cloudburst,HIGH
2026-08-15 17:00:00,366.5,86.5,5.1,4.22,1.28,0.22,72.5,0.784,106.6,466.0,LOW,Cloudburst,HIGH
2026-08-15 17:30:00,285.4,81.0,4.6,4.4,1.28,0.37,67.1,0.709,151.9,836.6,LOW,Cloudburst,HIGH
2026-08-15 18:00:00,349.8,78.1,5.1,4.22,1.36,0.11,69.3,0.769,34.8,113.6,CRITICAL,Cloudburst,CRITICAL
2026-08-15 18:30:00,246.0,77.8,3.8,4.47,1.17,0.19,70.6,0.694,159.0,846.0,LOW,Cloudburst,HIGH
2026-08-15 19:00:00,207.7,70.7,3.4,4.35,1.12,0.26,70.1,0.678,161.2,937.2,LOW,Cloudburst,HIGH
2026-08-15 19:30:00,294.2,73.4,5.3,4.33,1.21,0.37,70.9,0.754,144.5,979.9,LOW,Cloudburst,HIGH
2026-08-15 20:00:00,261.6,71.3,4.9,4.46,1.26,0.32,68.7,0.707,168.6,618.1,LOW,Cloudburst,HIGH
2026-08-15 20:30:00,256.8,81.4,3.7,4.43,1.28,0.26,67.4,0.694,19.7,90.4,CRITICAL,Cloudburst,CRITICAL
2026-08-15 21:00:00,170.5,88.2,2.6,4.12,1.17,0.25,71.8,0.661,29.7,46.2,CRITICAL,Cloudburst,HIGH
2026-08-15 21:30:00,204.4,75.0,4.1,4.14,1.19,0.42,69.6,0.659,80.1,1050.8,LOW,Cloudburst,HIGH
2026-08-15 22:00:00,122.0,69.0,2.1,4.28,1.3,0.23,65.5,0.579,164.7,524.1,LOW,Cloudburst,HIGH
2026-08-15 22:30:00,280.7,80.6,4.6,4.5,1.2,0.16,69.0,0.733,62.8,513.4,MEDIUM,Cloudburst,HIGH
2026-08-15 23:00:00,325.2,76.3,4.7,4.08,1.31,0.35,66.4,0.746,35.3,257.3,HIGH,Cloudburst,HIGH
2026-08-15 23:30:00,264.9,80.8,3.6,4.21,1.16,0.39,69.7,0.703,39.7,511.3,MEDIUM,Cloudburst,HIGH
2026-08-16 00:00:00,237.0,72.0,4.1,4.12,1.3,0.33,64.9,0.661,109.7,416.5,LOW,Cloudburst,HIGH
2026-08-16 00:30:00,338.4,80.3,5.0,4.1,1.31,0.13,65.1,0.732,159.8,902.3,LOW,Cloudburst,HIGH
2026-08-16 01:00:00,198.6,81.6,3.0,4.02,1.2,0.33,67.6,0.635,47.9,245.4,HIGH,Cloudburst,HIGH
2026-08-16 01:30:00,176.2,71.6,3.5,4.26,1.08,0.31,68.0,0.632,124.5,1041.2,LOW,Cloudburst,HIGH
2026-08-16 02:00:00,310.4,84.7,4.4,4.14,1.15,0.2,70.7,0.752,167.3,407.7,LOW,Cloudburst,HIGH
2026-08-16 02:30:00,208.1,77.1,3.2,4.02,1.28,0.35,69.5,0.675,63.9,237.6,HIGH,Cloudburst,HIGH
2026-08-16 03:00:00,232.4,66.9,4.2,4.18,1.24,0.11,67.0,0.668,16.5,219.2,CRITICAL,Cloudburst,CRITICAL
2026-08-16 03:30:00,225.6,68.0,4.3,4.39,1.2,0.38,69.1,0.682,17.0,46.1,CRITICAL,Cloudburst,CRITICAL
2026-08-16 04:00:00,296.4,84.7,4.0,4.12,1.17,0.26,69.3,0.746,32.2,197.6,HIGH,Cloudburst,HIGH
2026-08-16 04:30:00,200.6,67.5,3.4,4.36,1.27,0.17,63.5,0.617,184.5,910.0,LOW,Cloudburst,HIGH
2026-08-16 05:00:00,210.1,81.0,2.8,3.98,1.06,0.32,68.1,0.674,181.3,551.5,LOW,Cloudburst,HIGH
2026-08-16 05:30:00,111.7,82.5,1.9,4.01,1.13,0.17,66.2,0.579,73.9,438.4,MEDIUM,Cloudburst,HIGH
2026-08-16 06:00:00,274.7,76.5,4.8,4.08,1.17,0.12,65.0,0.671,16.7,48.7,CRITICAL,Cloudburst,HIGH
2026-08-16 06:30:00,232.3,65.3,4.8,4.28,1.11,0.14,64.0,0.638,152.0,960.2,LOW,Cloudburst,HIGH
2026-08-16 07:00:00,156.9,73.5,3.1,4.23,1.06,0.21,65.4,0.59,168.5,636.0,LOW,Cloudburst,HIGH
2026-08-16 07:30:00,151.9,75.1,2.9,4.03,1.05,0.25,68.9,0.629,152.5,574.0,LOW,Cloudburst,HIGH
2026-08-16 08:00:00,178.5,80.4,2.5,4.29,1.2,0.12,67.8,0.621,69.9,147.3,HIGH,Cloudburst,HIGH
2026-08-16 08:30:00,192.1,81.7,2.5,3.96,1.19,0.33,66.3,0.642,95.2,485.4,LOW,Cloudburst,HIGH
2026-08-16 09:00:00,128.9,62.7,2.6,3.95,1.05,0.08,64.9,0.592,77.4,437.7,MEDIUM,Cloudburst,HIGH
2026-08-16 09:30:00,257.8,68.3,4.2,3.94,1.02,0.03,67.7,0.679,91.2,737.8,LOW,Cloudburst,HIGH
2026-08-16 10:00:00,168.0,63.5,2.9,3.95,0.98,-0.0,63.8,0.601,97.7,676.6,LOW,Cloudburst,HIGH
2026-08-16 10:30:00,162.4,75.9,2.4,4.12,1.1,0.01,65.7,0.596,179.0,414.3,LOW,Cloudburst,HIGH
2026-08-16 11:00:00,85.0,63.5,2.0,3.97,1.03,0.15,66.3,0.549,175.5,361.1,LOW,Cloudburst,HIGH
2026-08-16 11:30:00,93.7,70.6,2.0,3.92,1.13,0.2,63.8,0.555,69.2,315.3,MEDIUM,Cloudburst,HIGH
2026-08-16 12:00:00,193.1,74.2,4.0,4.06,1.18,0.27,63.3,0.598,151.9,404.1,LOW,Cloudburst,HIGH
2026-08-16 12:30:00,118.9,75.8,2.4,3.78,0.97,0.04,68.2,0.611,86.7,601.4,LOW,Cloudburst,HIGH
2026-08-16 13:00:00,258.7,78.9,5.0,3.82,1.03,0.26,66.5,0.688,28.6,176.6,CRITICAL,Cloudburst,HIGH
2026-08-16 13:30:00,145.8,61.2,3.2,3.99,1.01,0.23,61.4,0.55,182.1,651.3,LOW,Cloudburst,HIGH
2026-08-16 14:00:00,124.6,75.0,2.4,3.74,0.98,0.01,68.0,0.612,52.2,540.2,MEDIUM,Cloudburst,HIGH
2026-08-16 14:30:00,185.9,60.9,4.0,4.01,1.1,-0.0,65.3,0.611,20.0,30.5,CRITICAL,Cloudburst,HIGH
2026-08-16 15:00:00,122.7,65.8,2.6,3.78,0.96,0.04,62.1,0.562,77.5,538.3,LOW,Cloudburst,HIGH
2026-08-16 15:30:00,123.8,74.1,2.3,3.81,1.14,0.1,61.6,0.56,64.6,335.3,MEDIUM,Cloudburst,HIGH
2026-08-16 16:00:00,249.8,71.3,4.5,3.91,0.93,0.05,63.6,0.649,58.3,440.5,MEDIUM,Cloudburst,HIGH
2026-08-16 16:30:00,190.8,66.0,3.7,3.95,1.04,0.18,66.5,0.642,54.0,404.6,MEDIUM,Cloudburst,HIGH
2026-08-16 17:00:00,192.0,62.2,3.9,4.0,0.98,0.09,62.7,0.609,42.7,285.0,HIGH,Cloudburst,HIGH
2026-08-16 17:30:00,176.3,65.0,3.0,3.82,0.98,0.21,61.3,0.6,148.2,1004.3,LOW,Cloudburst,HIGH
2026-08-16 18:00:00,191.6,66.4,3.9,3.8,0.98,0.21,61.8,0.601,158.9,873.5,LOW,Cloudburst,HIGH
2026-08-16 18:30:00,329.3,73.4,4.8,3.94,1.14,0.08,64.6,0.709,70.5,361.3,MEDIUM,Cloudburst,HIGH
2026-08-16 19:00:00,237.0,65.8,4.1,4.01,1.12,0.14,65.1,0.664,38.7,207.1,HIGH,Cloudburst,HIGH
2026-08-16 19:30:00,259.5,65.1,4.3,3.81,0.93,-0.03,60.8,0.655,91.2,833.6,LOW,Cloudburst,HIGH
2026-08-16 20:00:00,293.1,72.0,5.0,4.01,0.95,0.02,61.6,0.685,106.9,725.2,LOW,Cloudburst,HIGH
2026-08-16 20:30:00,203.3,57.4,4.0,3.71,0.99,0.11,62.8,0.614,122.5,811.9,LOW,Cloudburst,HIGH
2026-08-16 21:00:00,209.3,72.3,4.3,3.87,0.91,0.22,62.8,0.629,29.6,198.9,HIGH,Cloudburst,HIGH
2026-08-16 21:30:00,103.7,65.6,2.4,3.77,0.89,0.2,61.9,0.539,93.6,474.5,LOW,Cloudburst,HIGH
2026-08-16 22:00:00,80.0,58.0,1.7,3.79,0.98,0.08,64.1,0.548,108.2,455.0,LOW,Cloudburst,HIGH
2026-08-16 22:30:00,203.2,58.2,3.7,3.62,1.12,0.05,64.3,0.635,147.5,681.5,LOW,Cloudburst,HIGH
2026-08-16 23:00:00,246.6,72.3,3.9,3.69,1.11,0.13,63.7,0.644,71.6,294.3,MEDIUM,Cloudburst,HIGH
2026-08-16 23:30:00,91.5,57.5,2.3,3.77,1.09,0.21,65.0,0.566,14.0,96.1,CRITICAL,Cloudburst,HIGH
2026-08-17 00:00:00,220.2,68.3,3.4,3.81,0.89,0.13,61.3,0.619,62.5,317.9,MEDIUM,Cloudburst,HIGH
2026-08-17 00:30:00,168.8,68.2,3.2,3.63,1.08,-0.02,62.7,0.595,17.7,211.0,CRITICAL,Cloudburst,HIGH
2026-08-17 01:00:00,133.6,70.0,2.9,3.73,0.95,0.15,60.2,0.534,113.2,921.1,LOW,Cloudburst,HIGH
2026-08-17 01:30:00,104.8,59.7,2.4,3.84,0.96,0.12,62.8,0.532,47.5,414.8,MEDIUM,Cloudburst,HIGH
2026-08-17 02:00:00,89.9,54.9,2.0,3.78,1.04,-0.02,64.8,0.551,161.6,720.2,LOW,Cloudburst,HIGH
2026-08-17 02:30:00,90.9,58.8,1.9,3.57,0.86,-0.11,62.5,0.525,114.1,843.3,LOW,Cloudburst,MEDIUM
2026-08-17 03:00:00,98.8,59.7,1.8,3.5,0.87,0.2,61.8,0.543,164.5,989.9,LOW,Cloudburst,MEDIUM
2026-08-17 03:30:00,126.9,64.1,3.0,3.69,1.07,0.18,59.4,0.55,37.0,530.6,MEDIUM,Cloudburst,HIGH
2026-08-17 04:00:00,164.9,70.9,2.5,3.48,0.9,-0.03,58.0,0.561,67.2,152.1,HIGH,Cloudburst,HIGH
2026-08-17 04:30:00,162.2,72.4,3.3,3.44,1.03,0.2,63.9,0.581,78.1,154.3,HIGH,Cloudburst,HIGH
2026-08-17 05:00:00,89.9,66.5,2.0,3.44,0.94,-0.06,62.3,0.541,112.9,582.1,LOW,Cloudburst,MEDIUM
2026-08-17 05:30:00,86.0,54.9,1.7,3.81,0.98,-0.13,60.8,0.529,150.9,416.2,LOW,Cloudburst,HIGH
2026-08-17 06:00:00,119.0,62.6,2.1,3.58,0.88,-0.09,61.9,0.536,145.7,805.7,LOW,Cloudburst,MEDIUM
2026-08-17 06:30:00,162.9,61.9,3.3,3.62,0.88,0.01,58.6,0.571,148.4,409.8,LOW,Cloudburst,HIGH
2026-08-17 07:00:00,148.0,63.7,3.4,3.6,1.04,-0.1,58.8,0.56,55.2,185.3,HIGH,Cloudburst,HIGH
2026-08-17 07:30:00,178.6,52.7,4.7,3.35,1.02,-0.07,60.9,0.579,87.0,846.4,LOW,Cloudburst,HIGH
2026-08-17 08:00:00,126.6,56.0,3.0,3.66,0.83,-0.04,60.0,0.537,66.0,152.3,HIGH,Cloudburst,HIGH
2026-08-17 08:30:00,156.4,60.4,2.9,3.55,1.02,0.01,61.4,0.561,59.7,346.1,MEDIUM,Cloudburst,HIGH
2026-08-17 09:00:00,155.4,62.5,3.1,3.74,1.03,0.05,56.5,0.548,30.3,218.0,HIGH,Cloudburst,HIGH
2026-08-17 09:30:00,154.4,59.2,2.8,3.45,1.0,-0.09,59.7,0.564,165.4,988.8,LOW,Cloudburst,HIGH
2026-08-17 10:00:00,136.6,51.6,3.8,3.43,0.87,0.1,58.6,0.527,56.8,495.8,MEDIUM,Cloudburst,HIGH
2026-08-17 10:30:00,181.6,51.3,3.9,3.64,0.93,-0.07,56.0,0.549,153.6,731.9,LOW,Cloudburst,HIGH
2026-08-17 11:00:00,108.8,53.0,3.1,3.61,0.94,-0.01,61.9,0.557,12.6,145.8,CRITICAL,Cloudburst,HIGH
2026-08-17 11:30:00,156.1,61.1,3.0,3.28,1.01,0.11,56.6,0.546,36.3,322.8,HIGH,Cloudburst,HIGH
2026-08-17 12:00:00,127.4,51.1,3.3,3.33,0.95,-0.12,59.4,0.526,43.3,359.1,HIGH,Cloudburst,HIGH
2026-08-17 12:30:00,179.4,58.0,3.4,3.49,0.88,-0.06,59.6,0.568,17.5,70.9,CRITICAL,Cloudburst,HIGH
2026-08-17 13:00:00,187.6,53.7,4.2,3.56,0.77,-0.05,60.2,0.571,173.9,610.3,LOW,Cloudburst,MEDIUM
2026-08-17 13:30:00,202.7,63.6,4.5,3.61,0.98,0.14,56.3,0.552,123.3,794.0,LOW,Cloudburst,HIGH
2026-08-17 14:00:00,78.3,66.4,1.6,3.34,0.9,0.14,58.5,0.508,181.6,799.1,LOW,Cloudburst,MEDIUM
2026-08-17 14:30:00,97.7,50.1,2.4,3.31,0.95,-0.19,59.3,0.513,169.4,884.2,LOW,Cloudburst,MEDIUM
2026-08-17 15:00:00,141.2,59.6,2.6,3.5,0.76,0.07,55.5,0.512,125.5,565.9,LOW,Cloudburst,MEDIUM
2026-08-17 15:30:00,207.8,52.8,4.3,3.19,0.76,-0.19,58.2,0.587,108.1,807.7,LOW,Cloudburst,MEDIUM
2026-08-17 16:00:00,116.6,53.7,2.3,3.15,0.86,0.05,61.5,0.529,92.4,788.9,LOW,Cloudburst,MEDIUM
2026-08-17 16:30:00,90.8,51.0,2.1,3.24,0.9,0.05,60.8,0.509,53.4,429.8,MEDIUM,Cloudburst,MEDIUM
2026-08-17 17:00:00,81.7,62.6,1.6,3.47,0.95,0.11,58.4,0.499,64.9,450.3,MEDIUM,Cloudburst,HIGH
2026-08-17 17:30:00,125.4,57.6,2.5,3.3,0.92,-0.0,58.6,0.531,131.3,619.5,LOW,Cloudburst,MEDIUM
2026-08-17 18:00:00,137.3,56.7,3.7,3.24,0.72,-0.2,57.3,0.517,52.4,445.1,MEDIUM,Cloudburst,MEDIUM
2026-08-17 18:30:00,165.4,47.2,4.7,3.18,0.81,-0.19,58.6,0.554,24.0,135.5,CRITICAL,Cloudburst,HIGH
2026-08-17 19:00:00,65.2,49.7,2.0,3.25,0.76,-0.05,58.1,0.484,122.7,986.7,LOW,Cloudburst,MEDIUM
2026-08-17 19:30:00,125.8,60.5,2.6,3.45,0.92,-0.11,53.7,0.486,60.8,199.2,HIGH,Cloudburst,HIGH
2026-08-17 20:00:00,168.1,48.3,4.7,3.09,0.69,-0.22,58.5,0.567,65.3,429.7,MEDIUM,Cloudburst,MEDIUM
2026-08-17 20:30:00,172.0,52.5,4.8,3.16,0.81,-0.12,60.1,0.569,172.6,638.1,LOW,Cloudburst,MEDIUM
2026-08-17 21:00:00,126.9,51.9,3.5,3.13,0.72,-0.08,58.6,0.541,50.3,182.1,HIGH,Cloudburst,HIGH
2026-08-17 21:30:00,137.1,49.9,3.9,3.3,0.73,-0.21,59.6,0.554,36.1,286.4,HIGH,Cloudburst,HIGH
2026-08-17 22:00:00,80.2,60.3,1.6,3.32,0.77,0.07,57.3,0.473,88.6,424.4,LOW,Cloudburst,MEDIUM
2026-08-17 22:30:00,63.8,46.3,2.0,3.24,0.74,-0.1,58.3,0.476,168.6,619.4,LOW,Cloudburst,MEDIUM
2026-08-17 23:00:00,89.7,51.4,2.1,2.99,0.78,0.1,54.4,0.464,33.8,87.8,CRITICAL,Cloudburst,HIGH
2026-08-17 23:30:00,108.7,59.8,2.2,3.32,0.78,-0.15,58.4,0.501,13.3,46.0,CRITICAL,Cloudburst,HIGH
2026-08-18 00:00:00,136.7,43.7,3.8,3.24,0.81,-0.18,56.0,0.515,96.3,802.8,LOW,Cloudburst,MEDIUM
2026-08-18 00:30:00,140.9,46.2,3.7,3.02,0.73,-0.22,58.3,0.522,77.1,428.7,MEDIUM,Cloudburst,MEDIUM
2026-08-18 01:00:00,128.0,52.6,3.2,3.27,0.89,-0.15,56.4,0.507,119.5,1023.9,LOW,Cloudburst,MEDIUM
2026-08-18 01:30:00,125.0,57.6,2.5,3.03,0.88,-0.22,58.9,0.522,124.6,701.5,LOW,Cloudburst,MEDIUM
2026-08-18 02:00:00,107.1,43.3,3.3,3.29,0.71,-0.01,55.2,0.504,147.4,438.7,LOW,Cloudburst,MEDIUM
2026-08-18 02:30:00,155.3,45.4,4.1,3.21,0.86,0.05,58.8,0.545,86.0,665.5,LOW,Cloudburst,MEDIUM
2026-08-18 03:00:00,60.3,44.8,1.7,2.95,0.85,-0.13,57.3,0.471,39.7,157.2,HIGH,Cloudburst,HIGH
2026-08-18 03:30:00,104.4,52.0,2.6,2.91,0.64,-0.02,52.6,0.475,24.0,38.3,CRITICAL,Cloudburst,HIGH
2026-08-18 04:00:00,132.5,59.3,3.4,3.07,0.78,-0.11,53.9,0.498,35.4,205.3,HIGH,Cloudburst,HIGH
2026-08-18 04:30:00,115.7,52.2,3.3,3.1,0.65,0.0,53.4,0.483,100.7,660.6,LOW,Cloudburst,MEDIUM
2026-08-18 05:00:00,54.4,46.0,1.7,2.87,0.69,-0.28,56.6,0.477,90.5,602.5,LOW,Cloudburst,MEDIUM
2026-08-18 05:30:00,159.3,50.8,3.4,3.15,0.64,-0.2,52.7,0.522,56.9,268.2,HIGH,Cloudburst,HIGH
2026-08-18 06:00:00,126.5,47.4,3.2,3.26,0.63,-0.13,56.1,0.516,29.9,150.1,CRITICAL,Cloudburst,HIGH
2026-08-18 06:30:00,149.1,47.8,3.8,2.91,0.82,-0.18,54.6,0.506,19.1,35.2,CRITICAL,Cloudburst,HIGH
2026-08-18 07:00:00,223.0,55.6,4.5,2.94,0.63,-0.15,53.9,0.556,161.8,1007.6,LOW,Cloudburst,MEDIUM
2026-08-18 07:30:00,118.5,55.1,2.7,2.95,0.84,-0.19,57.5,0.528,169.4,716.8,LOW,Cloudburst,MEDIUM
2026-08-18 08:00:00,150.0,45.1,3.8,2.9,0.74,0.04,53.7,0.521,62.8,303.1,MEDIUM,Cloudburst,MEDIUM
2026-08-18 08:30:00,185.8,50.1,4.3,2.96,0.79,-0.3,51.5,0.508,13.0,99.7,CRITICAL,Cloudburst,HIGH
2026-08-18 09:00:00,123.4,44.8,3.4,3.13,0.66,-0.27,50.7,0.457,85.0,444.8,LOW,Cloudburst,MEDIUM
2026-08-18 09:30:00,115.2,47.9,2.9,2.76,0.63,-0.2,53.3,0.48,146.5,543.1,LOW,Cloudburst,MEDIUM
2026-08-18 10:00:00,145.5,39.3,4.5,3.04,0.64,-0.01,56.4,0.539,44.2,458.6,MEDIUM,Cloudburst,MEDIUM
2026-08-18 10:30:00,136.7,48.6,3.1,3.06,0.8,-0.08,50.0,0.466,169.6,1079.3,LOW,Cloudburst,MEDIUM
2026-08-18 11:00:00,125.5,54.9,3.0,3.02,0.78,-0.22,53.1,0.495,47.2,399.4,MEDIUM,Cloudburst,MEDIUM
2026-08-18 11:30:00,66.9,46.1,1.7,2.78,0.79,0.02,51.5,0.435,88.9,898.4,LOW,Cloudburst,MEDIUM
2026-08-18 12:00:00,66.4,48.2,1.6,2.88,0.63,-0.08,52.4,0.429,138.3,358.8,LOW,Cloudburst,MEDIUM
2026-08-18 12:30:00,162.8,50.0,3.6,2.88,0.74,-0.05,49.6,0.479,23.7,43.4,CRITICAL,Cloudburst,HIGH
2026-08-18 13:00:00,90.5,52.8,1.9,2.91,0.77,-0.08,52.9,0.471,58.4,286.7,HIGH,Cloudburst,MEDIUM
2026-08-18 13:30:00,160.5,47.0,4.8,2.87,0.73,-0.19,53.3,0.506,16.0,176.9,CRITICAL,Cloudburst,HIGH
2026-08-18 14:00:00,173.0,46.7,4.8,2.97,0.72,-0.12,51.8,0.501,159.4,830.1,LOW,Cloudburst,MEDIUM
2026-08-18 14:30:00,224.3,53.4,4.6,3.09,0.68,-0.34,55.5,0.569,60.4,427.5,MEDIUM,Cloudburst,MEDIUM
2026-08-18 15:00:00,141.0,38.3,4.4,2.89,0.72,-0.32,50.4,0.464,20.6,148.9,CRITICAL,Cloudburst,HIGH
2026-08-18 15:30:00,39.1,37.3,1.4,2.98,0.62,-0.19,52.5,0.434,131.5,881.4,LOW,Cloudburst,MEDIUM
2026-08-18 16:00:00,142.4,39.2,4.5,2.94,0.65,-0.13,48.9,0.454,56.2,149.3,HIGH,Cloudburst,MEDIUM
2026-08-18 16:30:00,63.7,35.9,2.3,2.92,0.74,-0.24,54.4,0.447,45.0,392.8,MEDIUM,Cloudburst,MEDIUM
2026-08-18 17:00:00,92.3,38.8,3.2,2.68,0.59,-0.18,52.8,0.449,14.1,204.0,CRITICAL,Cloudburst,MEDIUM
2026-08-18 17:30:00,68.0,39.8,2.5,2.7,0.72,-0.21,49.0,0.417,172.4,377.9,LOW,Cloudburst,MEDIUM
2026-08-18 18:00:00,149.0,47.1,4.1,2.87,0.65,-0.12,49.7,0.492,133.4,676.9,LOW,Cloudburst,MEDIUM
2026-08-18 18:30:00,125.4,41.5,3.2,2.6,0.63,-0.22,52.1,0.468,155.0,639.0,LOW,Cloudburst,MEDIUM
2026-08-18 19:00:00,145.4,43.9,3.9,2.95,0.53,-0.35,53.0,0.497,161.6,599.6,LOW,Cloudburst,MEDIUM
2026-08-18 19:30:00,58.8,37.0,2.1,2.73,0.63,-0.17,50.9,0.439,37.9,278.9,HIGH,Cloudburst,MEDIUM
2026-08-18 20:00:00,70.6,37.9,2.2,2.66,0.68,-0.2,50.5,0.425,126.1,420.7,LOW,Cloudburst,MEDIUM
2026-08-18 20:30:00,99.3,39.4,3.8,2.64,0.65,-0.19,50.6,0.463,106.8,803.6,LOW,Cloudburst,MEDIUM
2026-08-18 21:00:00,131.4,48.0,4.2,2.58,0.68,-0.27,53.3,0.484,42.9,444.2,MEDIUM,Cloudburst,MEDIUM
2026-08-18 21:30:00,108.4,45.2,3.3,2.84,0.49,-0.26,47.8,0.434,67.3,496.2,MEDIUM,Cloudburst,MEDIUM
2026-08-18 22:00:00,59.2,34.2,2.4,2.58,0.67,-0.23,53.7,0.441,104.6,773.2,LOW,Cloudburst,MEDIUM
2026-08-18 22:30:00,180.4,48.7,4.4,2.87,0.66,-0.32,53.1,0.526,176.4,945.0,LOW,Cloudburst,MEDIUM
2026-08-18 23:00:00,159.4,50.6,4.6,2.54,0.68,-0.22,48.0,0.473,138.7,839.4,LOW,Cloudburst,MEDIUM
2026-08-18 23:30:00,62.7,46.9,2.0,2.49,0.57,-0.37,52.7,0.454,135.9,559.0,LOW,Cloudburst,MEDIUM
2026-08-19 00:00:00,138.7,40.9,3.7,2.75,0.7,-0.28,52.8,0.485,131.7,685.3,LOW,Cloudburst,MEDIUM
2026-08-19 00:30:00,168.5,47.6,4.0,2.75,0.68,-0.08,50.8,0.5,94.1,632.1,LOW,Cloudburst,MEDIUM
2026-08-19 01:00:00,99.5,46.1,2.8,2.7,0.56,-0.31,51.7,0.466,77.3,487.5,LOW,Cloudburst,MEDIUM
2026-08-19 01:30:00,102.5,30.7,4.0,2.79,0.54,-0.36,48.5,0.427,35.9,410.0,HIGH,Cloudburst,MEDIUM
2026-08-19 02:00:00,99.7,45.8,2.6,2.79,0.68,-0.35,50.4,0.455,143.5,532.9,LOW,Cloudburst,MEDIUM
2026-08-19 02:30:00,36.5,30.4,1.4,2.42,0.56,-0.33,47.1,0.383,97.3,830.4,LOW,Cloudburst,MEDIUM
2026-08-19 03:00:00,142.7,36.3,4.5,2.71,0.46,-0.4,52.5,0.483,84.5,373.0,MEDIUM,Cloudburst,MEDIUM
2026-08-19 03:30:00,95.1,40.7,2.7,2.79,0.6,-0.13,50.2,0.429,161.4,1038.9,LOW,Cloudburst,MEDIUM
2026-08-19 04:00:00,81.7,39.4,2.4,2.64,0.51,-0.11,46.7,0.399,110.7,704.0,LOW,Cloudburst,MEDIUM
2026-08-19 04:30:00,68.5,33.9,2.2,2.65,0.55,-0.29,51.8,0.424,129.4,530.0,LOW,Cloudburst,MEDIUM
2026-08-19 05:00:00,127.7,30.6,4.4,2.65,0.54,-0.38,48.7,0.445,37.3,342.9,HIGH,Cloudburst,MEDIUM
2026-08-19 05:30:00,99.4,33.9,3.2,2.57,0.64,-0.09,46.5,0.414,12.5,181.2,CRITICAL,Cloudburst,MEDIUM
2026-08-19 06:00:00,106.2,41.5,3.9,2.47,0.51,-0.4,50.7,0.462,148.7,589.7,LOW,Cloudburst,MEDIUM
2026-08-19 06:30:00,79.6,34.9,3.2,2.5,0.44,-0.13,49.9,0.434,138.2,1009.3,LOW,Cloudburst,MEDIUM
2026-08-19 07:00:00,60.0,32.6,2.0,2.48,0.61,-0.13,50.2,0.426,156.0,500.6,LOW,Cloudburst,MEDIUM
2026-08-19 07:30:00,85.7,28.8,4.5,2.57,0.41,-0.16,45.6,0.388,88.7,435.5,LOW,Cloudburst,LOW
2026-08-19 08:00:00,165.7,44.5,4.6,2.73,0.41,-0.27,46.7,0.453,132.9,559.0,LOW,Cloudburst,MEDIUM
2026-08-19 08:30:00,121.4,39.2,4.4,2.39,0.56,-0.24,51.4,0.467,134.2,825.0,LOW,Cloudburst,MEDIUM
2026-08-19 09:00:00,52.1,42.4,1.6,2.5,0.52,-0.23,50.5,0.413,36.3,179.0,HIGH,Cloudburst,MEDIUM
2026-08-19 09:30:00,99.0,33.8,3.1,2.47,0.57,-0.35,49.6,0.447,56.4,316.9,HIGH,Cloudburst,MEDIUM
2026-08-19 10:00:00,68.7,40.9,2.5,2.27,0.59,-0.11,47.0,0.386,106.9,509.1,LOW,Cloudburst,LOW
2026-08-19 10:30:00,71.4,43.6,2.1,2.52,0.61,-0.25,46.5,0.409,36.1,359.8,HIGH,Cloudburst,MEDIUM
2026-08-19 11:00:00,87.5,28.9,3.9,2.56,0.43,-0.12,46.9,0.43,17.0,164.3,CRITICAL,Cloudburst,MEDIUM
2026-08-19 11:30:00,96.9,35.5,3.0,2.62,0.5,-0.3,45.2,0.405,103.8,957.9,LOW,Cloudburst,MEDIUM
2026-08-19 12:00:00,124.7,34.3,4.5,2.25,0.53,-0.35,48.8,0.446,164.1,936.7,LOW,Cloudburst,MEDIUM
2026-08-19 12:30:00,90.7,28.9,4.5,2.44,0.47,-0.32,48.9,0.421,13.9,158.3,CRITICAL,Cloudburst,MEDIUM
2026-08-19 13:00:00,72.6,27.0,3.5,2.44,0.56,-0.4,48.4,0.405,128.9,885.6,LOW,Cloudburst,MEDIUM
2026-08-19 13:30:00,30.6,30.9,1.2,2.23,0.56,-0.28,46.1,0.383,119.7,710.2,LOW,Cloudburst,LOW
2026-08-19 14:00:00,70.7,36.9,2.4,2.26,0.42,-0.29,47.6,0.396,178.0,749.2,LOW,Cloudburst,LOW
2026-08-19 14:30:00,180.4,43.0,4.5,2.22,0.42,-0.22,50.3,0.5,79.0,327.6,MEDIUM,Cloudburst,MEDIUM
2026-08-19 15:00:00,96.1,43.4,3.2,2.55,0.58,-0.19,46.0,0.416,28.1,124.2,CRITICAL,Cloudburst,MEDIUM
2026-08-19 15:30:00,56.5,43.7,1.6,2.31,0.35,-0.19,43.7,0.355,136.3,487.7,LOW,Cloudburst,LOW
2026-08-19 16:00:00,95.4,27.6,3.7,2.3,0.48,-0.18,46.6,0.41,20.6,62.7,CRITICAL,Cloudburst,MEDIUM
2026-08-19 16:30:00,32.4,27.7,1.7,2.42,0.51,-0.4,43.7,0.335,99.7,976.7,LOW,Cloudburst,LOW
2026-08-19 17:00:00,72.4,35.0,2.2,2.28,0.43,-0.27,50.1,0.413,40.0,485.9,MEDIUM,Cloudburst,MEDIUM
2026-08-19 17:30:00,42.1,25.7,2.0,2.12,0.42,-0.19,49.7,0.4,122.5,364.9,LOW,Cloudburst,LOW
2026-08-19 18:00:00,42.8,26.6,2.1,2.42,0.5,-0.4,46.9,0.371,74.9,321.9,MEDIUM,Cloudburst,MEDIUM
2026-08-19 18:30:00,125.0,42.8,3.4,2.4,0.4,-0.2,48.5,0.462,143.9,578.8,LOW,Cloudburst,LOW
2026-08-19 19:00:00,106.6,30.0,4.6,2.11,0.51,-0.34,45.4,0.431,168.3,941.7,LOW,Cloudburst,LOW
2026-08-19 19:30:00,68.0,41.3,2.3,2.25,0.39,-0.4,45.6,0.386,107.0,752.3,LOW,Cloudburst,LOW
2026-08-19 20:00:00,67.8,39.8,2.4,2.16,0.49,-0.4,44.6,0.393,140.3,521.5,LOW,Cloudburst,LOW
2026-08-19 20:30:00,61.7,33.0,2.4,2.28,0.34,-0.37,45.4,0.399,79.8,248.9,MEDIUM,Cloudburst,MEDIUM
2026-08-19 21:00:00,59.4,39.1,1.7,2.05,0.42,-0.34,45.8,0.38,117.3,532.8,LOW,Cloudburst,LOW
2026-08-19 21:30:00,108.2,37.1,3.5,2.15,0.35,-0.23,43.9,0.415,180.7,673.0,LOW,Cloudburst,LOW
2026-08-19 22:00:00,58.5,32.2,2.4,2.17,0.48,-0.25,42.5,0.364,184.1,373.9,LOW,Cloudburst,LOW
2026-08-19 22:30:00,55.7,30.5,2.1,2.15,0.29,-0.37,48.4,0.392,143.2,918.9,LOW,Cloudburst,LOW
2026-08-19 23:00:00,99.8,30.0,3.6,2.45,0.41,-0.4,44.1,0.404,121.8,1041.6,LOW,Cloudburst,LOW
2026-08-19 23:30:00,78.7,20.9,4.6,2.15,0.29,-0.39,48.7,0.427,31.0,22.9,CRITICAL,Cloudburst,MEDIUM
2026-08-20 00:00:00,70.6,20.7,3.6,2.25,0.29,-0.4,43.9,0.368,71.4,500.4,LOW,Cloudburst,LOW
2026-08-20 00:30:00,61.5,25.7,2.8,2.09,0.44,-0.4,45.0,0.37,160.5,918.8,LOW,Cloudburst,LOW
2026-08-20 01:00:00,94.4,34.7,4.0,2.24,0.31,-0.31,43.4,0.383,162.3,650.8,LOW,Cloudburst,LOW
2026-08-20 01:30:00,57.8,25.3,2.8,2.05,0.48,-0.4,46.1,0.377,31.2,25.5,CRITICAL,Cloudburst,MEDIUM
2026-08-20 02:00:00,41.0,23.7,2.0,2.39,0.35,-0.4,43.1,0.348,142.9,1082.6,LOW,Cloudburst,LOW
2026-08-20 02:30:00,109.0,32.2,4.1,2.25,0.34,-0.4,47.7,0.445,71.5,273.7,MEDIUM,Cloudburst,MEDIUM
2026-08-20 03:00:00,35.7,28.5,1.9,2.03,0.45,-0.4,47.0,0.386,83.9,499.8,LOW,Cloudburst,LOW
2026-08-20 03:30:00,67.8,39.2,2.5,2.15,0.28,-0.4,47.8,0.405,136.4,921.9,LOW,Cloudburst,LOW
2026-08-20 04:00:00,62.6,24.2,3.8,2.04,0.44,-0.4,41.8,0.366,180.8,841.3,LOW,Cloudburst,LOW
2026-08-20 04:30:00,25.1,31.3,1.2,2.29,0.39,-0.4,42.5,0.333,148.7,526.2,LOW,Cloudburst,LOW
2026-08-20 05:00:00,40.6,20.2,2.3,1.92,0.48,-0.4,43.0,0.355,118.5,792.6,LOW,Cloudburst,LOW
2026-08-20 05:30:00,126.8,36.8,4.0,2.26,0.35,-0.4,47.3,0.434,176.7,511.5,LOW,Cloudburst,LOW
2026-08-20 06:00:00,96.8,28.9,4.1,2.05,0.48,-0.4,47.1,0.431,125.8,837.7,LOW,Cloudburst,LOW
2026-08-20 06:30:00,63.6,34.4,2.4,1.95,0.33,-0.27,41.7,0.344,137.0,430.3,LOW,Cloudburst,LOW
2026-08-20 07:00:00,73.0,33.3,2.8,1.91,0.35,-0.36,45.4,0.385,62.7,130.4,HIGH,Cloudburst,MEDIUM
2026-08-20 07:30:00,60.3,35.6,2.1,1.98,0.41,-0.35,46.5,0.385,76.4,513.6,LOW,Cloudburst,LOW
2026-08-20 08:00:00,27.7,30.6,1.3,1.91,0.47,-0.4,44.7,0.342,67.5,295.4,MEDIUM,Cloudburst,LOW
2026-08-20 08:30:00,36.5,30.8,1.5,2.28,0.26,-0.26,45.8,0.375,169.4,510.2,LOW,Cloudburst,LOW
2026-08-20 09:00:00,33.0,25.7,1.5,2.07,0.24,-0.4,41.6,0.325,119.0,467.5,LOW,Cloudburst,LOW
2026-08-20 09:30:00,38.1,28.3,2.0,2.04,0.3,-0.4,45.4,0.371,31.7,20.5,CRITICAL,Cloudburst,MEDIUM
2026-08-20 10:00:00,48.7,25.8,2.9,2.1,0.38,-0.4,44.2,0.355,138.1,629.9,LOW,Cloudburst,LOW
2026-08-20 10:30:00,30.0,23.0,2.0,2.17,0.46,-0.4,42.4,0.33,151.6,533.0,LOW,Cloudburst,LOW
2026-08-20 11:00:00,98.6,34.2,3.3,1.84,0.29,-0.4,43.8,0.399,99.0,689.4,LOW,Cloudburst,LOW
2026-08-20 11:30:00,46.7,31.9,2.0,1.9,0.36,-0.34,42.4,0.348,131.3,859.6,LOW,Cloudburst,LOW
2026-08-20 12:00:00,29.4,30.3,1.4,1.84,0.4,-0.4,40.0,0.315,54.1,356.3,MEDIUM,Cloudburst,LOW
2026-08-20 12:30:00,25.1,16.9,1.7,1.96,0.23,-0.4,40.1,0.307,65.7,184.0,HIGH,Cloudburst,LOW
2026-08-20 13:00:00,60.8,26.7,3.0,2.03,0.26,-0.4,40.7,0.336,138.5,1011.1,LOW,Cloudburst,LOW
2026-08-20 13:30:00,73.2,30.0,2.9,1.88,0.25,-0.31,43.2,0.382,127.5,414.5,LOW,Cloudburst,LOW
2026-08-20 14:00:00,43.4,20.3,2.8,2.03,0.19,-0.34,41.3,0.355,96.1,711.6,LOW,Cloudburst,LOW
2026-08-20 14:30:00,15.5,17.8,1.2,2.19,0.37,-0.33,45.4,0.337,91.0,675.3,LOW,Cloudburst,LOW
2026-08-20 15:00:00,65.9,30.9,2.4,1.9,0.35,-0.31,40.2,0.341,91.4,746.8,LOW,Cloudburst,LOW
2026-08-20 15:30:00,40.1,30.5,1.5,1.88,0.34,-0.33,40.7,0.32,74.9,380.4,MEDIUM,Cloudburst,LOW
2026-08-20 16:00:00,48.2,21.5,2.5,1.96,0.33,-0.4,40.4,0.326,89.2,863.3,LOW,Cloudburst,LOW
2026-08-20 16:30:00,70.5,24.6,3.7,1.99,0.21,-0.4,41.5,0.349,35.3,292.7,HIGH,Cloudburst,LOW
2026-08-20 17:00:00,71.4,23.2,4.3,1.82,0.18,-0.4,39.3,0.356,106.2,989.1,LOW,Cloudburst,LOW
2026-08-20 17:30:00,50.1,34.1,2.1,2.13,0.21,-0.38,43.9,0.364,61.9,283.7,HIGH,Cloudburst,MEDIUM
2026-08-20 18:00:00,35.2,21.9,2.1,1.81,0.29,-0.4,40.5,0.315,129.6,403.7,LOW,Cloudburst,LOW
2026-08-20 18:30:00,73.7,27.6,3.8,1.83,0.33,-0.4,40.0,0.351,116.0,1092.8,LOW,Cloudburst,LOW
2026-08-20 19:00:00,42.2,32.2,1.8,1.83,0.17,-0.4,42.1,0.353,109.8,794.9,LOW,Cloudburst,LOW
2026-08-20 19:30:00,62.8,17.9,4.3,1.7,0.36,-0.4,42.0,0.373,96.2,802.5,LOW,Cloudburst,LOW
2026-08-20 20:00:00,40.4,17.9,2.5,1.76,0.35,-0.4,44.8,0.369,146.8,880.2,LOW,Cloudburst,LOW
2026-08-20 20:30:00,31.1,26.1,1.5,1.77,0.17,-0.4,38.5,0.325,169.1,387.4,LOW,Cloudburst,LOW
2026-08-20 21:00:00,58.3,24.7,3.5,1.74,0.27,-0.4,41.3,0.359,101.7,365.3,LOW,Cloudburst,LOW
2026-08-20 21:30:00,60.5,24.6,2.6,2.03,0.25,-0.4,40.3,0.347,89.5,809.6,LOW,Cloudburst,LOW
2026-08-20 22:00:00,83.9,25.9,3.6,1.93,0.27,-0.4,42.2,0.386,21.8,48.1,CRITICAL,Cloudburst,MEDIUM
2026-08-20 22:30:00,15.5,15.1,1.4,2.09,0.36,-0.36,40.3,0.325,139.6,764.7,LOW,Cloudburst,LOW
2026-08-20 23:00:00,41.2,31.3,1.4,1.92,0.25,-0.4,42.5,0.349,177.7,879.9,LOW,Cloudburst,LOW
2026-08-20 23:30:00,43.4,32.2,1.9,2.07,0.16,-0.4,40.2,0.33,73.0,471.7,MEDIUM,Cloudburst,LOW
2026-08-21 00:00:00,43.6,14.2,3.7,2.04,0.29,-0.4,41.1,0.347,27.3,187.0,CRITICAL,Cloudburst,MEDIUM
2026-08-21 00:30:00,90.7,26.2,4.1,1.86,0.36,-0.4,44.1,0.386,132.7,435.4,LOW,Cloudburst,LOW
2026-08-21 01:00:00,66.4,21.9,3.9,1.92,0.26,-0.4,38.6,0.328,79.3,465.1,LOW,Cloudburst,LOW
2026-08-21 01:30:00,31.8,14.1,2.5,1.84,0.15,-0.4,39.2,0.323,18.3,188.8,CRITICAL,Cloudburst,MEDIUM
2026-08-21 02:00:00,32.2,12.7,3.2,1.73,0.17,-0.4,40.9,0.324,69.6,216.7,HIGH,Cloudburst,LOW
2026-08-21 02:30:00,84.4,27.9,4.2,1.94,0.27,-0.4,38.1,0.352,95.4,558.8,LOW,Cloudburst,LOW
2026-08-21 03:00:00,42.5,14.4,3.2,1.64,0.32,-0.34,42.8,0.359,24.1,138.0,CRITICAL,Cloudburst,MEDIUM
2026-08-21 03:30:00,42.5,28.8,2.2,2.01,0.3,-0.31,38.8,0.329,97.4,665.7,LOW,Cloudburst,LOW
2026-08-21 04:00:00,111.6,27.4,4.3,1.59,0.29,-0.4,41.9,0.384,80.4,778.6,LOW,Cloudburst,LOW
2026-08-21 04:30:00,47.5,27.4,2.0,1.61,0.25,-0.4,39.6,0.323,146.2,802.3,LOW,Cloudburst,LOW
2026-08-21 05:00:00,59.1,20.2,3.8,2.0,0.28,-0.4,37.2,0.305,113.6,871.8,LOW,Cloudburst,LOW
2026-08-21 05:30:00,71.9,22.2,4.1,1.57,0.27,-0.34,43.7,0.373,117.8,999.7,LOW,Cloudburst,LOW
2026-08-21 06:00:00,57.5,23.2,2.7,1.97,0.19,-0.33,39.6,0.345,99.9,399.9,LOW,Cloudburst,LOW
2026-08-21 06:30:00,81.0,19.8,4.4,1.61,0.22,-0.4,40.0,0.348,51.2,246.3,HIGH,Cloudburst,LOW
2026-08-21 07:00:00,59.6,16.4,4.3,1.97,0.27,-0.4,37.2,0.306,118.7,1009.7,LOW,Cloudburst,LOW
2026-08-21 07:30:00,36.6,26.3,1.8,1.64,0.33,-0.4,38.7,0.327,168.0,420.6,LOW,Cloudburst,LOW
2026-08-21 08:00:00,39.1,16.2,3.3,1.92,0.17,-0.33,38.4,0.317,127.8,851.1,LOW,Cloudburst,LOW
2026-08-21 08:30:00,45.6,26.0,2.0,1.72,0.1,-0.4,38.9,0.313,166.7,418.1,LOW,Cloudburst,LOW
2026-08-21 09:00:00,60.5,22.9,2.8,1.8,0.2,-0.4,40.4,0.352,29.8,116.5,CRITICAL,Cloudburst,MEDIUM
2026-08-21 09:30:00,63.4,23.8,2.9,1.89,0.21,-0.4,37.2,0.314,157.1,1092.6,LOW,Cloudburst,LOW
2026-08-21 10:00:00,56.6,19.7,3.2,1.92,0.19,-0.4,41.7,0.359,16.7,55.9,CRITICAL,Cloudburst,MEDIUM
2026-08-21 10:30:00,34.3,13.0,3.2,1.93,0.34,-0.4,37.9,0.305,78.1,284.1,MEDIUM,Cloudburst,LOW
2026-08-21 11:00:00,53.4,17.7,4.3,1.6,0.13,-0.4,38.8,0.332,110.4,419.6,LOW,Cloudburst,LOW
2026-08-21 11:30:00,68.4,24.8,3.9,1.85,0.26,-0.39,41.5,0.346,64.9,240.6,HIGH,Cloudburst,LOW
2026-08-21 12:00:00,10.6,9.1,1.5,1.61,0.13,-0.4,37.3,0.292,151.4,855.9,LOW,Cloudburst,LOW
2026-08-21 12:30:00,17.6,13.7,1.8,1.82,0.18,-0.36,38.6,0.303,168.1,540.8,LOW,Cloudburst,LOW
2026-08-21 13:00:00,55.8,25.0,2.5,1.73,0.12,-0.4,38.6,0.315,119.3,450.2,LOW,Cloudburst,LOW
2026-08-21 13:30:00,11.7,14.1,1.1,1.63,0.29,-0.4,42.7,0.323,159.5,825.2,LOW,Cloudburst,LOW
2026-08-21 14:00:00,89.9,28.4,3.8,1.85,0.3,-0.37,41.9,0.392,55.0,303.6,HIGH,Cloudburst,MEDIUM
2026-08-21 14:30:00,52.1,17.0,4.1,1.85,0.16,-0.4,38.6,0.34,19.8,108.9,CRITICAL,Cloudburst,MEDIUM
2026-08-21 15:00:00,21.7,8.5,2.9,1.52,0.27,-0.4,39.3,0.32,90.8,1050.9,LOW,Cloudburst,LOW
2026-08-21 15:30:00,56.9,20.5,3.6,1.65,0.17,-0.36,39.8,0.355,117.8,543.7,LOW,Cloudburst,LOW
2026-08-21 16:00:00,55.2,17.4,3.5,1.84,0.23,-0.39,38.6,0.313,20.9,188.5,CRITICAL,Cloudburst,MEDIUM
2026-08-21 16:30:00,38.6,9.8,4.2,1.81,0.12,-0.4,42.2,0.348,173.3,686.0,LOW,Cloudburst,LOW
2026-08-21 17:00:00,32.0,15.2,2.7,1.48,0.15,-0.4,40.6,0.322,85.1,365.0,MEDIUM,Cloudburst,LOW
2026-08-21 17:30:00,30.5,13.8,2.7,1.57,0.25,-0.4,36.9,0.286,179.0,808.0,LOW,Cloudburst,LOW
2026-08-21 18:00:00,29.8,18.2,2.5,1.58,0.31,-0.37,41.8,0.339,123.7,936.2,LOW,Cloudburst,LOW
2026-08-21 18:30:00,59.4,23.6,3.5,1.81,0.15,-0.4,40.6,0.344,57.7,196.5,HIGH,Cloudburst,LOW
2026-08-21 19:00:00,25.7,24.4,1.3,1.63,0.1,-0.4,37.5,0.302,17.8,41.7,CRITICAL,Cloudburst,LOW
2026-08-21 19:30:00,80.5,24.8,4.0,1.62,0.28,-0.35,36.5,0.317,77.1,477.3,LOW,Cloudburst,LOW
2026-08-21 20:00:00,67.4,20.2,3.8,1.68,0.12,-0.4,40.6,0.353,82.4,769.5,LOW,Cloudburst,LOW
2026-08-21 20:30:00,25.4,14.0,2.4,1.43,0.06,-0.4,35.8,0.272,144.2,679.5,LOW,Cloudburst,LOW
2026-08-21 21:00:00,25.2,9.1,3.1,1.55,0.22,-0.4,41.7,0.333,160.7,460.6,LOW,Cloudburst,LOW
2026-08-21 21:30:00,46.9,16.6,3.5,1.51,0.25,-0.4,37.5,0.327,37.4,526.5,MEDIUM,Cloudburst,LOW
2026-08-21 22:00:00,17.7,13.4,1.8,1.64,0.21,-0.4,39.3,0.315,141.3,889.0,LOW,Cloudburst,LOW
2026-08-21 22:30:00,41.7,20.7,2.9,1.6,0.11,-0.4,38.5,0.31,157.7,1026.6,LOW,Cloudburst,LOW
2026-08-21 23:00:00,13.7,9.7,1.8,1.62,0.12,-0.4,38.1,0.294,128.8,1017.6,LOW,Cloudburst,LOW
2026-08-21 23:30:00,51.2,16.0,4.3,1.82,0.06,-0.4,41.5,0.344,116.7,960.3,LOW,Cloudburst,LOW
2026-08-22 00:00:00,46.5,22.6,2.7,1.51,0.12,-0.4,37.1,0.304,98.9,600.7,LOW,Cloudburst,LOW
2026-08-22 00:30:00,50.4,16.0,4.0,1.42,0.11,-0.4,40.3,0.341,53.5,287.4,HIGH,Cloudburst,LOW
2026-08-22 01:00:00,18.5,7.5,2.7,1.59,0.06,-0.4,37.5,0.292,65.3,311.4,MEDIUM,Cloudburst,LOW
2026-08-22 01:30:00,13.8,13.4,1.3,1.43,0.1,-0.4,39.1,0.293,148.5,832.5,LOW,Cloudburst,LOW
2026-08-22 02:00:00,192.1,24.3,10.7,1.65,0.19,-0.34,40.5,0.426,62.3,233.3,HIGH,Rapid-Rise,LOW
2026-08-22 02:30:00,207.1,25.2,11.8,1.83,0.2,-0.35,44.5,0.473,161.6,447.6,LOW,Rapid-Rise,LOW
2026-08-22 03:00:00,211.1,22.9,11.9,1.83,0.25,-0.35,40.6,0.452,17.0,219.9,CRITICAL,Rapid-Rise,MEDIUM
2026-08-22 03:30:00,65.1,24.3,3.6,1.6,0.24,-0.26,41.6,0.366,25.6,156.3,CRITICAL,Rapid-Rise,MEDIUM
2026-08-22 04:00:00,148.2,24.4,8.1,1.5,0.32,-0.35,44.4,0.442,98.9,911.7,LOW,Rapid-Rise,LOW
2026-08-22 04:30:00,117.4,19.7,11.4,1.63,0.27,-0.32,39.6,0.379,123.2,835.9,LOW,Rapid-Rise,LOW
2026-08-22 05:00:00,103.4,18.0,9.0,1.72,0.24,-0.33,43.8,0.403,78.3,500.7,LOW,Rapid-Rise,LOW
2026-08-22 05:30:00,32.5,19.4,3.1,1.69,0.2,-0.22,39.2,0.324,123.0,400.8,LOW,Rapid-Rise,LOW
2026-08-22 06:00:00,111.4,23.9,9.3,1.66,0.16,-0.27,44.6,0.421,160.0,586.7,LOW,Rapid-Rise,LOW
2026-08-22 06:30:00,130.6,22.9,9.1,1.49,0.31,-0.35,39.6,0.401,163.5,749.0,LOW,Rapid-Rise,LOW
2026-08-22 07:00:00,82.0,18.6,5.8,1.5,0.17,-0.29,41.9,0.369,140.1,604.7,LOW,Rapid-Rise,LOW
2026-08-22 07:30:00,56.8,18.5,5.7,1.58,0.16,-0.29,39.3,0.328,167.2,1005.3,LOW,Rapid-Rise,LOW
2026-08-22 08:00:00,154.8,25.3,9.5,1.51,0.17,-0.34,44.8,0.436,130.0,916.1,LOW,Rapid-Rise,LOW
2026-08-22 08:30:00,99.8,26.5,5.8,1.86,0.19,-0.35,44.8,0.404,25.2,153.2,CRITICAL,Rapid-Rise,MEDIUM
2026-08-22 09:00:00,70.9,19.7,6.2,1.61,0.32,-0.33,44.2,0.366,72.4,528.9,LOW,Rapid-Rise,LOW
2026-08-22 09:30:00,107.9,19.6,10.0,1.61,0.16,-0.3,44.6,0.426,151.6,393.4,LOW,Rapid-Rise,LOW
2026-08-22 10:00:00,115.2,26.9,5.8,1.88,0.15,-0.35,45.3,0.425,69.1,467.3,MEDIUM,Rapid-Rise,LOW
2026-08-22 10:30:00,121.2,16.1,11.8,1.7,0.29,-0.35,45.1,0.436,28.8,60.2,CRITICAL,Rapid-Rise,MEDIUM
2026-08-22 11:00:00,141.6,15.9,11.6,1.89,0.29,-0.26,45.2,0.441,23.3,67.9,CRITICAL,Rapid-Rise,MEDIUM
2026-08-22 11:30:00,105.1,24.5,5.4,1.54,0.17,-0.22,43.2,0.395,76.0,319.2,MEDIUM,Rapid-Rise,LOW
2026-08-22 12:00:00,236.1,26.6,11.8,1.52,0.28,-0.35,41.4,0.49,93.7,494.9,LOW,Rapid-Rise,LOW
2026-08-22 12:30:00,49.8,24.9,3.8,1.76,0.19,-0.34,41.8,0.336,158.9,1064.2,LOW,Rapid-Rise,LOW
2026-08-22 13:00:00,31.6,15.7,3.4,1.54,0.14,-0.32,43.9,0.346,166.6,812.5,LOW,Rapid-Rise,LOW
2026-08-22 13:30:00,93.0,23.5,6.7,1.67,0.3,-0.34,44.7,0.414,86.8,912.0,LOW,Rapid-Rise,LOW
2026-08-22 14:00:00,167.9,19.2,11.9,1.75,0.29,-0.35,40.6,0.418,174.4,993.3,LOW,Rapid-Rise,LOW
2026-08-22 14:30:00,57.1,15.8,6.1,1.81,0.16,-0.28,40.4,0.347,84.5,428.5,LOW,Rapid-Rise,LOW
2026-08-22 15:00:00,110.8,24.1,6.5,1.82,0.16,-0.35,44.9,0.422,133.5,744.8,LOW,Rapid-Rise,LOW
2026-08-22 15:30:00,110.5,17.0,9.0,1.86,0.23,-0.35,45.4,0.408,38.3,156.0,HIGH,Rapid-Rise,MEDIUM
2026-08-22 16:00:00,83.7,24.1,6.3,1.76,0.31,-0.23,42.2,0.386,37.3,347.5,HIGH,Rapid-Rise,MEDIUM
2026-08-22 16:30:00,141.6,26.5,7.5,1.76,0.3,-0.35,40.8,0.411,150.3,825.0,LOW,Rapid-Rise,LOW
2026-08-22 17:00:00,142.2,22.2,8.8,1.82,0.26,-0.31,41.0,0.423,17.3,211.8,CRITICAL,Rapid-Rise,MEDIUM
2026-08-22 17:30:00,130.6,19.2,11.3,1.87,0.25,-0.35,43.4,0.424,174.5,458.6,LOW,Rapid-Rise,LOW
2026-08-22 18:00:00,73.8,18.1,5.7,1.75,0.16,-0.26,45.7,0.391,123.2,879.9,LOW,Rapid-Rise,LOW
2026-08-22 18:30:00,101.3,22.8,8.8,1.57,0.23,-0.34,44.9,0.398,155.9,546.6,LOW,Rapid-Rise,LOW
2026-08-22 19:00:00,80.2,19.8,6.3,1.84,0.25,-0.23,43.9,0.384,71.0,428.7,MEDIUM,Rapid-Rise,LOW
2026-08-22 19:30:00,212.3,24.6,10.9,1.72,0.28,-0.33,44.4,0.469,47.3,160.3,HIGH,Rapid-Rise,MEDIUM
2026-08-22 20:00:00,133.6,20.7,8.7,1.78,0.21,-0.28,45.9,0.436,88.6,1010.1,LOW,Rapid-Rise,LOW
2026-08-22 20:30:00,183.9,28.6,9.4,1.73,0.33,-0.35,46.2,0.473,84.1,446.0,LOW,Rapid-Rise,LOW
2026-08-22 21:00:00,91.3,16.2,10.7,1.66,0.19,-0.24,42.8,0.4,171.5,711.5,LOW,Rapid-Rise,LOW
2026-08-22 21:30:00,155.2,22.3,9.1,1.67,0.32,-0.26,40.6,0.418,69.0,446.8,MEDIUM,Rapid-Rise,LOW
2026-08-22 22:00:00,186.8,23.4,10.8,1.81,0.32,-0.24,46.3,0.488,110.5,581.0,LOW,Rapid-Rise,LOW
2026-08-22 22:30:00,145.6,19.8,9.9,1.69,0.32,-0.19,43.3,0.432,109.0,791.4,LOW,Rapid-Rise,LOW
2026-08-22 23:00:00,144.6,21.9,11.7,1.89,0.18,-0.27,41.5,0.427,138.3,720.1,LOW,Rapid-Rise,LOW
2026-08-22 23:30:00,83.1,23.5,5.4,1.91,0.34,-0.28,45.8,0.413,69.4,416.2,MEDIUM,Rapid-Rise,LOW
2026-08-23 00:00:00,166.8,21.5,11.1,1.96,0.31,-0.25,41.8,0.421,168.8,887.7,LOW,Rapid-Rise,LOW
2026-08-23 00:30:00,101.8,18.0,10.0,1.79,0.23,-0.34,44.0,0.416,71.3,350.1,MEDIUM,Rapid-Rise,LOW
2026-08-23 01:00:00,201.5,22.5,11.6,1.87,0.31,-0.28,43.4,0.463,68.0,357.2,MEDIUM,Rapid-Rise,LOW
2026-08-23 01:30:00,67.7,20.6,5.5,1.66,0.3,-0.31,43.2,0.372,46.7,523.2,MEDIUM,Rapid-Rise,LOW
2026-08-23 02:00:00,102.9,27.7,6.2,1.91,0.31,-0.19,44.0,0.398,105.0,693.0,LOW,Rapid-Rise,LOW
2026-08-23 02:30:00,144.3,17.7,11.8,1.99,0.38,-0.3,46.7,0.446,86.1,592.4,LOW,Rapid-Rise,LOW
2026-08-23 03:00:00,125.5,18.5,9.9,1.73,0.29,-0.32,44.9,0.414,73.5,256.9,MEDIUM,Rapid-Rise,LOW
2026-08-23 03:30:00,178.7,23.1,10.1,1.89,0.31,-0.29,42.7,0.456,137.0,1035.1,LOW,Rapid-Rise,LOW
2026-08-23 04:00:00,167.6,22.0,11.7,1.82,0.23,-0.21,42.5,0.424,18.5,170.5,CRITICAL,Rapid-Rise,MEDIUM
2026-08-23 04:30:00,106.6,26.1,7.4,1.78,0.25,-0.35,44.7,0.406,140.9,579.0,LOW,Rapid-Rise,LOW
2026-08-23 05:00:00,70.7,22.6,4.7,1.77,0.31,-0.27,45.4,0.396,20.5,32.0,CRITICAL,Rapid-Rise,MEDIUM
2026-08-23 05:30:00,68.9,17.8,7.7,1.9,0.24,-0.19,42.0,0.368,159.8,1002.9,LOW,Rapid-Rise,LOW
2026-08-23 06:00:00,99.4,28.5,5.3,1.72,0.28,-0.22,43.7,0.397,57.2,299.2,HIGH,Rapid-Rise,LOW
2026-08-23 06:30:00,65.7,19.7,5.4,2.03,0.33,-0.28,47.3,0.386,154.7,652.2,LOW,Rapid-Rise,LOW
2026-08-23 07:00:00,83.4,18.3,7.6,2.03,0.25,-0.18,43.6,0.393,111.2,430.3,LOW,Rapid-Rise,LOW
2026-08-23 07:30:00,169.5,29.2,9.6,1.97,0.3,-0.24,46.7,0.477,75.0,138.3,HIGH,Rapid-Rise,MEDIUM
2026-08-23 08:00:00,273.0,31.1,11.1,1.97,0.35,-0.19,45.8,0.554,108.4,995.7,LOW,Rapid-Rise,LOW
2026-08-23 08:30:00,146.1,30.1,7.3,1.79,0.23,-0.33,43.5,0.436,175.0,628.1,LOW,Rapid-Rise,LOW
2026-08-23 09:00:00,106.2,22.0,7.8,2.05,0.3,-0.24,47.0,0.428,155.6,411.6,LOW,Rapid-Rise,LOW
2026-08-23 09:30:00,114.4,26.0,8.3,1.88,0.32,-0.27,42.5,0.409,111.1,866.0,LOW,Rapid-Rise,LOW
2026-08-23 10:00:00,150.6,26.6,10.3,2.1,0.26,-0.34,45.9,0.445,42.8,446.5,MEDIUM,Rapid-Rise,LOW
2026-08-23 10:30:00,150.7,27.3,7.9,1.91,0.32,-0.27,44.6,0.45,67.2,506.1,MEDIUM,Rapid-Rise,LOW
2026-08-23 11:00:00,100.5,22.6,6.5,2.0,0.35,-0.21,44.2,0.403,182.2,673.9,LOW,Rapid-Rise,LOW
2026-08-23 11:30:00,109.9,23.2,7.6,2.04,0.34,-0.16,47.4,0.433,58.0,383.4,MEDIUM,Rapid-Rise,LOW
2026-08-23 12:00:00,171.2,31.8,7.6,1.84,0.29,-0.33,46.1,0.481,92.7,1095.6,LOW,Rapid-Rise,LOW
2026-08-23 12:30:00,93.1,32.0,4.2,2.07,0.32,-0.18,46.3,0.419,57.5,405.2,MEDIUM,Rapid-Rise,LOW
2026-08-23 13:00:00,169.2,28.5,9.2,1.96,0.27,-0.16,45.7,0.474,81.4,427.9,MEDIUM,Rapid-Rise,LOW
2026-08-23 13:30:00,171.2,29.1,9.1,2.13,0.25,-0.24,45.0,0.455,49.0,406.0,MEDIUM,Rapid-Rise,LOW
2026-08-23 14:00:00,230.3,26.5,11.0,2.1,0.31,-0.34,47.3,0.508,147.9,977.5,LOW,Rapid-Rise,LOW
2026-08-23 14:30:00,160.7,30.7,8.6,1.95,0.34,-0.21,43.8,0.443,167.3,748.2,LOW,Rapid-Rise,LOW
2026-08-23 15:00:00,103.3,20.8,8.9,2.09,0.28,-0.3,47.7,0.445,122.4,683.0,LOW,Rapid-Rise,LOW
2026-08-23 15:30:00,125.2,22.8,7.4,2.09,0.45,-0.25,44.6,0.418,181.4,852.1,LOW,Rapid-Rise,LOW
2026-08-23 16:00:00,186.1,30.9,10.5,2.1,0.31,-0.23,46.6,0.482,184.1,738.7,LOW,Rapid-Rise,LOW
2026-08-23 16:30:00,211.0,24.7,11.7,1.9,0.26,-0.25,48.2,0.503,29.4,31.0,CRITICAL,Rapid-Rise,MEDIUM
2026-08-23 17:00:00,138.6,28.8,9.4,2.2,0.27,-0.19,46.1,0.44,148.8,552.3,LOW,Rapid-Rise,LOW
2026-08-23 17:30:00,132.2,29.5,8.1,1.87,0.36,-0.27,48.8,0.445,39.0,442.2,MEDIUM,Rapid-Rise,LOW
2026-08-23 18:00:00,162.8,23.1,10.6,2.02,0.42,-0.22,47.5,0.468,73.1,205.1,HIGH,Rapid-Rise,MEDIUM
2026-08-23 18:30:00,216.8,25.1,12.3,2.01,0.33,-0.23,46.5,0.501,90.6,449.6,LOW,Rapid-Rise,LOW
2026-08-23 19:00:00,68.2,21.2,5.7,2.16,0.42,-0.17,47.3,0.405,24.9,53.9,CRITICAL,Rapid-Rise,MEDIUM
2026-08-23 19:30:00,182.5,24.5,11.5,2.04,0.33,-0.21,48.8,0.5,171.7,585.2,LOW,Rapid-Rise,LOW
2026-08-23 20:00:00,186.2,26.0,9.8,1.98,0.45,-0.14,49.6,0.512,45.9,450.1,MEDIUM,Rapid-Rise,MEDIUM
2026-08-23 20:30:00,213.1,29.6,9.3,2.03,0.41,-0.28,47.7,0.525,157.9,770.5,LOW,Rapid-Rise,LOW
2026-08-23 21:00:00,234.0,27.6,10.7,2.15,0.34,-0.14,45.4,0.497,138.2,957.3,LOW,Rapid-Rise,LOW
2026-08-23 21:30:00,167.3,31.8,9.7,2.05,0.38,-0.17,49.7,0.507,29.9,181.1,CRITICAL,Rapid-Rise,MEDIUM
2026-08-23 22:00:00,208.1,31.8,11.9,2.03,0.33,-0.19,45.1,0.492,77.3,517.0,LOW,Rapid-Rise,LOW
2026-08-23 22:30:00,219.1,28.4,10.4,2.16,0.31,-0.25,46.1,0.505,181.0,919.1,LOW,Rapid-Rise,LOW
2026-08-23 23:00:00,103.8,29.7,5.7,2.07,0.36,-0.28,49.2,0.442,60.5,517.5,MEDIUM,Rapid-Rise,LOW
2026-08-23 23:30:00,88.1,31.8,4.2,2.06,0.46,-0.14,45.7,0.393,171.4,490.7,LOW,Rapid-Rise,LOW
2026-08-24 00:00:00,123.8,23.2,9.5,1.97,0.46,-0.19,48.0,0.463,88.9,1063.4,LOW,Rapid-Rise,LOW
2026-08-24 00:30:00,99.5,22.6,6.0,1.97,0.35,-0.22,46.9,0.421,35.3,132.0,CRITICAL,Rapid-Rise,MEDIUM
2026-08-24 01:00:00,132.1,24.8,9.3,1.99,0.35,-0.3,45.8,0.424,41.2,209.0,HIGH,Rapid-Rise,MEDIUM
2026-08-24 01:30:00,111.4,28.6,5.1,2.32,0.38,-0.25,45.0,0.414,111.1,1093.5,LOW,Rapid-Rise,LOW
2026-08-24 02:00:00,117.9,23.1,7.7,2.26,0.46,-0.23,47.1,0.443,95.6,840.7,LOW,Rapid-Rise,LOW
2026-08-24 02:30:00,84.5,27.5,3.9,2.19,0.4,-0.3,50.0,0.441,80.3,387.0,MEDIUM,Rapid-Rise,MEDIUM
2026-08-24 03:00:00,148.6,33.2,7.9,2.04,0.35,-0.14,50.1,0.475,125.2,946.9,LOW,Rapid-Rise,LOW
2026-08-24 03:30:00,127.2,26.1,7.2,2.27,0.33,-0.3,49.2,0.452,51.9,413.1,MEDIUM,Rapid-Rise,MEDIUM
2026-08-24 04:00:00,258.3,33.2,11.6,2.3,0.51,-0.16,49.1,0.549,51.7,176.2,HIGH,Rapid-Rise,MEDIUM
2026-08-24 04:30:00,270.2,32.1,12.4,2.03,0.45,-0.28,50.5,0.582,108.6,424.9,LOW,Rapid-Rise,LOW
2026-08-24 05:00:00,161.3,30.4,8.3,2.06,0.32,-0.24,47.4,0.467,54.7,377.3,MEDIUM,Rapid-Rise,LOW
2026-08-24 05:30:00,130.2,24.4,7.0,2.02,0.51,-0.22,46.5,0.446,85.3,901.2,LOW,Rapid-Rise,LOW
2026-08-24 06:00:00,150.4,29.7,8.3,2.37,0.38,-0.29,51.1,0.499,52.1,452.3,MEDIUM,Rapid-Rise,MEDIUM
2026-08-24 06:30:00,96.3,29.7,5.5,2.07,0.46,-0.17,48.1,0.425,89.6,1014.0,LOW,Rapid-Rise,LOW
2026-08-24 07:00:00,88.3,27.1,4.2,2.32,0.4,-0.25,47.8,0.416,16.5,48.4,CRITICAL,Rapid-Rise,MEDIUM
2026-08-24 07:30:00,68.4,34.2,3.8,2.09,0.51,-0.24,47.8,0.394,100.8,826.1,LOW,Rapid-Rise,LOW
2026-08-24 08:00:00,111.6,23.2,8.5,2.24,0.5,-0.12,48.9,0.453,97.3,992.8,LOW,Rapid-Rise,LOW
2026-08-24 08:30:00,94.7,28.0,5.2,2.19,0.52,-0.11,46.8,0.425,169.4,874.0,LOW,Rapid-Rise,LOW
2026-08-24 09:00:00,82.0,28.8,4.3,2.3,0.39,-0.16,48.1,0.403,53.4,285.6,HIGH,Rapid-Rise,MEDIUM
2026-08-24 09:30:00,227.2,29.7,10.2,2.26,0.44,-0.11,46.6,0.504,79.1,216.5,MEDIUM,Rapid-Rise,MEDIUM
2026-08-24 10:00:00,330.1,35.3,12.0,2.35,0.51,-0.19,51.4,0.616,157.8,829.3,LOW,Rapid-Rise,MEDIUM
2026-08-24 10:30:00,83.0,26.8,5.6,2.43,0.47,-0.2,50.8,0.439,69.7,444.6,MEDIUM,Rapid-Rise,MEDIUM
2026-08-24 11:00:00,279.2,37.7,12.3,2.22,0.51,-0.22,49.7,0.572,19.5,77.2,CRITICAL,Rapid-Rise,MEDIUM
2026-08-24 11:30:00,195.6,35.1,7.4,2.27,0.46,-0.08,51.7,0.539,158.2,471.6,LOW,Rapid-Rise,MEDIUM
2026-08-24 12:00:00,242.4,35.9,8.8,2.48,0.43,-0.16,51.5,0.545,83.5,438.0,LOW,Rapid-Rise,MEDIUM
2026-08-24 12:30:00,190.2,38.0,7.8,2.25,0.42,-0.18,51.3,0.508,84.4,696.0,LOW,Rapid-Rise,LOW
2026-08-24 13:00:00,172.4,26.4,10.6,2.28,0.48,-0.21,52.6,0.518,129.7,918.7,LOW,Rapid-Rise,MEDIUM
2026-08-24 13:30:00,177.8,28.0,9.0,2.32,0.47,-0.2,52.1,0.52,77.6,373.8,MEDIUM,Rapid-Rise,MEDIUM
2026-08-24 14:00:00,319.9,37.9,11.8,2.22,0.45,-0.23,49.6,0.604,106.8,375.3,LOW,Rapid-Rise,MEDIUM
2026-08-24 14:30:00,147.1,30.8,7.5,2.47,0.49,-0.17,48.4,0.477,109.7,969.1,LOW,Rapid-Rise,MEDIUM
2026-08-24 15:00:00,95.6,31.3,5.5,2.36,0.53,-0.11,51.3,0.442,26.8,209.0,CRITICAL,Rapid-Rise,MEDIUM
2026-08-24 15:30:00,219.7,26.6,12.4,2.51,0.46,-0.23,49.8,0.539,179.3,839.9,LOW,Rapid-Rise,MEDIUM
2026-08-24 16:00:00,105.8,28.3,5.3,2.25,0.54,-0.25,51.2,0.449,172.7,539.2,LOW,Rapid-Rise,MEDIUM
2026-08-24 16:30:00,297.5,36.6,10.6,2.36,0.55,-0.07,53.5,0.61,56.7,217.4,HIGH,Rapid-Rise,MEDIUM
2026-08-24 17:00:00,115.2,30.1,7.1,2.37,0.46,-0.15,52.4,0.489,115.6,417.8,LOW,Rapid-Rise,MEDIUM
2026-08-24 17:30:00,103.8,35.4,5.7,2.33,0.55,-0.08,51.0,0.457,155.2,602.2,LOW,Rapid-Rise,MEDIUM
2026-08-24 18:00:00,170.9,30.3,10.6,2.54,0.59,-0.13,51.0,0.506,13.7,49.2,CRITICAL,Rapid-Rise,MEDIUM
2026-08-24 18:30:00,129.3,27.7,6.3,2.41,0.46,-0.06,54.0,0.493,179.9,623.9,LOW,Rapid-Rise,MEDIUM
2026-08-24 19:00:00,235.1,37.9,7.9,2.43,0.51,-0.12,50.5,0.556,129.4,381.5,LOW,Rapid-Rise,MEDIUM
2026-08-24 19:30:00,196.8,28.3,12.1,2.62,0.42,-0.15,48.8,0.514,179.6,1027.7,LOW,Rapid-Rise,MEDIUM
2026-08-24 20:00:00,373.7,39.0,12.2,2.48,0.56,-0.12,51.1,0.635,102.7,713.0,LOW,Rapid-Rise,MEDIUM
2026-08-24 20:30:00,176.4,29.1,8.2,2.6,0.43,-0.09,51.8,0.528,149.9,480.3,LOW,Rapid-Rise,MEDIUM
2026-08-24 21:00:00,172.0,35.7,7.8,2.38,0.47,-0.16,53.1,0.531,105.7,729.9,LOW,Rapid-Rise,MEDIUM
2026-08-24 21:30:00,53.7,27.6,3.8,2.57,0.52,-0.18,49.5,0.409,15.7,154.6,CRITICAL,Rapid-Rise,MEDIUM
2026-08-24 22:00:00,181.9,26.7,9.5,2.68,0.52,-0.18,49.1,0.506,59.6,334.3,MEDIUM,Rapid-Rise,MEDIUM
2026-08-24 22:30:00,240.2,27.7,11.4,2.66,0.48,-0.16,50.7,0.54,140.0,934.9,LOW,Rapid-Rise,MEDIUM
2026-08-24 23:00:00,166.2,36.4,7.2,2.41,0.48,-0.07,53.2,0.513,21.6,124.6,CRITICAL,Rapid-Rise,MEDIUM
2026-08-24 23:30:00,167.7,34.6,6.2,2.72,0.47,-0.23,52.1,0.519,97.4,1026.6,LOW,Rapid-Rise,MEDIUM
2026-08-25 00:00:00,134.3,34.6,5.6,2.69,0.52,-0.07,51.1,0.485,181.2,465.1,LOW,Rapid-Rise,MEDIUM
2026-08-25 00:30:00,173.4,31.0,8.0,2.6,0.51,-0.09,52.0,0.502,28.5,24.1,CRITICAL,Rapid-Rise,MEDIUM
2026-08-25 01:00:00,203.6,36.0,7.5,2.61,0.54,-0.2,51.4,0.518,110.9,384.7,LOW,Rapid-Rise,MEDIUM
2026-08-25 01:30:00,114.2,37.7,5.0,2.76,0.49,-0.09,52.1,0.483,12.6,70.1,CRITICAL,Rapid-Rise,MEDIUM
2026-08-25 02:00:00,111.9,34.4,5.4,2.51,0.48,-0.04,55.3,0.499,121.3,629.0,LOW,Rapid-Rise,MEDIUM
2026-08-25 02:30:00,91.4,33.8,4.8,2.5,0.57,-0.13,50.6,0.439,15.4,176.4,CRITICAL,Rapid-Rise,MEDIUM
2026-08-25 03:00:00,295.2,32.2,12.1,2.76,0.65,-0.03,51.5,0.592,152.3,970.0,LOW,Rapid-Rise,MEDIUM
2026-08-25 03:30:00,103.8,29.9,5.1,2.68,0.56,-0.11,50.9,0.459,125.0,1064.4,LOW,Rapid-Rise,MEDIUM
2026-08-25 04:00:00,260.8,38.4,11.9,2.73,0.64,-0.13,52.8,0.597,164.6,543.4,LOW,Rapid-Rise,MEDIUM
2026-08-25 04:30:00,143.5,37.2,6.4,2.63,0.52,-0.04,51.1,0.476,180.6,632.3,LOW,Rapid-Rise,MEDIUM
2026-08-25 05:00:00,163.4,34.2,6.7,2.78,0.53,-0.04,54.1,0.522,156.4,810.0,LOW,Rapid-Rise,MEDIUM
2026-08-25 05:30:00,259.9,31.8,10.5,2.49,0.6,-0.08,53.1,0.586,161.5,1070.8,LOW,Rapid-Rise,MEDIUM
2026-08-25 06:00:00,188.2,36.7,10.2,2.64,0.49,-0.07,53.2,0.537,34.0,195.2,HIGH,Rapid-Rise,MEDIUM
2026-08-25 06:30:00,315.6,42.5,9.9,2.52,0.5,-0.16,50.7,0.603,83.4,799.7,LOW,Rapid-Rise,MEDIUM
2026-08-25 07:00:00,238.3,39.1,10.5,2.84,0.65,-0.01,54.7,0.566,37.7,223.9,HIGH,Rapid-Rise,MEDIUM
2026-08-25 07:30:00,125.2,35.7,4.7,2.58,0.56,-0.02,56.5,0.527,68.8,365.8,MEDIUM,Rapid-Rise,MEDIUM
2026-08-25 08:00:00,290.9,38.2,11.6,2.58,0.51,-0.08,56.7,0.642,117.7,1088.8,LOW,Rapid-Rise,MEDIUM
2026-08-25 08:30:00,233.1,31.8,10.9,2.88,0.62,-0.03,54.8,0.57,67.9,299.4,MEDIUM,Rapid-Rise,MEDIUM
2026-08-25 09:00:00,300.8,40.7,10.0,2.85,0.51,-0.13,51.1,0.595,41.2,305.4,HIGH,Rapid-Rise,MEDIUM
2026-08-25 09:30:00,277.0,36.3,10.4,2.81,0.58,-0.19,52.0,0.601,109.4,781.0,LOW,Rapid-Rise,MEDIUM
2026-08-25 10:00:00,257.4,36.0,9.5,2.79,0.58,-0.02,53.0,0.588,90.1,716.7,LOW,Rapid-Rise,MEDIUM
2026-08-25 10:30:00,243.1,34.5,10.1,2.61,0.51,-0.01,52.8,0.581,81.3,719.5,LOW,Rapid-Rise,MEDIUM
2026-08-25 11:00:00,197.8,31.1,10.1,2.65,0.7,-0.03,54.9,0.542,119.6,579.3,LOW,Rapid-Rise,MEDIUM
2026-08-25 11:30:00,200.3,38.6,8.9,2.82,0.68,-0.04,56.8,0.56,148.9,866.7,LOW,Rapid-Rise,MEDIUM
2026-08-25 12:00:00,193.1,40.2,8.0,2.9,0.55,-0.02,52.3,0.52,50.3,128.5,HIGH,Rapid-Rise,MEDIUM
2026-08-25 12:30:00,165.3,34.1,6.3,2.97,0.65,-0.17,54.3,0.525,29.6,51.6,CRITICAL,Rapid-Rise,HIGH
2026-08-25 13:00:00,191.7,34.3,8.1,2.91,0.63,-0.14,52.8,0.526,53.8,269.1,HIGH,Rapid-Rise,MEDIUM
2026-08-25 13:30:00,79.9,31.6,4.4,2.61,0.55,-0.16,56.3,0.474,75.3,273.3,MEDIUM,Rapid-Rise,MEDIUM
2026-08-25 14:00:00,276.2,42.3,8.3,2.63,0.58,0.02,53.0,0.596,166.9,963.4,LOW,Rapid-Rise,MEDIUM
2026-08-25 14:30:00,235.3,36.7,12.3,2.94,0.65,-0.15,57.4,0.604,34.8,62.7,CRITICAL,Rapid-Rise,HIGH
2026-08-25 15:00:00,102.3,38.1,4.1,2.95,0.65,-0.01,56.7,0.508,165.3,1027.6,LOW,Rapid-Rise,MEDIUM
2026-08-25 15:30:00,259.7,41.7,10.5,3.02,0.73,0.01,56.1,0.601,163.3,432.6,LOW,Rapid-Rise,MEDIUM
2026-08-25 16:00:00,268.6,36.0,11.5,2.82,0.56,0.02,53.9,0.602,177.9,823.9,LOW,Rapid-Rise,MEDIUM
2026-08-25 16:30:00,166.8,35.2,6.3,2.71,0.63,-0.02,57.8,0.541,128.1,1004.5,LOW,Rapid-Rise,MEDIUM
2026-08-25 17:00:00,284.8,41.9,11.9,2.66,0.57,0.01,55.4,0.624,24.7,23.5,CRITICAL,Rapid-Rise,HIGH
2026-08-25 17:30:00,164.6,39.9,6.7,2.84,0.71,-0.03,55.6,0.523,163.8,579.6,LOW,Rapid-Rise,MEDIUM
2026-08-25 18:00:00,297.8,38.1,10.1,2.92,0.66,-0.01,53.7,0.621,25.6,73.3,CRITICAL,Rapid-Rise,HIGH
2026-08-25 18:30:00,330.9,44.2,10.4,2.9,0.68,-0.06,56.1,0.665,29.0,136.7,CRITICAL,Rapid-Rise,HIGH
2026-08-25 19:00:00,345.0,45.0,11.0,2.91,0.64,-0.11,55.7,0.649,99.9,880.8,LOW,Rapid-Rise,MEDIUM
2026-08-25 19:30:00,125.6,44.1,4.7,3.11,0.65,-0.04,57.1,0.525,126.3,636.4,LOW,Rapid-Rise,MEDIUM
2026-08-25 20:00:00,236.3,40.3,10.7,2.73,0.66,-0.05,59.1,0.628,135.6,467.4,LOW,Rapid-Rise,MEDIUM
2026-08-25 20:30:00,274.3,40.7,9.6,2.79,0.76,-0.09,54.7,0.59,48.5,300.6,HIGH,Rapid-Rise,HIGH
2026-08-25 21:00:00,262.6,43.3,8.5,2.76,0.58,-0.04,56.1,0.593,88.7,1013.2,LOW,Rapid-Rise,MEDIUM
2026-08-25 21:30:00,262.0,47.1,9.1,2.86,0.71,-0.08,57.1,0.624,83.2,1018.8,LOW,Rapid-Rise,MEDIUM
2026-08-25 22:00:00,265.2,41.3,8.2,2.93,0.66,-0.04,56.1,0.603,162.2,603.2,LOW,Rapid-Rise,MEDIUM
2026-08-25 22:30:00,115.0,39.5,4.8,3.09,0.59,-0.01,58.9,0.524,47.9,250.6,HIGH,Rapid-Rise,MEDIUM
2026-08-25 23:00:00,110.9,34.3,4.7,2.84,0.68,-0.03,58.4,0.531,35.3,347.6,HIGH,Rapid-Rise,MEDIUM
2026-08-25 23:30:00,195.4,44.4,7.8,2.98,0.75,-0.0,55.7,0.572,129.1,424.6,LOW,Rapid-Rise,MEDIUM
2026-08-26 00:00:00,232.2,35.5,8.9,2.91,0.76,-0.12,57.2,0.595,38.6,486.4,MEDIUM,Rapid-Rise,MEDIUM
2026-08-26 00:30:00,218.3,36.0,9.9,2.82,0.76,-0.07,54.8,0.556,71.2,373.6,MEDIUM,Rapid-Rise,MEDIUM
2026-08-26 01:00:00,399.9,44.3,12.9,2.9,0.72,-0.02,59.7,0.683,81.5,693.7,LOW,Rapid-Rise,MEDIUM
2026-08-26 01:30:00,167.9,38.7,8.2,3.15,0.65,-0.09,56.4,0.544,103.0,929.3,LOW,Rapid-Rise,MEDIUM
2026-08-26 02:00:00,85.0,35.7,4.2,3.22,0.64,-0.07,60.7,0.502,97.1,1080.2,LOW,Rapid-Rise,MEDIUM
2026-08-26 02:30:00,265.4,42.6,7.9,3.02,0.7,0.07,57.2,0.611,100.6,722.4,LOW,Rapid-Rise,MEDIUM
2026-08-26 03:00:00,130.1,43.3,4.9,3.17,0.65,-0.1,58.8,0.524,21.6,49.0,CRITICAL,Rapid-Rise,HIGH
2026-08-26 03:30:00,142.0,47.5,5.1,3.05,0.7,0.02,60.2,0.545,176.9,488.3,LOW,Rapid-Rise,MEDIUM
2026-08-26 04:00:00,161.0,43.0,7.3,3.22,0.68,0.06,56.3,0.524,161.1,1011.9,LOW,Rapid-Rise,MEDIUM
2026-08-26 04:30:00,96.5,40.9,4.6,2.96,0.74,-0.1,58.9,0.495,96.4,765.0,LOW,Rapid-Rise,MEDIUM
2026-08-26 05:00:00,249.5,44.0,8.4,2.93,0.71,-0.08,56.3,0.609,79.6,258.9,MEDIUM,Rapid-Rise,MEDIUM
2026-08-26 05:30:00,317.8,47.6,11.3,3.23,0.67,-0.09,57.2,0.658,108.1,538.3,LOW,Rapid-Rise,MEDIUM
2026-08-26 06:00:00,197.4,45.9,7.5,3.04,0.73,-0.02,56.0,0.562,175.1,978.2,LOW,Rapid-Rise,MEDIUM
2026-08-26 06:30:00,241.7,36.3,12.2,3.26,0.78,0.01,61.4,0.645,148.3,803.2,LOW,Rapid-Rise,MEDIUM
2026-08-26 07:00:00,174.6,36.1,9.2,3.26,0.7,0.08,61.2,0.576,110.2,908.3,LOW,Rapid-Rise,MEDIUM
2026-08-26 07:30:00,370.0,47.4,11.4,3.1,0.8,0.06,60.0,0.711,115.7,1016.3,LOW,Rapid-Rise,MEDIUM
2026-08-26 08:00:00,248.9,44.1,7.7,3.05,0.71,0.09,56.6,0.61,28.1,169.9,CRITICAL,Rapid-Rise,HIGH
2026-08-26 08:30:00,183.4,48.5,5.0,3.35,0.78,-0.04,58.3,0.569,26.9,159.3,CRITICAL,Rapid-Rise,HIGH
2026-08-26 09:00:00,284.3,42.9,9.8,3.0,0.66,-0.04,58.6,0.632,12.2,167.7,CRITICAL,Rapid-Rise,HIGH
2026-08-26 09:30:00,355.0,49.4,11.3,3.18,0.72,0.06,57.8,0.693,15.8,36.4,CRITICAL,Rapid-Rise,HIGH
2026-08-26 10:00:00,208.1,49.7,7.2,3.06,0.76,0.09,58.6,0.598,181.0,799.7,LOW,Rapid-Rise,MEDIUM
2026-08-26 10:30:00,189.6,40.8,8.2,3.12,0.84,0.09,60.5,0.598,112.4,1040.8,LOW,Rapid-Rise,MEDIUM
2026-08-26 11:00:00,118.6,50.4,4.1,3.32,0.7,-0.05,62.9,0.557,62.0,199.9,HIGH,Rapid-Rise,HIGH
2026-08-26 11:30:00,368.7,38.4,12.8,3.34,0.68,-0.06,59.7,0.702,52.4,148.1,HIGH,Rapid-Rise,HIGH
2026-08-26 12:00:00,156.7,44.4,4.5,3.06,0.73,0.05,57.3,0.546,104.4,654.5,LOW,Rapid-Rise,MEDIUM
2026-08-26 12:30:00,181.5,39.0,7.8,3.17,0.76,-0.01,57.6,0.556,88.3,1062.9,LOW,Rapid-Rise,MEDIUM
2026-08-26 13:00:00,292.0,50.1,9.5,3.27,0.82,0.03,59.0,0.648,55.7,149.8,HIGH,Rapid-Rise,HIGH
2026-08-26 13:30:00,232.5,43.7,10.0,3.26,0.89,0.1,60.3,0.603,142.4,683.4,LOW,Rapid-Rise,MEDIUM
2026-08-26 14:00:00,291.9,41.2,11.0,3.16,0.81,-0.02,58.8,0.664,183.3,377.7,LOW,Rapid-Rise,MEDIUM
2026-08-26 14:30:00,163.6,50.7,5.1,3.43,0.81,0.07,63.6,0.595,60.1,130.2,HIGH,Rapid-Rise,HIGH
2026-08-26 15:00:00,216.4,42.5,6.5,3.34,0.86,-0.01,60.5,0.622,51.3,220.3,HIGH,Rapid-Rise,HIGH
2026-08-26 15:30:00,199.6,46.5,6.9,3.49,0.85,-0.01,59.3,0.593,182.5,710.0,LOW,Rapid-Rise,MEDIUM
2026-08-26 16:00:00,341.9,48.9,11.5,3.43,0.89,0.1,59.9,0.699,132.2,789.2,LOW,Rapid-Rise,HIGH
2026-08-26 16:30:00,290.9,52.6,9.8,3.43,0.79,-0.05,61.0,0.655,155.8,526.5,LOW,Rapid-Rise,MEDIUM
2026-08-26 17:00:00,169.4,47.0,6.1,3.25,0.8,0.11,61.2,0.596,137.0,1046.8,LOW,Rapid-Rise,MEDIUM
2026-08-26 17:30:00,309.8,47.0,10.9,3.54,0.83,0.11,59.8,0.66,119.6,999.3,LOW,Rapid-Rise,HIGH
2026-08-26 18:00:00,185.7,45.7,7.7,3.55,0.86,0.13,60.1,0.588,46.7,173.5,HIGH,Rapid-Rise,HIGH
2026-08-26 18:30:00,435.9,45.0,12.4,3.4,0.81,0.01,59.2,0.702,163.0,968.6,LOW,Rapid-Rise,HIGH
2026-08-26 19:00:00,147.8,52.0,5.3,3.47,0.76,-0.05,62.3,0.572,117.9,1050.8,LOW,Rapid-Rise,MEDIUM
2026-08-26 19:30:00,163.4,44.0,6.6,3.38,0.85,0.08,59.5,0.559,63.2,540.2,MEDIUM,Rapid-Rise,HIGH
2026-08-26 20:00:00,225.6,40.0,7.4,3.47,0.86,-0.01,61.8,0.629,157.3,424.3,LOW,Rapid-Rise,MEDIUM
2026-08-26 20:30:00,281.7,53.5,7.8,3.46,0.77,0.01,64.2,0.684,21.5,19.9,CRITICAL,Rapid-Rise,HIGH
2026-08-26 21:00:00,162.4,41.0,7.7,3.55,0.76,0.14,63.2,0.604,141.7,412.4,LOW,Rapid-Rise,MEDIUM
2026-08-26 21:30:00,137.1,41.4,4.9,3.34,0.79,0.0,63.9,0.572,119.9,735.7,LOW,Rapid-Rise,MEDIUM
2026-08-26 22:00:00,112.6,43.8,5.0,3.51,0.9,0.06,60.6,0.523,159.7,849.5,LOW,Rapid-Rise,MEDIUM
2026-08-26 22:30:00,274.0,41.4,9.4,3.59,0.95,0.14,64.7,0.677,94.7,497.5,LOW,Rapid-Rise,HIGH
2026-08-26 23:00:00,126.5,44.6,4.9,3.65,0.79,0.09,62.5,0.573,120.7,821.1,LOW,Rapid-Rise,HIGH
2026-08-26 23:30:00,340.2,46.1,12.4,3.33,0.85,0.08,60.2,0.692,183.5,760.2,LOW,Rapid-Rise,MEDIUM
2026-08-27 00:00:00,102.0,44.2,4.4,3.4,0.91,0.04,62.8,0.556,22.9,144.1,CRITICAL,Rapid-Rise,HIGH
2026-08-27 00:30:00,146.3,41.7,6.3,3.55,0.82,-0.01,63.7,0.597,85.3,492.0,LOW,Rapid-Rise,MEDIUM
2026-08-27 01:00:00,313.4,42.4,9.8,3.41,0.86,-0.03,61.5,0.698,111.9,400.8,LOW,Rapid-Rise,HIGH
2026-08-27 01:30:00,167.5,44.1,6.3,3.67,0.94,0.07,64.1,0.603,81.6,690.7,LOW,Rapid-Rise,HIGH
2026-08-27 02:00:00,246.7,50.2,7.7,3.56,0.83,0.14,65.4,0.654,40.6,200.2,HIGH,Rapid-Rise,HIGH
2026-08-27 02:30:00,297.7,52.6,9.8,3.72,0.92,0.03,65.3,0.692,141.2,671.9,LOW,Rapid-Rise,HIGH
2026-08-27 03:00:00,344.7,49.2,9.2,3.66,0.97,-0.01,61.9,0.717,20.0,67.8,CRITICAL,Rapid-Rise,HIGH
2026-08-27 03:30:00,273.2,46.7,9.0,3.64,0.81,0.04,64.3,0.681,126.2,870.7,LOW,Rapid-Rise,HIGH
2026-08-27 04:00:00,358.9,52.2,12.5,3.61,0.89,0.07,61.9,0.723,73.6,162.1,HIGH,Rapid-Rise,HIGH
2026-08-27 04:30:00,305.7,46.3,10.7,3.55,0.85,0.01,66.3,0.704,179.2,646.5,LOW,Rapid-Rise,HIGH
2026-08-27 05:00:00,155.7,47.2,5.6,3.64,0.91,-0.02,63.1,0.569,119.1,775.8,LOW,Rapid-Rise,HIGH
2026-08-27 05:30:00,472.9,52.9,11.3,3.73,0.97,0.02,67.0,0.752,159.5,586.9,LOW,Rapid-Rise,HIGH
2026-08-27 06:00:00,265.8,52.0,9.4,3.45,0.96,0.04,61.7,0.648,128.8,1090.7,LOW,Rapid-Rise,HIGH
2026-08-27 06:30:00,255.5,46.2,8.4,3.81,0.84,0.06,64.2,0.679,86.6,427.6,LOW,Rapid-Rise,HIGH
2026-08-27 07:00:00,275.6,53.5,9.4,3.65,0.86,0.15,63.7,0.67,177.4,374.1,LOW,Rapid-Rise,HIGH
2026-08-27 07:30:00,303.0,51.5,10.7,3.5,0.87,0.12,64.4,0.714,178.3,978.9,LOW,Rapid-Rise,HIGH
2026-08-27 08:00:00,213.2,56.0,5.4,3.52,0.93,0.04,64.4,0.625,135.9,1086.2,LOW,Rapid-Rise,HIGH
2026-08-27 08:30:00,188.9,48.6,7.0,3.71,0.92,-0.0,67.0,0.646,107.2,453.3,LOW,Rapid-Rise,HIGH
2026-08-27 09:00:00,373.3,44.9,11.8,3.65,0.87,0.12,67.3,0.754,120.9,594.7,LOW,Rapid-Rise,HIGH
2026-08-27 09:30:00,320.5,48.6,11.0,3.87,0.97,0.0,67.4,0.723,17.6,38.5,CRITICAL,Rapid-Rise,HIGH
2026-08-27 10:00:00,236.9,47.8,9.2,3.77,0.93,0.04,62.3,0.63,84.4,1097.0,LOW,Rapid-Rise,HIGH
2026-08-27 10:30:00,214.5,44.9,6.6,3.87,0.95,0.01,66.4,0.64,130.1,1007.9,LOW,Rapid-Rise,HIGH
2026-08-27 11:00:00,234.2,50.9,6.2,3.82,0.96,0.2,63.3,0.647,177.5,372.6,LOW,Rapid-Rise,HIGH
2026-08-27 11:30:00,380.3,54.6,12.3,3.7,0.94,0.19,64.9,0.74,108.6,895.2,LOW,Rapid-Rise,HIGH
2026-08-27 12:00:00,219.3,56.8,6.7,3.91,0.91,0.06,65.0,0.638,87.4,547.9,LOW,Rapid-Rise,HIGH
2026-08-27 12:30:00,145.1,52.6,4.7,3.59,1.01,0.12,67.2,0.607,28.4,98.5,CRITICAL,Rapid-Rise,HIGH
2026-08-27 13:00:00,403.0,56.7,12.9,3.59,0.86,0.04,65.1,0.727,67.0,127.8,HIGH,Rapid-Rise,HIGH
2026-08-27 13:30:00,500.4,53.9,11.7,3.88,0.95,0.16,63.8,0.732,156.7,881.3,LOW,Rapid-Rise,HIGH
2026-08-27 14:00:00,318.9,55.2,10.7,3.6,1.03,0.13,66.2,0.72,106.8,1088.1,LOW,Rapid-Rise,HIGH
2026-08-27 14:30:00,387.2,48.9,10.2,3.93,1.02,0.21,65.1,0.743,184.1,480.8,LOW,Rapid-Rise,HIGH
2026-08-27 15:00:00,363.4,48.5,12.3,3.96,1.03,0.04,68.1,0.756,153.4,589.5,LOW,Rapid-Rise,HIGH
2026-08-27 15:30:00,447.2,52.4,12.0,3.62,0.99,0.06,64.0,0.736,89.0,748.6,LOW,Rapid-Rise,HIGH
2026-08-27 16:00:00,258.3,49.6,6.6,3.94,1.04,0.14,63.7,0.647,143.3,703.2,LOW,Rapid-Rise,HIGH
2026-08-27 16:30:00,364.0,57.4,8.4,3.7,0.95,0.21,69.7,0.784,50.1,531.6,MEDIUM,Rapid-Rise,HIGH
2026-08-27 17:00:00,388.6,50.5,10.7,3.77,1.01,0.07,68.6,0.759,109.5,682.2,LOW,Rapid-Rise,HIGH
2026-08-27 17:30:00,313.8,60.2,9.9,4.04,1.03,0.19,68.8,0.738,50.7,424.7,MEDIUM,Rapid-Rise,HIGH
2026-08-27 18:00:00,331.3,60.2,8.7,3.93,0.95,0.19,64.6,0.729,79.3,356.3,MEDIUM,Rapid-Rise,HIGH
2026-08-27 18:30:00,493.7,60.3,12.2,3.97,1.08,0.05,69.5,0.787,126.1,1073.2,LOW,Rapid-Rise,HIGH
2026-08-27 19:00:00,407.4,49.7,11.5,3.68,1.02,0.12,67.4,0.745,59.1,306.0,MEDIUM,Rapid-Rise,HIGH
2026-08-27 19:30:00,208.0,54.2,5.7,3.78,1.01,0.17,68.6,0.671,171.3,560.6,LOW,Rapid-Rise,HIGH
2026-08-27 20:00:00,464.7,57.7,11.2,3.89,1.03,0.2,69.9,0.787,158.3,445.0,LOW,Rapid-Rise,HIGH
2026-08-27 20:30:00,408.2,52.0,12.7,4.05,0.93,0.2,65.9,0.732,129.1,911.1,LOW,Rapid-Rise,HIGH
2026-08-27 21:00:00,345.2,59.9,10.6,4.1,0.99,0.18,70.0,0.784,100.6,734.4,LOW,Rapid-Rise,HIGH
2026-08-27 21:30:00,336.5,51.3,11.5,3.83,1.04,0.13,69.2,0.747,167.1,356.4,LOW,Rapid-Rise,HIGH
2026-08-27 22:00:00,257.3,56.1,6.7,4.12,1.12,0.22,68.9,0.685,63.4,239.0,HIGH,Rapid-Rise,HIGH
2026-08-27 22:30:00,552.7,57.2,12.7,4.14,0.99,0.08,67.9,0.758,112.6,971.3,LOW,Rapid-Rise,HIGH
2026-08-27 23:00:00,257.6,57.1,5.8,4.07,0.99,0.1,70.2,0.718,183.9,431.8,LOW,Rapid-Rise,HIGH
2026-08-27 23:30:00,437.9,58.6,13.0,3.85,1.05,0.24,69.0,0.764,69.0,389.5,MEDIUM,Rapid-Rise,HIGH
2026-08-28 00:00:00,354.9,49.2,9.7,3.95,1.08,0.18,68.5,0.77,66.4,338.2,MEDIUM,Rapid-Rise,HIGH
2026-08-28 00:30:00,394.6,53.2,10.6,3.98,1.1,0.08,67.5,0.747,154.5,1093.2,LOW,Rapid-Rise,HIGH
2026-08-28 01:00:00,314.7,62.1,9.0,3.84,1.15,0.2,69.8,0.754,92.6,1068.0,LOW,Rapid-Rise,HIGH
2026-08-28 01:30:00,416.0,57.8,12.9,3.81,1.08,0.2,68.9,0.754,49.7,371.1,MEDIUM,Rapid-Rise,HIGH
2026-08-28 02:00:00,225.2,59.0,6.4,3.98,0.96,0.25,69.5,0.671,70.8,530.2,LOW,Rapid-Rise,HIGH
2026-08-28 02:30:00,387.5,59.4,11.5,4.2,1.11,0.26,70.2,0.771,79.9,204.1,MEDIUM,Rapid-Rise,HIGH
2026-08-28 03:00:00,263.8,58.7,7.5,3.9,0.99,0.2,69.7,0.71,21.3,43.6,CRITICAL,Rapid-Rise,HIGH
2026-08-28 03:30:00,231.6,56.3,7.0,3.86,1.12,0.14,67.7,0.661,73.7,278.3,MEDIUM,Rapid-Rise,HIGH
2026-08-28 04:00:00,538.5,50.2,13.5,4.05,0.98,0.16,66.8,0.757,84.3,581.9,LOW,Rapid-Rise,HIGH
2026-08-28 04:30:00,503.7,57.7,11.8,3.94,1.13,0.1,69.8,0.787,55.1,404.9,MEDIUM,Rapid-Rise,HIGH
2026-08-28 05:00:00,423.7,56.6,10.4,4.01,1.13,0.25,69.3,0.757,82.1,1029.6,LOW,Rapid-Rise,HIGH
2026-08-28 05:30:00,265.9,63.8,6.0,4.04,1.11,0.21,68.5,0.693,84.5,871.2,LOW,Rapid-Rise,HIGH
2026-08-28 06:00:00,154.5,53.8,4.7,4.04,1.15,0.15,67.6,0.609,82.6,879.3,LOW,Rapid-Rise,HIGH
2026-08-28 06:30:00,348.2,57.2,9.2,4.23,1.15,0.15,68.4,0.759,35.7,296.3,HIGH,Rapid-Rise,HIGH
2026-08-28 07:00:00,337.5,58.9,9.9,4.13,1.16,0.1,71.3,0.791,154.7,650.2,LOW,Rapid-Rise,HIGH
2026-08-28 07:30:00,357.2,62.1,10.6,4.16,1.19,0.27,68.3,0.758,130.6,462.3,LOW,Rapid-Rise,HIGH
2026-08-28 08:00:00,227.9,55.5,8.1,3.96,1.02,0.25,71.2,0.699,170.5,367.8,LOW,Rapid-Rise,HIGH
2026-08-28 08:30:00,444.0,60.5,13.3,4.04,1.01,0.21,69.3,0.777,17.7,104.5,CRITICAL,Rapid-Rise,HIGH
2026-08-28 09:00:00,181.2,52.7,6.2,4.24,1.02,0.23,72.1,0.669,153.5,791.1,LOW,Rapid-Rise,HIGH
2026-08-28 09:30:00,414.7,61.6,12.3,4.22,1.19,0.26,68.3,0.767,159.1,518.2,LOW,Rapid-Rise,HIGH
2026-08-28 10:00:00,204.4,64.3,6.2,4.34,1.02,0.21,70.8,0.676,124.9,683.4,LOW,Rapid-Rise,HIGH
2026-08-28 10:30:00,269.6,52.3,8.8,4.21,1.13,0.2,73.2,0.735,148.5,1018.0,LOW,Rapid-Rise,HIGH
2026-08-28 11:00:00,157.9,54.4,5.3,4.3,1.15,0.27,68.2,0.638,25.7,219.3,HIGH,Rapid-Rise,HIGH
2026-08-28 11:30:00,305.9,52.6,9.9,4.21,1.11,0.19,70.1,0.742,140.1,553.1,LOW,Rapid-Rise,HIGH
2026-08-28 12:00:00,507.3,57.8,12.4,4.35,1.03,0.2,69.8,0.771,38.9,389.9,HIGH,Rapid-Rise,HIGH
2026-08-28 12:30:00,481.0,54.6,13.8,4.13,1.12,0.21,71.3,0.798,168.8,545.7,LOW,Rapid-Rise,HIGH
2026-08-28 13:00:00,437.2,62.1,12.1,4.35,1.1,0.21,68.8,0.764,87.1,456.7,LOW,Rapid-Rise,HIGH
2026-08-28 13:30:00,424.6,58.8,9.3,4.26,1.15,0.15,73.3,0.803,35.6,462.6,MEDIUM,Rapid-Rise,HIGH
2026-08-28 14:00:00,375.1,62.7,8.4,4.24,1.19,0.17,68.7,0.754,45.9,331.9,HIGH,Rapid-Rise,HIGH
2026-08-28 14:30:00,436.0,53.2,13.3,4.08,1.19,0.23,70.0,0.78,131.4,1072.8,LOW,Rapid-Rise,HIGH
2026-08-28 15:00:00,339.6,59.5,7.5,4.14,1.21,0.25,72.4,0.782,45.0,173.0,HIGH,Rapid-Rise,HIGH
2026-08-28 15:30:00,442.5,56.7,11.7,4.36,1.12,0.32,70.6,0.769,157.1,943.9,LOW,Rapid-Rise,HIGH
2026-08-28 16:00:00,454.4,66.8,10.2,4.28,1.11,0.13,74.7,0.797,32.5,15.2,CRITICAL,Rapid-Rise,CRITICAL
2026-08-28 16:30:00,506.9,58.9,11.3,4.3,1.08,0.16,73.1,0.799,137.3,391.1,LOW,Rapid-Rise,HIGH
2026-08-28 17:00:00,188.2,56.6,5.3,4.3,1.17,0.21,71.6,0.682,133.0,836.1,LOW,Rapid-Rise,HIGH
2026-08-28 17:30:00,240.9,54.3,5.6,4.36,1.08,0.32,69.5,0.687,129.0,388.2,LOW,Rapid-Rise,HIGH
2026-08-28 18:00:00,413.7,58.8,9.8,4.28,1.07,0.14,71.3,0.772,93.9,864.6,LOW,Rapid-Rise,HIGH
2026-08-28 18:30:00,241.8,63.4,6.9,4.22,1.09,0.34,75.1,0.75,93.4,1028.4,LOW,Rapid-Rise,HIGH
2026-08-28 19:00:00,403.3,63.1,9.1,4.29,1.21,0.31,71.2,0.793,115.7,591.0,LOW,Rapid-Rise,HIGH
2026-08-28 19:30:00,510.1,64.6,13.7,4.32,1.23,0.21,74.0,0.817,118.5,906.5,LOW,Rapid-Rise,HIGH
2026-08-28 20:00:00,231.8,58.3,6.4,4.26,1.1,0.3,71.8,0.709,174.8,940.2,LOW,Rapid-Rise,HIGH
2026-08-28 20:30:00,212.4,67.0,5.7,4.43,1.18,0.3,71.5,0.699,88.8,667.8,LOW,Rapid-Rise,HIGH
2026-08-28 21:00:00,531.0,65.4,11.5,4.5,1.18,0.25,75.6,0.825,144.7,353.6,LOW,Rapid-Rise,HIGH
2026-08-28 21:30:00,389.1,65.5,8.0,4.23,1.18,0.27,72.5,0.795,63.6,431.1,MEDIUM,Rapid-Rise,HIGH
2026-08-28 22:00:00,224.7,58.7,5.6,4.55,1.2,0.19,72.5,0.705,81.3,562.4,LOW,Rapid-Rise,HIGH
2026-08-28 22:30:00,284.4,58.6,8.1,4.4,1.21,0.27,71.7,0.726,76.7,224.7,MEDIUM,Rapid-Rise,HIGH
2026-08-28 23:00:00,298.6,63.4,8.9,4.26,1.13,0.29,74.9,0.764,76.3,418.0,MEDIUM,Rapid-Rise,HIGH
2026-08-28 23:30:00,371.8,61.1,9.7,4.64,1.21,0.27,72.7,0.782,50.5,191.4,HIGH,Rapid-Rise,CRITICAL
2026-08-29 00:00:00,493.3,61.2,12.4,4.44,1.15,0.32,75.1,0.805,124.6,869.9,LOW,Rapid-Rise,HIGH
2026-08-29 00:30:00,253.4,66.2,5.0,4.37,1.14,0.33,73.1,0.74,179.4,721.5,LOW,Rapid-Rise,HIGH
2026-08-29 01:00:00,199.4,67.7,5.0,4.48,1.28,0.33,76.4,0.729,95.8,943.8,LOW,Rapid-Rise,HIGH
2026-08-29 01:30:00,342.2,57.8,11.4,4.67,1.27,0.22,72.7,0.801,138.1,560.0,LOW,Rapid-Rise,HIGH
2026-08-29 02:00:00,168.0,58.5,5.0,4.58,1.21,0.19,76.8,0.69,130.0,1090.0,LOW,Rapid-Rise,HIGH
2026-08-29 02:30:00,226.0,62.2,5.7,4.63,1.23,0.28,73.5,0.725,36.9,477.8,MEDIUM,Rapid-Rise,HIGH
2026-08-29 03:00:00,393.0,69.5,9.0,4.56,1.31,0.27,75.1,0.803,105.7,695.8,LOW,Rapid-Rise,HIGH
2026-08-29 03:30:00,267.7,61.0,7.6,4.35,1.22,0.23,73.3,0.74,32.0,140.1,CRITICAL,Rapid-Rise,CRITICAL
2026-08-29 04:00:00,526.5,64.7,11.5,4.7,1.18,0.37,75.9,0.835,178.5,676.2,LOW,Rapid-Rise,HIGH
2026-08-29 04:30:00,449.8,70.6,8.0,4.7,1.25,0.23,75.0,0.819,16.7,46.4,CRITICAL,Rapid-Rise,CRITICAL
2026-08-29 05:00:00,494.5,60.9,13.8,4.67,1.26,0.26,74.1,0.799,32.6,196.9,HIGH,Rapid-Rise,CRITICAL
2026-08-29 05:30:00,320.9,68.2,8.7,4.71,1.17,0.36,72.4,0.788,174.9,699.0,LOW,Rapid-Rise,HIGH
2026-08-29 06:00:00,247.2,60.7,8.0,4.52,1.21,0.23,73.0,0.729,34.6,145.3,CRITICAL,Rapid-Rise,CRITICAL
2026-08-29 06:30:00,274.4,60.3,7.2,4.74,1.29,0.35,76.6,0.764,169.2,400.6,LOW,Rapid-Rise,HIGH
2026-08-29 07:00:00,422.4,61.4,10.8,4.73,1.33,0.27,77.2,0.826,30.2,143.2,CRITICAL,Rapid-Rise,CRITICAL
2026-08-29 07:30:00,548.9,64.4,11.3,4.7,1.27,0.29,72.8,0.787,80.4,408.2,MEDIUM,Rapid-Rise,HIGH
2026-08-29 08:00:00,334.0,66.4,7.7,4.55,1.26,0.27,74.6,0.804,156.2,409.9,LOW,Rapid-Rise,HIGH
2026-08-29 08:30:00,319.5,69.8,6.5,4.79,1.2,0.22,78.2,0.828,102.5,755.2,LOW,Rapid-Rise,HIGH
2026-08-29 09:00:00,287.2,70.9,5.4,4.79,1.29,0.27,76.5,0.777,143.7,481.7,LOW,Rapid-Rise,HIGH
2026-08-29 09:30:00,286.3,67.8,6.4,4.57,1.23,0.37,73.2,0.754,25.7,60.1,CRITICAL,Rapid-Rise,CRITICAL
2026-08-29 10:00:00,620.2,65.8,12.4,4.75,1.27,0.36,74.0,0.811,141.0,1038.5,LOW,Rapid-Rise,HIGH
2026-08-29 10:30:00,357.7,63.7,8.9,4.83,1.24,0.36,77.6,0.823,106.3,452.1,LOW,Rapid-Rise,HIGH
2026-08-29 11:00:00,439.8,69.4,11.4,4.61,1.21,0.29,73.4,0.815,54.1,122.7,HIGH,Rapid-Rise,CRITICAL
2026-08-29 11:30:00,468.4,66.5,9.4,4.77,1.27,0.22,75.8,0.834,127.2,520.7,LOW,Rapid-Rise,HIGH
2026-08-29 12:00:00,522.7,63.6,10.8,4.76,1.34,0.4,76.3,0.813,71.2,302.9,MEDIUM,Rapid-Rise,CRITICAL
2026-08-29 12:30:00,583.8,70.9,10.9,4.8,1.28,0.34,73.9,0.794,69.2,266.1,MEDIUM,Rapid-Rise,CRITICAL
2026-08-29 13:00:00,500.5,62.1,10.3,4.75,1.35,0.25,78.6,0.835,41.4,268.1,HIGH,Rapid-Rise,CRITICAL
2026-08-29 13:30:00,388.4,71.9,9.1,4.81,1.23,0.26,79.6,0.861,69.3,265.2,MEDIUM,Rapid-Rise,CRITICAL
2026-08-29 14:00:00,483.7,69.5,9.8,4.7,1.25,0.33,79.4,0.859,91.3,379.0,LOW,Rapid-Rise,HIGH
2026-08-29 14:30:00,424.8,73.0,8.8,4.76,1.39,0.29,77.8,0.821,161.5,649.8,LOW,Rapid-Rise,HIGH
2026-08-29 15:00:00,345.0,65.1,7.2,4.54,1.38,0.29,79.9,0.85,60.2,408.6,MEDIUM,Rapid-Rise,CRITICAL
2026-08-29 15:30:00,562.0,65.8,11.8,4.79,1.25,0.36,74.6,0.822,131.3,562.6,LOW,Rapid-Rise,HIGH
2026-08-29 16:00:00,389.6,66.4,8.3,4.72,1.22,0.35,75.2,0.817,129.2,546.3,LOW,Rapid-Rise,HIGH
2026-08-29 16:30:00,515.2,69.5,12.7,4.76,1.25,0.28,74.5,0.803,108.0,592.3,LOW,Rapid-Rise,HIGH
2026-08-29 17:00:00,251.0,70.2,6.3,4.58,1.41,0.34,75.2,0.729,136.8,728.4,LOW,Rapid-Rise,HIGH
2026-08-29 17:30:00,424.0,62.3,12.0,4.6,1.29,0.34,79.9,0.836,106.8,1098.7,LOW,Rapid-Rise,HIGH
2026-08-29 18:00:00,502.7,73.6,11.2,4.92,1.27,0.32,75.9,0.804,81.8,365.9,MEDIUM,Rapid-Rise,CRITICAL
2026-08-29 18:30:00,421.8,62.8,9.2,4.75,1.24,0.29,78.4,0.842,126.2,626.1,LOW,Rapid-Rise,HIGH
2026-08-29 19:00:00,461.4,73.2,10.4,4.85,1.33,0.34,77.1,0.835,75.6,503.1,LOW,Rapid-Rise,HIGH
2026-08-29 19:30:00,477.0,70.4,11.0,4.79,1.35,0.36,76.8,0.82,75.1,502.7,LOW,Rapid-Rise,HIGH
2026-08-29 20:00:00,623.3,68.7,13.2,4.68,1.43,0.37,80.2,0.862,167.2,457.6,LOW,Rapid-Rise,HIGH
2026-08-29 20:30:00,738.2,73.6,13.7,4.94,1.37,0.34,75.6,0.831,124.5,422.2,LOW,Rapid-Rise,CRITICAL
2026-08-29 21:00:00,406.4,63.8,10.8,4.93,1.43,0.34,77.2,0.815,22.4,56.9,CRITICAL,Rapid-Rise,CRITICAL
2026-08-29 21:30:00,468.2,67.9,11.2,4.73,1.37,0.29,78.5,0.848,146.0,456.1,LOW,Rapid-Rise,HIGH
2026-08-29 22:00:00,348.3,71.6,6.9,4.7,1.3,0.39,76.5,0.837,183.6,1008.5,LOW,Rapid-Rise,HIGH
2026-08-29 22:30:00,423.0,64.0,11.8,4.93,1.41,0.29,80.3,0.845,15.8,66.4,CRITICAL,Rapid-Rise,CRITICAL
2026-08-29 23:00:00,654.1,73.2,11.6,4.74,1.33,0.41,78.6,0.829,66.8,364.3,MEDIUM,Rapid-Rise,CRITICAL
2026-08-29 23:30:00,385.1,73.3,7.7,5.05,1.31,0.27,77.2,0.836,38.6,250.1,HIGH,Rapid-Rise,CRITICAL
2026-08-30 00:00:00,563.9,70.3,10.2,4.82,1.42,0.29,81.7,0.847,181.1,546.5,LOW,Rapid-Rise,CRITICAL
2026-08-30 00:30:00,302.2,63.0,8.5,4.98,1.42,0.38,81.3,0.826,86.0,662.0,LOW,Rapid-Rise,CRITICAL
2026-08-30 01:00:00,291.7,73.7,7.4,4.78,1.29,0.26,76.6,0.773,132.4,502.9,LOW,Rapid-Rise,HIGH
2026-08-30 01:30:00,310.3,63.6,7.2,4.97,1.33,0.26,81.9,0.823,20.8,126.7,CRITICAL,Rapid-Rise,CRITICAL
2026-08-30 02:00:00,249.5,67.8,5.9,4.78,1.44,0.29,79.7,0.777,129.0,1001.6,LOW,Rapid-Rise,HIGH
2026-08-30 02:30:00,265.0,72.0,6.6,5.06,1.36,0.37,77.6,0.756,88.5,463.7,LOW,Rapid-Rise,CRITICAL
2026-08-30 03:00:00,610.4,71.5,13.2,5.03,1.48,0.45,80.6,0.863,24.0,114.3,CRITICAL,Rapid-Rise,CRITICAL
2026-08-30 03:30:00,625.7,72.5,11.2,4.96,1.3,0.28,81.1,0.843,62.3,258.1,HIGH,Rapid-Rise,CRITICAL
2026-08-30 04:00:00,338.3,73.1,6.3,4.86,1.29,0.44,82.4,0.871,57.6,278.2,HIGH,Rapid-Rise,CRITICAL
2026-08-30 04:30:00,424.3,66.7,9.7,5.1,1.44,0.33,79.7,0.833,72.0,422.4,MEDIUM,Rapid-Rise,CRITICAL
2026-08-30 05:00:00,513.8,69.6,13.0,4.86,1.46,0.42,79.2,0.839,156.5,846.6,LOW,Rapid-Rise,CRITICAL
2026-08-30 05:30:00,439.1,64.4,9.8,5.1,1.47,0.42,78.8,0.856,165.8,916.3,LOW,Rapid-Rise,CRITICAL
2026-08-30 06:00:00,782.6,76.8,14.0,5.11,1.41,0.35,77.4,0.846,81.0,696.2,LOW,Rapid-Rise,CRITICAL
2026-08-30 06:30:00,553.9,67.5,10.6,4.96,1.47,0.46,80.8,0.84,161.0,452.7,LOW,Rapid-Rise,CRITICAL
2026-08-30 07:00:00,260.7,70.2,7.3,5.02,1.33,0.41,77.3,0.774,16.6,116.6,CRITICAL,Rapid-Rise,CRITICAL
2026-08-30 07:30:00,315.1,64.5,7.8,4.91,1.36,0.32,77.5,0.82,142.2,603.2,LOW,Rapid-Rise,HIGH
2026-08-30 08:00:00,466.8,67.9,9.7,5.08,1.45,0.39,81.3,0.861,54.1,264.1,HIGH,Rapid-Rise,CRITICAL
2026-08-30 08:30:00,497.0,71.0,12.9,5.06,1.48,0.34,81.7,0.87,130.7,762.8,LOW,Rapid-Rise,CRITICAL
2026-08-30 09:00:00,407.2,68.6,7.8,5.2,1.36,0.43,83.3,0.87,147.2,1072.9,LOW,Rapid-Rise,CRITICAL
2026-08-30 09:30:00,483.0,66.6,10.0,5.22,1.41,0.39,81.0,0.871,96.6,647.3,LOW,Rapid-Rise,CRITICAL
2026-08-30 10:00:00,418.5,66.5,11.0,4.96,1.33,0.33,79.3,0.847,75.0,253.8,MEDIUM,Rapid-Rise,CRITICAL
2026-08-30 10:30:00,647.5,71.8,12.5,5.03,1.51,0.34,80.8,0.853,27.3,22.9,CRITICAL,Rapid-Rise,CRITICAL
2026-08-30 11:00:00,363.5,69.5,9.5,4.93,1.42,0.37,80.1,0.842,64.2,340.5,MEDIUM,Rapid-Rise,CRITICAL
2026-08-30 11:30:00,440.1,68.3,12.3,5.17,1.42,0.4,82.3,0.855,133.6,1018.7,LOW,Rapid-Rise,CRITICAL
2026-08-30 12:00:00,402.2,66.6,10.2,5.25,1.52,0.46,78.6,0.826,101.3,474.8,LOW,Rapid-Rise,CRITICAL
2026-08-30 12:30:00,234.9,69.7,5.6,5.04,1.46,0.37,79.8,0.774,140.3,725.6,LOW,Rapid-Rise,CRITICAL
2026-08-30 13:00:00,513.4,68.7,9.9,5.0,1.5,0.46,81.1,0.85,183.0,955.2,LOW,Rapid-Rise,CRITICAL
2026-08-30 13:30:00,685.1,74.7,13.3,5.26,1.41,0.49,80.6,0.845,83.0,668.0,LOW,Rapid-Rise,CRITICAL
2026-08-30 14:00:00,583.4,77.3,14.3,4.98,1.54,0.43,81.5,0.846,37.9,214.8,HIGH,Rapid-Rise,CRITICAL
2026-08-30 14:30:00,527.0,72.1,12.6,5.28,1.37,0.32,84.4,0.884,89.0,1004.2,LOW,Rapid-Rise,CRITICAL
2026-08-30 15:00:00,529.8,68.9,12.6,5.18,1.51,0.31,83.7,0.868,121.2,366.1,LOW,Rapid-Rise,CRITICAL
2026-08-30 15:30:00,335.5,66.1,7.1,5.32,1.47,0.38,81.0,0.856,106.0,402.2,LOW,Rapid-Rise,CRITICAL
2026-08-30 16:00:00,618.7,69.5,11.6,5.07,1.51,0.31,82.0,0.862,55.6,237.0,HIGH,Rapid-Rise,CRITICAL
2026-08-30 16:30:00,552.1,77.3,14.0,5.16,1.5,0.34,82.4,0.88,135.3,782.3,LOW,Rapid-Rise,CRITICAL
2026-08-30 17:00:00,341.2,77.4,6.5,5.27,1.43,0.36,81.6,0.868,69.0,179.4,HIGH,Rapid-Rise,CRITICAL
2026-08-30 17:30:00,691.3,75.9,12.1,5.16,1.5,0.38,82.0,0.852,41.2,123.3,HIGH,Rapid-Rise,CRITICAL
2026-08-30 18:00:00,553.3,79.3,9.1,5.02,1.54,0.45,85.2,0.873,47.4,251.6,HIGH,Rapid-Rise,CRITICAL
2026-08-30 18:30:00,567.4,76.2,12.5,5.05,1.41,0.37,81.8,0.866,48.8,218.0,HIGH,Rapid-Rise,CRITICAL
2026-08-30 19:00:00,413.7,76.8,7.9,5.28,1.52,0.45,79.7,0.837,27.7,17.6,CRITICAL,Rapid-Rise,CRITICAL
2026-08-30 19:30:00,678.5,68.4,13.9,5.19,1.43,0.45,85.2,0.891,139.6,529.6,LOW,Rapid-Rise,CRITICAL
2026-08-30 20:00:00,808.1,77.7,13.3,5.3,1.44,0.37,84.7,0.897,42.1,423.4,MEDIUM,Rapid-Rise,CRITICAL
2026-08-30 20:30:00,672.7,70.3,13.4,5.38,1.54,0.47,85.0,0.892,46.9,211.7,HIGH,Rapid-Rise,CRITICAL
2026-08-30 21:00:00,460.7,73.6,10.3,5.43,1.46,0.42,80.5,0.843,48.0,514.9,MEDIUM,Rapid-Rise,CRITICAL
2026-08-30 21:30:00,379.3,70.9,8.4,5.08,1.53,0.34,83.0,0.87,34.5,164.4,HIGH,Rapid-Rise,CRITICAL
2026-08-30 22:00:00,812.4,79.3,13.0,5.26,1.58,0.46,83.5,0.892,24.6,162.9,CRITICAL,Rapid-Rise,CRITICAL
2026-08-30 22:30:00,659.6,69.0,12.0,5.22,1.42,0.38,81.5,0.845,135.3,411.3,LOW,Rapid-Rise,CRITICAL
2026-08-30 23:00:00,413.0,74.5,10.7,5.19,1.51,0.4,84.5,0.871,64.2,514.9,MEDIUM,Rapid-Rise,CRITICAL
2026-08-30 23:30:00,620.4,78.3,12.1,5.21,1.51,0.46,84.4,0.874,53.7,550.0,MEDIUM,Rapid-Rise,CRITICAL
2026-08-31 00:00:00,805.8,75.5,14.2,5.1,1.54,0.42,83.6,0.882,165.5,824.4,LOW,Rapid-Rise,CRITICAL
2026-08-31 00:30:00,309.4,80.8,7.0,5.31,1.55,0.47,80.5,0.82,179.6,916.2,LOW,Rapid-Rise,CRITICAL
2026-08-31 01:00:00,552.0,76.1,10.6,5.1,1.54,0.41,83.7,0.875,74.4,429.1,MEDIUM,Rapid-Rise,CRITICAL
2026-08-31 01:30:00,795.5,79.6,14.4,5.23,1.48,0.34,85.1,0.879,127.7,450.2,LOW,Rapid-Rise,CRITICAL
2026-08-31 02:00:00,532.4,79.7,12.0,5.44,1.61,0.43,85.1,0.876,157.8,365.9,LOW,Rapid-Rise,CRITICAL
2026-08-31 02:30:00,301.3,75.5,7.7,5.29,1.54,0.49,85.0,0.838,144.1,913.6,LOW,Rapid-Rise,CRITICAL
2026-08-31 03:00:00,381.9,68.8,7.5,5.35,1.57,0.48,86.1,0.91,101.1,554.7,LOW,Rapid-Rise,CRITICAL
2026-08-31 03:30:00,339.8,78.1,6.9,5.48,1.56,0.45,86.5,0.884,42.4,296.2,HIGH,Rapid-Rise,CRITICAL
2026-08-31 04:00:00,539.3,72.5,9.8,5.32,1.58,0.42,83.5,0.862,80.4,857.7,LOW,Rapid-Rise,CRITICAL
2026-08-31 04:30:00,410.3,70.9,10.9,5.34,1.62,0.4,83.1,0.86,160.6,954.8,LOW,Rapid-Rise,CRITICAL
2026-08-31 05:00:00,326.9,70.6,8.5,5.31,1.46,0.54,87.0,0.876,51.1,213.2,HIGH,Rapid-Rise,CRITICAL
2026-08-31 05:30:00,426.6,82.2,9.0,5.54,1.46,0.53,82.5,0.88,13.7,201.7,CRITICAL,Rapid-Rise,CRITICAL
2026-08-31 06:00:00,800.9,75.4,14.5,5.46,1.48,0.5,82.6,0.878,27.0,120.6,CRITICAL,Rapid-Rise,CRITICAL
2026-08-31 06:30:00,376.8,75.5,6.9,5.46,1.51,0.37,82.5,0.857,143.5,781.1,LOW,Rapid-Rise,CRITICAL
2026-08-31 07:00:00,368.4,80.3,6.1,5.55,1.61,0.43,83.9,0.895,173.0,495.6,LOW,Rapid-Rise,CRITICAL
2026-08-31 07:30:00,340.3,83.1,7.6,5.35,1.54,0.42,86.1,0.889,145.3,523.2,LOW,Rapid-Rise,CRITICAL
2026-08-31 08:00:00,579.5,81.3,12.6,5.5,1.57,0.39,82.8,0.859,18.1,181.0,CRITICAL,Rapid-Rise,CRITICAL
2026-08-31 08:30:00,740.1,79.7,13.0,5.44,1.45,0.46,82.5,0.876,47.9,522.3,MEDIUM,Rapid-Rise,CRITICAL
2026-08-31 09:00:00,479.5,69.7,12.3,5.48,1.49,0.51,85.5,0.876,105.0,958.0,LOW,Rapid-Rise,CRITICAL
2026-08-31 09:30:00,444.5,75.2,8.1,5.41,1.46,0.43,85.1,0.879,171.5,552.0,LOW,Rapid-Rise,CRITICAL
2026-08-31 10:00:00,357.4,77.1,6.5,5.5,1.57,0.51,82.6,0.861,176.3,778.5,LOW,Rapid-Rise,CRITICAL
2026-08-31 10:30:00,327.6,83.5,5.7,5.37,1.51,0.53,83.8,0.859,155.9,458.1,LOW,Rapid-Rise,CRITICAL
2026-08-31 11:00:00,509.5,77.5,11.6,5.35,1.58,0.39,84.0,0.876,135.4,821.9,LOW,Rapid-Rise,CRITICAL
2026-08-31 11:30:00,651.1,83.9,11.4,5.33,1.56,0.43,86.5,0.897,35.0,546.6,MEDIUM,Rapid-Rise,CRITICAL
2026-08-31 12:00:00,616.2,70.7,12.8,5.62,1.58,0.48,86.2,0.887,101.6,513.3,LOW,Rapid-Rise,CRITICAL
2026-08-31 12:30:00,457.8,70.6,11.8,5.49,1.58,0.44,86.3,0.888,178.8,948.4,LOW,Rapid-Rise,CRITICAL
2026-08-31 13:00:00,507.0,80.5,11.7,5.61,1.47,0.45,86.8,0.91,102.7,828.4,LOW,Rapid-Rise,CRITICAL
2026-08-31 13:30:00,563.2,76.8,9.2,5.62,1.56,0.46,87.4,0.914,111.8,748.9,LOW,Rapid-Rise,CRITICAL
2026-08-31 14:00:00,548.0,75.5,10.6,5.49,1.65,0.37,83.6,0.869,37.4,322.0,HIGH,Rapid-Rise,CRITICAL
2026-08-31 14:30:00,357.6,75.6,6.5,5.4,1.52,0.5,86.0,0.884,182.5,520.9,LOW,Rapid-Rise,CRITICAL
2026-08-31 15:00:00,549.3,83.6,11.2,5.42,1.51,0.48,87.1,0.907,83.8,676.6,LOW,Rapid-Rise,CRITICAL
2026-08-31 15:30:00,331.1,71.9,8.9,5.36,1.57,0.38,87.8,0.9,14.7,45.0,CRITICAL,Rapid-Rise,CRITICAL
2026-08-31 16:00:00,507.3,73.8,9.8,5.37,1.52,0.52,87.2,0.914,125.6,695.9,LOW,Rapid-Rise,CRITICAL
2026-08-31 16:30:00,691.3,73.4,13.1,5.42,1.54,0.48,84.1,0.888,181.5,669.6,LOW,Rapid-Rise,CRITICAL
2026-08-31 17:00:00,517.0,79.2,12.8,5.49,1.48,0.49,87.2,0.901,137.8,910.8,LOW,Rapid-Rise,CRITICAL
2026-08-31 17:30:00,583.1,73.4,13.4,5.63,1.67,0.47,88.3,0.903,120.6,498.3,LOW,Rapid-Rise,CRITICAL
2026-08-31 18:00:00,531.6,76.4,8.9,5.65,1.5,0.58,87.8,0.908,118.6,367.4,LOW,Rapid-Rise,CRITICAL
2026-08-31 18:30:00,388.7,77.2,6.5,5.48,1.64,0.51,88.8,0.906,30.6,73.5,CRITICAL,Rapid-Rise,CRITICAL
2026-08-31 19:00:00,662.8,81.5,13.0,5.44,1.68,0.55,86.2,0.905,48.9,533.0,MEDIUM,Rapid-Rise,CRITICAL
2026-08-31 19:30:00,393.6,79.3,9.6,5.63,1.65,0.56,84.1,0.872,175.2,372.5,LOW,Rapid-Rise,CRITICAL
2026-08-31 20:00:00,427.0,84.5,9.6,5.71,1.53,0.49,87.8,0.903,88.6,795.1,LOW,Rapid-Rise,CRITICAL
2026-08-31 20:30:00,499.6,75.1,10.5,5.38,1.55,0.44,88.3,0.926,99.9,814.2,LOW,Rapid-Rise,CRITICAL
2026-08-31 21:00:00,391.7,82.3,9.2,5.59,1.55,0.49,87.0,0.903,128.4,560.3,LOW,Rapid-Rise,CRITICAL
2026-08-31 21:30:00,820.9,74.2,14.2,5.51,1.56,0.56,86.7,0.91,114.9,482.6,LOW,Rapid-Rise,CRITICAL
2026-08-31 22:00:00,659.2,81.6,13.1,5.4,1.67,0.49,86.8,0.889,19.8,82.7,CRITICAL,Rapid-Rise,CRITICAL
2026-08-31 22:30:00,437.5,77.4,11.3,5.47,1.57,0.55,86.1,0.89,88.3,694.7,LOW,Rapid-Rise,CRITICAL
2026-08-31 23:00:00,678.2,81.4,10.9,5.44,1.59,0.43,85.8,0.901,182.4,528.3,LOW,Rapid-Rise,CRITICAL
2026-08-31 23:30:00,768.9,82.1,11.8,5.6,1.62,0.47,89.4,0.923,24.1,130.4,CRITICAL,Rapid-Rise,CRITICAL
2026-09-01 00:00:00,275.0,84.0,6.1,5.49,1.62,0.44,84.7,0.836,106.1,886.0,LOW,Rapid-Rise,CRITICAL
2026-09-01 00:30:00,313.1,83.9,5.7,5.75,1.58,0.39,85.0,0.866,70.6,487.5,MEDIUM,Rapid-Rise,CRITICAL
2026-09-01 01:00:00,587.0,74.0,10.4,5.53,1.52,0.43,86.1,0.886,92.6,1072.3,LOW,Rapid-Rise,CRITICAL
2026-09-01 01:30:00,483.8,73.4,9.1,5.54,1.65,0.41,87.5,0.893,112.1,492.3,LOW,Rapid-Rise,CRITICAL
2026-09-01 02:00:00,760.9,77.9,12.8,5.69,1.59,0.51,88.6,0.911,114.6,975.0,LOW,Rapid-Rise,CRITICAL
2026-09-01 02:30:00,488.8,73.9,10.5,5.43,1.65,0.41,84.3,0.885,65.8,527.6,MEDIUM,Rapid-Rise,CRITICAL
2026-09-01 03:00:00,429.0,75.2,7.6,5.72,1.72,0.51,89.0,0.921,173.9,624.2,LOW,Rapid-Rise,CRITICAL
2026-09-01 03:30:00,648.2,74.4,13.9,5.52,1.56,0.52,85.2,0.889,143.9,559.6,LOW,Rapid-Rise,CRITICAL
2026-09-01 04:00:00,807.0,73.6,14.4,5.46,1.7,0.56,84.7,0.881,183.6,509.9,LOW,Rapid-Rise,CRITICAL
2026-09-01 04:30:00,357.5,86.1,6.4,5.51,1.63,0.47,87.2,0.916,105.6,641.5,LOW,Rapid-Rise,CRITICAL
2026-09-01 05:00:00,810.2,85.7,11.9,5.75,1.71,0.56,88.9,0.904,124.4,1037.6,LOW,Rapid-Rise,CRITICAL
2026-09-01 05:30:00,737.9,84.9,11.1,5.5,1.62,0.5,85.3,0.906,107.9,386.0,LOW,Rapid-Rise,CRITICAL
2026-09-01 06:00:00,638.3,86.0,10.6,5.73,1.56,0.54,86.0,0.9,129.6,982.8,LOW,Rapid-Rise,CRITICAL
2026-09-01 06:30:00,346.1,76.0,7.5,5.67,1.71,0.51,89.0,0.928,35.5,304.6,HIGH,Rapid-Rise,CRITICAL
2026-09-01 07:00:00,368.3,77.5,6.8,5.75,1.66,0.52,89.0,0.906,184.4,961.6,LOW,Rapid-Rise,CRITICAL
2026-09-01 07:30:00,789.3,83.5,13.7,5.7,1.66,0.49,90.6,0.941,74.2,267.8,MEDIUM,Rapid-Rise,CRITICAL
2026-09-01 08:00:00,294.3,74.4,7.0,5.65,1.63,0.52,86.6,0.847,29.9,156.3,CRITICAL,Rapid-Rise,CRITICAL
2026-09-01 08:30:00,337.0,77.3,5.9,5.71,1.63,0.42,85.4,0.883,117.7,1030.3,LOW,Rapid-Rise,CRITICAL
2026-09-01 09:00:00,605.5,81.6,13.0,5.61,1.63,0.48,90.3,0.919,17.2,97.8,CRITICAL,Rapid-Rise,CRITICAL
2026-09-01 09:30:00,826.7,84.3,13.1,5.84,1.73,0.42,89.2,0.922,91.0,605.4,LOW,Rapid-Rise,CRITICAL
2026-09-01 10:00:00,624.2,83.6,10.8,5.77,1.73,0.49,88.1,0.909,36.5,542.6,MEDIUM,Rapid-Rise,CRITICAL
2026-09-01 10:30:00,296.4,82.7,7.1,5.86,1.68,0.51,89.1,0.866,169.0,484.4,LOW,Rapid-Rise,CRITICAL
2026-09-01 11:00:00,573.5,82.9,11.8,5.56,1.64,0.5,88.9,0.928,71.8,139.3,HIGH,Rapid-Rise,CRITICAL
2026-09-01 11:30:00,571.9,78.2,13.5,5.71,1.75,0.5,87.1,0.9,135.2,1017.6,LOW,Rapid-Rise,CRITICAL
2026-09-01 12:00:00,778.2,76.2,13.9,5.85,1.69,0.45,91.1,0.927,26.7,170.5,CRITICAL,Rapid-Rise,CRITICAL
2026-09-01 12:30:00,655.9,81.9,12.7,5.74,1.71,0.48,87.1,0.9,174.8,1007.1,LOW,Rapid-Rise,CRITICAL
2026-09-01 13:00:00,612.8,85.4,11.5,5.69,1.69,0.45,86.4,0.901,98.1,718.3,LOW,Rapid-Rise,CRITICAL
2026-09-01 13:30:00,284.8,75.4,6.2,5.63,1.75,0.61,89.8,0.883,37.5,183.6,HIGH,Rapid-Rise,CRITICAL
2026-09-01 14:00:00,436.2,76.7,7.6,5.76,1.64,0.43,90.1,0.915,102.4,814.5,LOW,Rapid-Rise,CRITICAL
2026-09-01 14:30:00,590.8,81.0,13.7,5.86,1.76,0.44,85.7,0.896,74.3,434.8,MEDIUM,Rapid-Rise,CRITICAL
2026-09-01 15:00:00,412.8,75.9,7.6,5.73,1.67,0.5,87.7,0.899,178.2,817.8,LOW,Rapid-Rise,CRITICAL
2026-09-01 15:30:00,397.4,76.9,7.2,5.6,1.71,0.43,86.6,0.893,163.9,553.2,LOW,Rapid-Rise,CRITICAL
2026-09-01 16:00:00,784.0,85.0,12.5,5.89,1.63,0.57,87.5,0.899,17.4,200.2,CRITICAL,Rapid-Rise,CRITICAL
2026-09-01 16:30:00,563.6,78.0,10.2,5.91,1.73,0.47,88.7,0.929,156.4,793.8,LOW,Rapid-Rise,CRITICAL
2026-09-01 17:00:00,691.7,79.3,12.0,5.95,1.59,0.45,86.8,0.902,28.0,115.9,CRITICAL,Rapid-Rise,CRITICAL
2026-09-01 17:30:00,781.4,87.7,13.6,5.97,1.68,0.56,90.8,0.945,110.1,463.0,LOW,Rapid-Rise,CRITICAL
2026-09-01 18:00:00,745.4,79.9,14.6,5.76,1.73,0.58,87.3,0.899,69.5,336.7,MEDIUM,Rapid-Rise,CRITICAL
2026-09-01 18:30:00,448.5,88.4,8.4,5.87,1.6,0.48,89.1,0.917,176.4,457.8,LOW,Rapid-Rise,CRITICAL
2026-09-01 19:00:00,699.8,86.8,14.8,5.65,1.64,0.58,88.1,0.919,68.6,149.1,HIGH,Rapid-Rise,CRITICAL
2026-09-01 19:30:00,489.7,83.1,10.6,5.7,1.59,0.44,88.2,0.91,51.9,436.6,MEDIUM,Rapid-Rise,CRITICAL
2026-09-01 20:00:00,895.8,77.6,14.5,5.76,1.67,0.53,88.5,0.904,19.7,41.3,CRITICAL,Rapid-Rise,CRITICAL
2026-09-01 20:30:00,584.1,80.0,10.3,5.88,1.69,0.45,86.6,0.901,93.8,505.7,LOW,Rapid-Rise,CRITICAL
2026-09-01 21:00:00,697.2,85.6,13.2,5.76,1.66,0.47,90.8,0.937,35.6,175.2,HIGH,Rapid-Rise,CRITICAL
2026-09-01 21:30:00,386.7,87.4,6.2,6.0,1.78,0.49,87.7,0.913,122.0,441.3,LOW,Rapid-Rise,CRITICAL
2026-09-01 22:00:00,354.7,88.6,6.6,5.78,1.71,0.61,88.3,0.922,134.5,583.9,LOW,Rapid-Rise,CRITICAL
2026-09-01 22:30:00,448.0,84.0,7.8,5.9,1.69,0.6,88.6,0.928,51.3,224.5,HIGH,Rapid-Rise,CRITICAL
2026-09-01 23:00:00,625.8,82.1,11.1,5.67,1.76,0.53,91.0,0.925,141.1,943.9,LOW,Rapid-Rise,CRITICAL
2026-09-01 23:30:00,464.4,84.2,8.5,5.78,1.74,0.55,89.9,0.918,83.5,401.6,MEDIUM,Rapid-Rise,CRITICAL
2026-09-02 00:00:00,585.7,87.6,10.4,6.04,1.68,0.63,91.5,0.937,34.6,90.1,CRITICAL,Rapid-Rise,CRITICAL
2026-09-02 00:30:00,526.6,79.5,10.4,5.7,1.79,0.49,92.1,0.944,112.9,383.8,LOW,Rapid-Rise,CRITICAL
2026-09-02 01:00:00,339.5,78.3,7.8,5.87,1.77,0.51,92.3,0.948,87.9,567.4,LOW,Rapid-Rise,CRITICAL
2026-09-02 01:30:00,434.7,80.5,6.9,5.74,1.75,0.63,89.1,0.909,92.2,694.9,LOW,Rapid-Rise,CRITICAL
2026-09-02 02:00:00,396.7,76.2,10.3,6.06,1.68,0.53,91.4,0.943,81.6,352.8,MEDIUM,Rapid-Rise,CRITICAL
2026-09-02 02:30:00,439.8,86.2,9.3,5.71,1.8,0.62,92.6,0.959,148.2,833.8,LOW,Rapid-Rise,CRITICAL
2026-09-02 03:00:00,750.1,89.2,11.1,5.88,1.71,0.62,89.8,0.912,148.7,921.9,LOW,Rapid-Rise,CRITICAL
2026-09-02 03:30:00,487.1,87.4,8.2,5.79,1.65,0.45,91.6,0.925,123.4,1098.7,LOW,Rapid-Rise,CRITICAL
2026-09-02 04:00:00,495.8,87.0,7.4,5.68,1.69,0.64,88.6,0.912,73.0,219.6,HIGH,Rapid-Rise,CRITICAL
2026-09-02 04:30:00,410.8,89.2,8.2,5.79,1.68,0.61,92.3,0.932,109.3,434.3,LOW,Rapid-Rise,CRITICAL
2026-09-02 05:00:00,485.0,88.5,8.7,5.75,1.63,0.64,87.2,0.905,79.3,221.1,MEDIUM,Rapid-Rise,CRITICAL
2026-09-02 05:30:00,295.1,87.1,6.7,5.77,1.72,0.6,89.4,0.883,120.3,746.8,LOW,Rapid-Rise,CRITICAL
2026-09-02 06:00:00,472.1,81.3,9.6,5.91,1.68,0.65,90.9,0.918,76.4,520.8,LOW,Rapid-Rise,CRITICAL
2026-09-02 06:30:00,698.4,83.6,11.5,6.03,1.8,0.49,88.3,0.902,131.3,602.3,LOW,Rapid-Rise,CRITICAL
2026-09-02 07:00:00,561.4,83.1,10.3,5.78,1.71,0.53,92.0,0.94,85.6,506.5,LOW,Rapid-Rise,CRITICAL
2026-09-02 07:30:00,365.1,80.3,6.7,6.02,1.73,0.5,90.6,0.938,178.1,839.3,LOW,Rapid-Rise,CRITICAL
2026-09-02 08:00:00,498.1,87.8,7.5,5.71,1.66,0.58,92.2,0.951,159.0,436.2,LOW,Rapid-Rise,CRITICAL
2026-09-02 08:30:00,273.9,77.9,6.2,6.09,1.64,0.52,89.2,0.876,43.7,205.5,HIGH,Rapid-Rise,CRITICAL
2026-09-02 09:00:00,429.7,79.1,10.4,5.74,1.82,0.58,92.6,0.96,102.8,645.3,LOW,Rapid-Rise,CRITICAL
2026-09-02 09:30:00,620.7,88.4,9.4,5.72,1.79,0.6,92.5,0.953,181.7,844.0,LOW,Rapid-Rise,CRITICAL
2026-09-02 10:00:00,391.6,90.7,6.7,5.87,1.73,0.64,91.1,0.936,111.0,696.3,LOW,Rapid-Rise,CRITICAL
2026-09-02 10:30:00,612.4,90.7,10.0,5.79,1.7,0.47,88.7,0.907,43.3,251.4,HIGH,Rapid-Rise,CRITICAL
2026-09-02 11:00:00,332.0,84.2,6.4,6.08,1.74,0.65,93.0,0.94,119.3,701.7,LOW,Rapid-Rise,CRITICAL
2026-09-02 11:30:00,808.5,82.2,12.7,6.03,1.71,0.5,90.5,0.934,13.2,38.7,CRITICAL,Rapid-Rise,CRITICAL
2026-09-02 12:00:00,743.7,78.5,12.0,6.05,1.76,0.5,92.0,0.935,159.1,353.5,LOW,Rapid-Rise,CRITICAL
2026-09-02 12:30:00,519.0,82.0,9.7,6.01,1.77,0.63,90.2,0.941,22.9,205.2,CRITICAL,Rapid-Rise,CRITICAL
2026-09-02 13:00:00,787.9,83.9,12.0,5.93,1.73,0.66,92.7,0.946,171.2,793.4,LOW,Rapid-Rise,CRITICAL
2026-09-02 13:30:00,1042.4,90.1,14.5,5.94,1.71,0.52,88.7,0.926,46.7,330.7,HIGH,Rapid-Rise,CRITICAL
2026-09-02 14:00:00,773.1,89.8,11.8,6.09,1.7,0.54,89.3,0.931,69.9,311.1,MEDIUM,Rapid-Rise,CRITICAL
2026-09-02 14:30:00,514.0,81.0,9.4,5.77,1.69,0.55,89.9,0.932,120.7,903.7,LOW,Rapid-Rise,CRITICAL
2026-09-02 15:00:00,477.9,81.0,9.9,5.85,1.64,0.59,92.5,0.937,53.8,332.9,HIGH,Rapid-Rise,CRITICAL
2026-09-02 15:30:00,370.3,87.7,6.0,5.87,1.78,0.59,89.2,0.922,119.9,599.6,LOW,Rapid-Rise,CRITICAL
2026-09-02 16:00:00,513.9,88.9,9.9,6.14,1.81,0.47,91.0,0.917,76.8,348.8,MEDIUM,Rapid-Rise,CRITICAL
2026-09-02 16:30:00,652.8,90.5,10.7,5.85,1.67,0.59,91.5,0.927,64.4,438.3,MEDIUM,Rapid-Rise,CRITICAL
2026-09-02 17:00:00,643.0,89.0,14.2,6.14,1.68,0.51,93.2,0.934,27.1,15.3,CRITICAL,Rapid-Rise,CRITICAL
2026-09-02 17:30:00,500.6,89.0,7.9,5.78,1.81,0.53,92.4,0.955,36.4,275.2,HIGH,Rapid-Rise,CRITICAL
2026-09-02 18:00:00,582.7,86.5,10.7,5.92,1.68,0.53,89.7,0.914,85.9,868.7,LOW,Rapid-Rise,CRITICAL
2026-09-02 18:30:00,760.4,83.3,14.5,6.11,1.65,0.51,88.9,0.933,96.0,966.7,LOW,Rapid-Rise,CRITICAL
2026-09-02 19:00:00,548.7,79.3,10.2,6.07,1.8,0.61,89.8,0.926,153.1,390.0,LOW,Rapid-Rise,CRITICAL
2026-09-02 19:30:00,330.5,84.7,7.6,6.12,1.8,0.49,90.1,0.899,79.8,540.0,LOW,Rapid-Rise,CRITICAL
2026-09-02 20:00:00,810.6,84.5,13.9,5.87,1.68,0.51,93.1,0.941,85.9,547.7,LOW,Rapid-Rise,CRITICAL
2026-09-02 20:30:00,484.2,90.0,8.8,6.01,1.78,0.56,93.3,0.941,16.0,180.8,CRITICAL,Rapid-Rise,CRITICAL
2026-09-02 21:00:00,617.4,86.9,12.8,5.79,1.65,0.62,90.6,0.925,103.3,600.6,LOW,Rapid-Rise,CRITICAL
2026-09-02 21:30:00,388.1,79.2,6.5,5.83,1.79,0.61,89.2,0.927,43.5,499.7,MEDIUM,Rapid-Rise,CRITICAL
2026-09-02 22:00:00,293.9,81.1,6.8,5.93,1.68,0.56,92.1,0.897,102.1,573.2,LOW,Rapid-Rise,CRITICAL
2026-09-02 22:30:00,870.7,91.6,12.3,5.99,1.7,0.55,88.3,0.918,170.6,728.8,LOW,Rapid-Rise,CRITICAL
2026-09-02 23:00:00,421.9,79.0,10.4,6.04,1.81,0.55,89.0,0.933,17.2,102.6,CRITICAL,Rapid-Rise,CRITICAL
2026-09-02 23:30:00,298.9,84.5,6.3,5.97,1.76,0.6,92.7,0.894,100.6,497.2,LOW,Rapid-Rise,CRITICAL
2026-09-03 00:00:00,446.3,89.9,8.2,5.92,1.69,0.66,90.0,0.909,129.4,1001.0,LOW,Rapid-Rise,CRITICAL
2026-09-03 00:30:00,638.7,84.9,11.5,6.14,1.77,0.51,91.7,0.95,153.7,533.6,LOW,Rapid-Rise,CRITICAL
2026-09-03 01:00:00,501.4,92.0,9.5,6.09,1.84,0.56,90.3,0.932,120.0,971.5,LOW,Rapid-Rise,CRITICAL
2026-09-03 01:30:00,899.0,90.7,14.9,6.2,1.78,0.65,91.9,0.954,16.1,219.1,CRITICAL,Rapid-Rise,CRITICAL
2026-09-03 02:00:00,335.2,87.0,6.3,5.94,1.65,0.62,91.0,0.937,120.1,390.6,LOW,Rapid-Rise,CRITICAL
2026-09-03 02:30:00,462.7,90.0,7.4,6.04,1.83,0.6,92.2,0.949,77.9,214.1,MEDIUM,Rapid-Rise,CRITICAL
2026-09-03 03:00:00,619.7,80.6,13.4,5.91,1.82,0.56,88.5,0.928,54.4,309.3,HIGH,Rapid-Rise,CRITICAL
2026-09-03 03:30:00,432.4,83.3,7.0,6.08,1.82,0.64,89.8,0.928,40.3,170.5,HIGH,Rapid-Rise,CRITICAL
2026-09-03 04:00:00,510.8,83.4,11.6,5.82,1.85,0.54,89.3,0.931,25.6,209.2,CRITICAL,Rapid-Rise,CRITICAL
2026-09-03 04:30:00,440.3,92.4,6.3,6.17,1.84,0.5,90.3,0.916,163.3,936.3,LOW,Rapid-Rise,CRITICAL
2026-09-03 05:00:00,575.9,92.0,8.1,6.1,1.73,0.58,89.9,0.909,101.3,682.6,LOW,Rapid-Rise,CRITICAL
2026-09-03 05:30:00,699.8,90.8,11.4,5.92,1.76,0.63,92.9,0.957,122.4,595.6,LOW,Rapid-Rise,CRITICAL
2026-09-03 06:00:00,412.6,90.5,6.9,5.89,1.75,0.65,91.7,0.939,35.9,520.7,MEDIUM,Rapid-Rise,CRITICAL
2026-09-03 06:30:00,542.7,90.7,11.3,5.96,1.73,0.65,91.4,0.947,84.5,745.9,LOW,Rapid-Rise,CRITICAL
2026-09-03 07:00:00,625.6,83.2,12.5,6.02,1.67,0.49,92.1,0.942,137.9,989.3,LOW,Rapid-Rise,CRITICAL
2026-09-03 07:30:00,727.3,82.2,13.6,5.96,1.74,0.61,93.6,0.956,143.9,734.4,LOW,Rapid-Rise,CRITICAL
2026-09-03 08:00:00,864.1,91.0,12.6,5.88,1.81,0.58,90.2,0.92,82.4,567.9,LOW,Rapid-Rise,CRITICAL
2026-09-03 08:30:00,576.4,84.8,9.0,6.14,1.78,0.55,92.3,0.934,150.4,1050.6,LOW,Rapid-Rise,CRITICAL
2026-09-03 09:00:00,585.1,85.8,9.0,6.09,1.76,0.62,91.4,0.931,146.2,575.0,LOW,Rapid-Rise,CRITICAL
2026-09-03 09:30:00,560.2,85.6,10.1,5.97,1.74,0.65,94.0,0.964,32.3,59.4,CRITICAL,Rapid-Rise,CRITICAL
2026-09-03 10:00:00,900.1,89.0,13.6,6.07,1.71,0.6,88.8,0.914,22.7,73.4,CRITICAL,Rapid-Rise,CRITICAL
2026-09-03 10:30:00,571.4,92.5,9.3,6.0,1.72,0.62,94.1,0.95,171.5,984.1,LOW,Rapid-Rise,CRITICAL
2026-09-03 11:00:00,534.4,81.5,9.8,6.03,1.82,0.61,89.7,0.91,75.0,215.0,MEDIUM,Rapid-Rise,CRITICAL
2026-09-03 11:30:00,811.9,89.6,14.4,5.84,1.72,0.63,90.6,0.942,147.3,1033.4,LOW,Rapid-Rise,CRITICAL
2026-09-03 12:00:00,568.6,88.3,10.4,5.95,1.7,0.49,91.0,0.948,31.6,143.7,CRITICAL,Rapid-Rise,CRITICAL
2026-09-03 12:30:00,718.8,91.8,10.5,5.98,1.68,0.54,92.1,0.934,148.7,614.9,LOW,Rapid-Rise,CRITICAL
2026-09-03 13:00:00,632.2,90.4,9.0,6.0,1.82,0.67,92.2,0.945,179.8,511.0,LOW,Rapid-Rise,CRITICAL
2026-09-03 13:30:00,918.2,88.0,14.7,6.04,1.84,0.57,92.2,0.937,147.3,617.1,LOW,Rapid-Rise,CRITICAL
2026-09-03 14:00:00,701.1,89.2,14.9,5.86,1.77,0.63,90.1,0.91,93.9,627.9,LOW,Rapid-Rise,CRITICAL
2026-09-03 14:30:00,465.3,83.3,10.2,6.07,1.79,0.6,90.2,0.921,108.2,1015.4,LOW,Rapid-Rise,CRITICAL
2026-09-03 15:00:00,808.7,92.4,11.5,6.05,1.8,0.57,94.6,0.968,164.8,1087.5,LOW,Rapid-Rise,CRITICAL
2026-09-03 15:30:00,492.0,79.2,11.8,6.06,1.74,0.64,92.5,0.945,28.1,90.7,CRITICAL,Rapid-Rise,CRITICAL
2026-09-03 16:00:00,278.3,84.5,6.4,6.11,1.79,0.52,90.3,0.867,49.6,365.4,MEDIUM,Rapid-Rise,CRITICAL
2026-09-03 16:30:00,461.1,81.5,11.3,6.07,1.8,0.53,91.6,0.929,41.3,401.6,HIGH,Rapid-Rise,CRITICAL
2026-09-03 17:00:00,633.8,87.5,11.0,6.05,1.72,0.67,93.4,0.965,83.3,689.6,LOW,Rapid-Rise,CRITICAL
2026-09-03 17:30:00,790.9,82.7,12.7,5.94,1.69,0.49,92.0,0.937,28.0,75.3,CRITICAL,Rapid-Rise,CRITICAL
2026-09-03 18:00:00,464.9,83.0,9.6,5.95,1.81,0.57,89.1,0.926,92.1,769.1,LOW,Rapid-Rise,CRITICAL
2026-09-03 18:30:00,785.7,89.6,12.9,6.08,1.75,0.53,92.8,0.955,101.7,862.3,LOW,Rapid-Rise,CRITICAL
2026-09-03 19:00:00,528.8,90.9,10.0,6.06,1.78,0.55,92.9,0.948,64.9,528.4,MEDIUM,Rapid-Rise,CRITICAL
2026-09-03 19:30:00,715.0,92.7,11.5,6.17,1.81,0.53,90.9,0.928,87.6,583.2,LOW,Rapid-Rise,CRITICAL
2026-09-03 20:00:00,496.5,79.1,11.5,6.15,1.74,0.64,94.0,0.944,174.4,953.9,LOW,Rapid-Rise,CRITICAL
2026-09-03 20:30:00,770.8,84.4,14.6,6.23,1.87,0.59,89.7,0.915,182.6,486.5,LOW,Rapid-Rise,CRITICAL
2026-09-03 21:00:00,736.6,81.0,13.0,6.11,1.8,0.68,90.6,0.918,108.9,453.0,LOW,Rapid-Rise,CRITICAL
2026-09-03 21:30:00,423.1,81.9,8.0,6.24,1.78,0.54,93.0,0.96,23.1,120.5,CRITICAL,Rapid-Rise,CRITICAL
2026-09-03 22:00:00,521.3,91.3,8.7,5.87,1.73,0.58,90.6,0.929,69.0,371.2,MEDIUM,Rapid-Rise,CRITICAL
2026-09-03 22:30:00,868.7,83.5,14.2,6.12,1.8,0.62,93.7,0.959,76.3,464.5,MEDIUM,Rapid-Rise,CRITICAL
2026-09-03 23:00:00,671.7,79.0,11.1,5.9,1.74,0.65,91.4,0.936,141.5,838.7,LOW,Rapid-Rise,CRITICAL
2026-09-03 23:30:00,409.5,87.4,8.3,6.04,1.75,0.53,91.2,0.926,30.6,212.2,HIGH,Rapid-Rise,CRITICAL
2026-09-04 00:00:00,693.7,90.2,13.9,6.24,1.68,0.52,92.1,0.936,88.7,691.9,LOW,Rapid-Rise,CRITICAL
2026-09-04 00:30:00,443.1,79.7,9.3,6.24,1.8,0.5,91.1,0.92,175.3,366.3,LOW,Rapid-Rise,CRITICAL
2026-09-04 01:00:00,428.6,80.4,9.4,5.87,1.85,0.59,89.5,0.916,57.5,200.6,HIGH,Rapid-Rise,CRITICAL
2026-09-04 01:30:00,508.8,86.9,7.7,6.13,1.77,0.57,90.2,0.916,159.8,853.7,LOW,Rapid-Rise,CRITICAL
2026-09-04 02:00:00,298.3,82.9,6.4,5.87,1.78,0.49,94.9,0.931,150.5,811.7,LOW,Rapid-Rise,CRITICAL
2026-09-04 02:30:00,649.7,79.6,13.4,5.96,1.7,0.5,91.8,0.925,157.1,933.9,LOW,Rapid-Rise,CRITICAL
2026-09-04 03:00:00,611.4,89.7,11.2,5.9,1.79,0.55,89.1,0.932,43.2,385.1,HIGH,Rapid-Rise,CRITICAL
2026-09-04 03:30:00,743.6,90.2,14.6,5.93,1.85,0.59,90.9,0.929,162.1,820.6,LOW,Rapid-Rise,CRITICAL
2026-09-04 04:00:00,674.7,89.1,14.1,6.09,1.68,0.5,89.9,0.924,165.9,455.0,LOW,Rapid-Rise,CRITICAL
2026-09-04 04:30:00,695.1,83.0,11.3,5.96,1.71,0.58,91.7,0.935,179.2,466.2,LOW,Rapid-Rise,CRITICAL
2026-09-04 05:00:00,316.5,80.8,6.7,6.02,1.83,0.52,91.1,0.902,160.1,481.7,LOW,Rapid-Rise,CRITICAL
2026-09-04 05:30:00,349.9,84.8,6.8,5.91,1.77,0.57,91.7,0.928,69.4,184.4,HIGH,Rapid-Rise,CRITICAL
2026-09-04 06:00:00,328.6,79.7,7.2,5.87,1.8,0.58,91.7,0.921,66.3,123.3,HIGH,Rapid-Rise,CRITICAL
2026-09-04 06:30:00,619.7,89.5,9.2,6.04,1.81,0.57,91.5,0.949,12.5,109.8,CRITICAL,Rapid-Rise,CRITICAL
2026-09-04 07:00:00,381.6,81.5,6.6,6.2,1.69,0.56,92.6,0.931,152.2,1078.9,LOW,Rapid-Rise,CRITICAL
2026-09-04 07:30:00,653.3,87.0,13.2,6.1,1.81,0.53,91.2,0.93,103.6,900.6,LOW,Rapid-Rise,CRITICAL
2026-09-04 08:00:00,838.7,91.2,14.7,6.02,1.76,0.5,90.8,0.937,37.1,166.6,HIGH,Rapid-Rise,CRITICAL
2026-09-04 08:30:00,322.8,82.8,6.3,6.16,1.72,0.63,92.7,0.927,130.4,904.4,LOW,Rapid-Rise,CRITICAL
2026-09-04 09:00:00,301.8,79.4,7.3,5.98,1.82,0.67,90.8,0.899,99.3,934.3,LOW,Rapid-Rise,CRITICAL
2026-09-04 09:30:00,579.4,81.6,11.5,6.24,1.74,0.53,90.2,0.914,53.2,255.8,HIGH,Rapid-Rise,CRITICAL
2026-09-04 10:00:00,494.9,83.2,9.3,6.17,1.84,0.48,94.3,0.964,32.7,173.1,CRITICAL,Rapid-Rise,CRITICAL
2026-09-04 10:30:00,595.4,85.2,10.1,5.85,1.7,0.64,94.7,0.953,58.6,146.4,HIGH,Rapid-Rise,CRITICAL
2026-09-04 11:00:00,554.3,88.7,9.1,6.17,1.78,0.62,94.1,0.966,171.2,820.7,LOW,Rapid-Rise,CRITICAL
2026-09-04 11:30:00,653.7,85.2,10.2,5.89,1.78,0.56,91.2,0.936,88.9,377.6,MEDIUM,Rapid-Rise,CRITICAL
2026-09-04 12:00:00,733.2,89.2,10.4,6.15,1.82,0.53,89.3,0.923,21.9,86.2,CRITICAL,Rapid-Rise,CRITICAL
2026-09-04 12:30:00,658.5,80.1,13.4,6.13,1.82,0.52,89.3,0.915,113.9,1096.3,LOW,Rapid-Rise,CRITICAL
2026-09-04 13:00:00,636.9,79.3,11.8,5.86,1.83,0.63,91.0,0.929,136.1,822.1,LOW,Rapid-Rise,CRITICAL
2026-09-04 13:30:00,990.2,90.4,13.8,6.18,1.73,0.52,91.7,0.951,126.9,989.4,LOW,Rapid-Rise,CRITICAL
2026-09-04 14:00:00,629.7,78.9,13.8,6.05,1.7,0.49,92.8,0.962,85.6,839.4,LOW,Rapid-Rise,CRITICAL
2026-09-04 14:30:00,648.7,87.0,10.0,6.23,1.75,0.63,93.8,0.961,125.8,940.7,LOW,Rapid-Rise,CRITICAL
2026-09-04 15:00:00,374.1,86.7,6.6,5.85,1.84,0.63,92.5,0.954,174.5,515.2,LOW,Rapid-Rise,CRITICAL
2026-09-04 15:30:00,525.5,79.7,11.3,5.86,1.78,0.65,91.6,0.948,20.5,55.2,CRITICAL,Rapid-Rise,CRITICAL
2026-09-04 16:00:00,707.5,88.1,12.2,6.1,1.73,0.65,93.0,0.936,91.9,967.5,LOW,Rapid-Rise,CRITICAL
2026-09-04 16:30:00,734.1,79.9,13.1,6.04,1.76,0.62,94.1,0.967,29.4,130.4,CRITICAL,Rapid-Rise,CRITICAL
2026-09-04 17:00:00,818.3,89.0,11.9,6.03,1.73,0.49,90.0,0.923,67.0,375.7,MEDIUM,Rapid-Rise,CRITICAL
2026-09-04 17:30:00,929.1,88.3,13.2,5.97,1.83,0.51,93.7,0.949,158.1,1078.2,LOW,Rapid-Rise,CRITICAL
2026-09-04 18:00:00,557.2,91.7,8.1,6.15,1.85,0.61,93.2,0.945,147.4,807.4,LOW,Rapid-Rise,CRITICAL
2026-09-04 18:30:00,336.0,83.7,6.4,6.12,1.81,0.66,91.3,0.92,93.8,622.3,LOW,Rapid-Rise,CRITICAL
2026-09-04 19:00:00,414.6,80.2,7.2,6.22,1.71,0.57,91.7,0.926,117.0,630.4,LOW,Rapid-Rise,CRITICAL
2026-09-04 19:30:00,986.0,88.0,14.3,6.04,1.79,0.54,91.0,0.948,116.6,792.7,LOW,Rapid-Rise,CRITICAL
2026-09-04 20:00:00,312.9,80.6,7.6,6.1,1.68,0.52,94.1,0.937,85.7,783.4,LOW,Rapid-Rise,CRITICAL
2026-09-04 20:30:00,561.8,80.2,13.3,5.9,1.74,0.6,90.9,0.921,129.3,509.7,LOW,Rapid-Rise,CRITICAL
2026-09-04 21:00:00,621.7,85.3,12.9,5.87,1.72,0.56,93.5,0.938,137.2,708.1,LOW,Rapid-Rise,CRITICAL
2026-09-04 21:30:00,464.3,83.2,8.9,6.09,1.69,0.51,93.3,0.941,177.4,540.2,LOW,Rapid-Rise,CRITICAL
2026-09-04 22:00:00,375.6,86.4,7.0,5.93,1.83,0.6,90.9,0.932,90.2,777.9,LOW,Rapid-Rise,CRITICAL
2026-09-04 22:30:00,322.7,86.6,7.1,5.95,1.79,0.58,94.2,0.926,149.2,775.7,LOW,Rapid-Rise,CRITICAL
2026-09-04 23:00:00,690.9,90.3,12.5,5.94,1.81,0.61,94.4,0.951,131.8,721.2,LOW,Rapid-Rise,CRITICAL
2026-09-04 23:30:00,638.9,79.6,13.6,5.93,1.67,0.5,90.4,0.927,67.2,270.4,MEDIUM,Rapid-Rise,CRITICAL
2026-09-05 00:00:00,580.4,79.4,12.2,5.87,1.73,0.65,94.4,0.958,39.3,386.1,HIGH,Rapid-Rise,CRITICAL
2026-09-05 00:30:00,691.4,81.0,12.6,5.95,1.83,0.57,91.0,0.933,164.6,542.4,LOW,Rapid-Rise,CRITICAL
2026-09-05 01:00:00,454.6,85.9,6.9,6.13,1.81,0.67,91.7,0.928,68.1,291.9,MEDIUM,Rapid-Rise,CRITICAL
2026-09-05 01:30:00,506.1,91.3,8.0,5.83,1.71,0.64,92.8,0.954,14.7,44.9,CRITICAL,Rapid-Rise,CRITICAL
2026-09-05 02:00:00,741.3,85.0,12.7,5.86,1.72,0.64,94.0,0.955,12.2,189.4,CRITICAL,Rapid-Rise,CRITICAL
2026-09-05 02:30:00,651.2,90.6,10.5,6.06,1.78,0.66,89.7,0.932,38.9,484.4,MEDIUM,Rapid-Rise,CRITICAL
2026-09-05 03:00:00,544.6,84.5,8.2,6.0,1.69,0.54,92.2,0.946,29.4,81.6,CRITICAL,Rapid-Rise,CRITICAL
2026-09-05 03:30:00,689.6,82.4,13.7,6.19,1.66,0.49,90.9,0.932,157.6,1009.1,LOW,Rapid-Rise,CRITICAL
2026-09-05 04:00:00,410.1,89.9,7.6,5.86,1.72,0.56,93.9,0.943,178.3,972.9,LOW,Rapid-Rise,CRITICAL
2026-09-05 04:30:00,488.6,83.6,8.2,6.02,1.68,0.61,88.4,0.908,156.7,412.5,LOW,Rapid-Rise,CRITICAL
2026-09-05 05:00:00,600.5,81.3,12.0,6.11,1.83,0.66,93.9,0.952,156.1,544.4,LOW,Rapid-Rise,CRITICAL
2026-09-05 05:30:00,503.4,78.8,12.4,6.0,1.81,0.66,94.2,0.962,20.9,133.5,CRITICAL,Rapid-Rise,CRITICAL
2026-09-05 06:00:00,300.7,80.7,6.9,5.82,1.7,0.62,89.4,0.894,169.9,474.1,LOW,Rapid-Rise,CRITICAL
2026-09-05 06:30:00,529.5,83.6,10.3,5.96,1.66,0.59,92.2,0.946,26.9,165.0,CRITICAL,Rapid-Rise,CRITICAL
2026-09-05 07:00:00,476.0,80.7,8.4,6.1,1.73,0.54,89.1,0.931,70.9,524.4,LOW,Rapid-Rise,CRITICAL
2026-09-05 07:30:00,423.9,90.6,6.6,5.96,1.82,0.58,91.9,0.949,127.4,895.3,LOW,Rapid-Rise,CRITICAL
2026-09-05 08:00:00,534.4,87.8,11.0,5.85,1.81,0.59,93.1,0.95,161.3,832.3,LOW,Rapid-Rise,CRITICAL
2026-09-05 08:30:00,564.5,85.9,8.5,5.82,1.7,0.49,88.2,0.899,26.5,182.2,CRITICAL,Rapid-Rise,CRITICAL
2026-09-05 09:00:00,684.9,83.4,12.2,6.11,1.68,0.49,90.6,0.944,38.6,509.5,MEDIUM,Rapid-Rise,CRITICAL
2026-09-05 09:30:00,660.5,78.2,13.3,6.02,1.82,0.5,91.1,0.944,64.4,252.1,HIGH,Rapid-Rise,CRITICAL
2026-09-05 10:00:00,591.1,91.2,10.5,5.8,1.71,0.53,91.3,0.939,92.2,1054.6,LOW,Rapid-Rise,CRITICAL
2026-09-05 10:30:00,522.0,83.1,8.2,5.81,1.71,0.59,90.5,0.932,177.5,870.4,LOW,Rapid-Rise,CRITICAL
2026-09-05 11:00:00,757.5,91.2,14.9,6.02,1.67,0.49,93.4,0.953,29.0,27.6,CRITICAL,Rapid-Rise,CRITICAL
2026-09-05 11:30:00,353.6,79.1,7.2,6.11,1.81,0.62,89.4,0.915,43.7,227.8,HIGH,Rapid-Rise,CRITICAL
2026-09-05 12:00:00,364.2,79.4,6.0,5.91,1.81,0.65,93.6,0.959,94.5,411.3,LOW,Rapid-Rise,CRITICAL
2026-09-05 12:30:00,547.3,77.7,13.0,6.06,1.69,0.63,89.4,0.912,53.8,302.3,HIGH,Rapid-Rise,CRITICAL
2026-09-05 13:00:00,569.9,84.2,13.3,6.04,1.79,0.59,91.8,0.948,121.8,845.8,LOW,Rapid-Rise,CRITICAL
2026-09-05 13:30:00,715.4,86.5,10.7,5.94,1.72,0.54,88.2,0.914,105.3,1007.4,LOW,Rapid-Rise,CRITICAL
2026-09-05 14:00:00,418.1,79.3,10.3,5.86,1.76,0.5,91.9,0.951,15.5,185.7,CRITICAL,Rapid-Rise,CRITICAL
2026-09-05 14:30:00,599.2,82.6,13.9,6.04,1.77,0.63,92.1,0.947,97.3,1037.9,LOW,Rapid-Rise,CRITICAL
2026-09-05 15:00:00,554.6,91.0,10.1,6.09,1.67,0.53,90.4,0.921,152.3,1091.6,LOW,Rapid-Rise,CRITICAL
2026-09-05 15:30:00,497.6,79.8,7.8,6.04,1.72,0.61,92.0,0.943,112.5,589.3,LOW,Rapid-Rise,CRITICAL
2026-09-05 16:00:00,570.8,78.7,10.9,5.81,1.79,0.56,90.0,0.915,45.2,408.4,MEDIUM,Rapid-Rise,CRITICAL
2026-09-05 16:30:00,714.4,84.9,13.4,6.03,1.63,0.64,87.9,0.899,43.3,496.9,MEDIUM,Rapid-Rise,CRITICAL
2026-09-05 17:00:00,706.4,88.0,14.1,5.96,1.73,0.58,88.0,0.905,26.0,102.4,CRITICAL,Rapid-Rise,CRITICAL
2026-09-05 17:30:00,331.7,78.3,7.6,6.01,1.68,0.6,89.6,0.911,153.0,1087.6,LOW,Rapid-Rise,CRITICAL
2026-09-05 18:00:00,248.1,83.8,5.9,6.08,1.74,0.64,90.9,0.875,125.9,807.1,LOW,Rapid-Rise,CRITICAL
2026-09-05 18:30:00,532.4,88.0,9.5,5.88,1.72,0.6,92.1,0.95,53.1,521.8,MEDIUM,Rapid-Rise,CRITICAL
2026-09-05 19:00:00,790.0,82.0,14.1,6.01,1.79,0.57,89.1,0.928,41.6,507.1,MEDIUM,Rapid-Rise,CRITICAL
2026-09-05 19:30:00,534.7,79.7,8.9,5.84,1.66,0.46,87.8,0.911,62.9,370.2,MEDIUM,Rapid-Rise,CRITICAL
2026-09-05 20:00:00,687.1,78.4,12.1,5.95,1.8,0.48,90.4,0.919,71.3,409.2,MEDIUM,Rapid-Rise,CRITICAL
2026-09-05 20:30:00,679.1,82.9,13.2,6.08,1.69,0.58,89.4,0.936,17.3,28.3,CRITICAL,Rapid-Rise,CRITICAL
2026-09-05 21:00:00,669.7,89.5,13.8,5.98,1.67,0.54,92.4,0.935,148.1,699.6,LOW,Rapid-Rise,CRITICAL
2026-09-05 21:30:00,417.9,86.7,6.3,5.95,1.78,0.49,90.5,0.943,36.2,154.5,HIGH,Rapid-Rise,CRITICAL
2026-09-05 22:00:00,750.7,84.1,13.0,5.84,1.76,0.6,92.4,0.929,128.7,906.3,LOW,Rapid-Rise,CRITICAL
2026-09-05 22:30:00,516.2,78.6,8.8,5.99,1.63,0.48,92.9,0.958,85.2,918.1,LOW,Rapid-Rise,CRITICAL
2026-09-05 23:00:00,606.1,77.6,13.2,6.08,1.78,0.49,87.8,0.908,14.8,124.7,CRITICAL,Rapid-Rise,CRITICAL
2026-09-05 23:30:00,715.4,77.3,14.7,5.92,1.76,0.61,88.7,0.912,155.7,370.1,LOW,Rapid-Rise,CRITICAL
2026-09-06 00:00:00,452.3,83.6,10.7,6.06,1.75,0.51,91.4,0.946,129.2,1038.3,LOW,Rapid-Rise,CRITICAL
2026-09-06 00:30:00,597.5,80.7,10.4,5.69,1.61,0.47,90.1,0.914,180.2,397.0,LOW,Rapid-Rise,CRITICAL
2026-09-06 01:00:00,615.5,82.6,10.1,5.78,1.65,0.6,90.6,0.934,94.7,1036.1,LOW,Rapid-Rise,CRITICAL
2026-09-06 01:30:00,624.1,89.8,11.9,5.77,1.73,0.58,91.3,0.919,65.1,175.8,HIGH,Rapid-Rise,CRITICAL
2026-09-06 02:00:00,596.4,88.4,9.1,5.69,1.66,0.53,90.7,0.916,31.1,40.0,CRITICAL,Rapid-Rise,CRITICAL
2026-09-06 02:30:00,517.4,86.6,8.9,5.96,1.63,0.59,92.8,0.941,130.4,445.9,LOW,Rapid-Rise,CRITICAL
2026-09-06 03:00:00,902.6,82.1,14.5,5.69,1.74,0.47,89.1,0.91,147.1,883.1,LOW,Rapid-Rise,CRITICAL
2026-09-06 03:30:00,766.4,86.7,11.3,6.01,1.71,0.59,91.7,0.947,97.0,707.1,LOW,Rapid-Rise,CRITICAL
2026-09-06 04:00:00,459.9,76.9,9.2,5.96,1.69,0.46,90.3,0.925,26.5,214.0,HIGH,Rapid-Rise,CRITICAL
2026-09-06 04:30:00,465.4,84.9,10.0,5.66,1.65,0.54,88.8,0.907,113.5,589.3,LOW,Rapid-Rise,CRITICAL
2026-09-06 05:00:00,590.4,83.0,9.5,5.97,1.73,0.6,88.0,0.918,31.6,128.9,CRITICAL,Rapid-Rise,CRITICAL
2026-09-06 05:30:00,642.7,89.5,10.3,5.65,1.75,0.59,90.3,0.933,149.6,610.9,LOW,Rapid-Rise,CRITICAL
2026-09-06 06:00:00,390.2,80.4,8.7,5.85,1.71,0.59,88.5,0.913,126.5,890.2,LOW,Rapid-Rise,CRITICAL
2026-09-06 06:30:00,831.4,87.3,14.0,5.81,1.75,0.56,90.5,0.914,66.7,133.4,HIGH,Rapid-Rise,CRITICAL
2026-09-06 07:00:00,706.4,87.5,10.5,5.92,1.59,0.63,92.2,0.939,24.9,87.8,CRITICAL,Rapid-Rise,CRITICAL
2026-09-06 07:30:00,651.5,78.2,11.8,5.76,1.66,0.57,88.4,0.912,49.9,257.4,HIGH,Rapid-Rise,CRITICAL
2026-09-06 08:00:00,702.3,76.0,12.7,5.89,1.77,0.58,89.1,0.911,132.8,727.5,LOW,Rapid-Rise,CRITICAL
2026-09-06 08:30:00,932.4,83.7,14.6,5.66,1.71,0.62,92.1,0.942,30.3,204.6,HIGH,Rapid-Rise,CRITICAL
2026-09-06 09:00:00,536.2,77.4,9.9,5.91,1.77,0.44,88.1,0.918,143.4,401.0,LOW,Rapid-Rise,CRITICAL
2026-09-06 09:30:00,423.4,81.0,7.4,5.88,1.66,0.53,91.5,0.924,60.4,525.3,MEDIUM,Rapid-Rise,CRITICAL
2026-09-06 10:00:00,605.1,79.6,12.1,5.7,1.68,0.54,87.8,0.893,178.1,444.6,LOW,Rapid-Rise,CRITICAL
2026-09-06 10:30:00,606.2,88.7,13.2,5.78,1.63,0.54,86.8,0.894,14.7,39.1,CRITICAL,Rapid-Rise,CRITICAL
2026-09-06 11:00:00,549.0,78.4,12.8,5.7,1.67,0.44,87.8,0.907,147.9,371.9,LOW,Rapid-Rise,CRITICAL
2026-09-06 11:30:00,433.0,80.3,8.6,5.93,1.68,0.63,89.9,0.916,56.4,468.9,MEDIUM,Rapid-Rise,CRITICAL
2026-09-06 12:00:00,546.7,83.9,12.6,5.97,1.73,0.48,90.7,0.936,88.5,796.1,LOW,Rapid-Rise,CRITICAL
2026-09-06 12:30:00,681.6,83.0,14.2,5.76,1.74,0.46,87.6,0.915,103.2,429.0,LOW,Rapid-Rise,CRITICAL
2026-09-06 13:00:00,358.8,76.2,7.5,5.67,1.77,0.48,90.7,0.944,171.6,867.0,LOW,Rapid-Rise,CRITICAL
2026-09-06 13:30:00,316.1,85.8,6.7,5.89,1.64,0.44,86.1,0.882,54.5,224.1,HIGH,Rapid-Rise,CRITICAL
2026-09-06 14:00:00,380.4,84.9,8.2,5.75,1.75,0.59,85.9,0.903,152.6,1075.6,LOW,Rapid-Rise,CRITICAL
2026-09-06 14:30:00,311.1,76.6,7.7,5.6,1.7,0.46,90.6,0.908,56.6,393.9,MEDIUM,Rapid-Rise,CRITICAL
2026-09-06 15:00:00,802.6,87.2,13.3,5.59,1.57,0.43,90.0,0.913,124.4,502.9,LOW,Rapid-Rise,CRITICAL
2026-09-06 15:30:00,358.9,76.3,9.0,5.8,1.7,0.48,88.1,0.92,172.4,840.5,LOW,Rapid-Rise,CRITICAL
2026-09-06 16:00:00,557.2,79.6,12.5,5.85,1.61,0.45,86.2,0.911,156.0,431.5,LOW,Rapid-Rise,CRITICAL
2026-09-06 16:30:00,700.7,83.1,11.8,5.7,1.62,0.57,89.6,0.928,104.4,988.3,LOW,Rapid-Rise,CRITICAL
2026-09-06 17:00:00,523.0,85.0,7.7,5.69,1.62,0.61,86.1,0.89,122.9,626.6,LOW,Rapid-Rise,CRITICAL
2026-09-06 17:30:00,505.9,82.8,8.2,5.6,1.69,0.61,86.5,0.9,45.7,358.7,HIGH,Rapid-Rise,CRITICAL
2026-09-06 18:00:00,759.9,81.3,13.2,5.77,1.74,0.57,90.5,0.932,41.7,342.7,HIGH,Rapid-Rise,CRITICAL
2026-09-06 18:30:00,586.7,81.0,14.1,5.55,1.65,0.55,89.3,0.915,166.3,966.0,LOW,Rapid-Rise,CRITICAL
2026-09-06 19:00:00,571.3,85.0,9.0,5.62,1.73,0.49,89.4,0.93,97.2,711.8,LOW,Rapid-Rise,CRITICAL
2026-09-06 19:30:00,663.5,81.8,14.0,5.68,1.67,0.42,89.9,0.917,20.4,16.8,CRITICAL,Rapid-Rise,CRITICAL
2026-09-06 20:00:00,728.4,86.8,13.6,5.8,1.66,0.44,87.8,0.911,151.5,951.7,LOW,Rapid-Rise,CRITICAL
2026-09-06 20:30:00,700.1,84.7,11.1,5.84,1.66,0.59,88.9,0.917,77.7,370.6,MEDIUM,Rapid-Rise,CRITICAL
2026-09-06 21:00:00,260.2,85.5,6.0,5.81,1.57,0.48,87.0,0.827,46.3,307.1,HIGH,Rapid-Rise,CRITICAL
2026-09-06 21:30:00,631.2,81.6,9.7,5.54,1.71,0.57,88.6,0.901,55.7,133.4,HIGH,Rapid-Rise,CRITICAL
2026-09-06 22:00:00,491.2,75.4,9.3,5.67,1.72,0.43,86.0,0.897,130.6,930.4,LOW,Rapid-Rise,CRITICAL
2026-09-06 22:30:00,427.4,82.5,9.1,5.71,1.67,0.55,86.2,0.887,121.8,731.4,LOW,Rapid-Rise,CRITICAL
2026-09-06 23:00:00,789.1,86.5,14.3,5.84,1.65,0.44,87.2,0.905,148.0,724.5,LOW,Rapid-Rise,CRITICAL
2026-09-06 23:30:00,546.2,83.4,10.9,5.76,1.69,0.53,86.7,0.913,119.8,982.0,LOW,Rapid-Rise,CRITICAL
2026-09-07 00:00:00,737.7,75.6,13.6,5.81,1.68,0.5,88.6,0.922,161.3,950.8,LOW,Rapid-Rise,CRITICAL
2026-09-07 00:30:00,386.0,76.3,6.7,5.46,1.72,0.46,85.8,0.892,178.9,645.6,LOW,Rapid-Rise,CRITICAL
2026-09-07 01:00:00,345.8,78.5,6.9,5.46,1.71,0.46,88.4,0.915,181.3,558.6,LOW,Rapid-Rise,CRITICAL
2026-09-07 01:30:00,356.2,78.1,8.7,5.47,1.64,0.45,85.1,0.902,14.8,16.3,CRITICAL,Rapid-Rise,CRITICAL
2026-09-07 02:00:00,721.6,74.7,13.5,5.7,1.56,0.5,88.4,0.901,70.6,273.3,MEDIUM,Rapid-Rise,CRITICAL
2026-09-07 02:30:00,956.5,86.5,14.1,5.6,1.61,0.59,87.1,0.913,59.2,208.7,HIGH,Rapid-Rise,CRITICAL
2026-09-07 03:00:00,659.1,75.7,12.0,5.61,1.68,0.6,88.5,0.904,35.0,309.4,HIGH,Rapid-Rise,CRITICAL
2026-09-07 03:30:00,629.1,83.4,11.2,5.47,1.53,0.59,84.2,0.896,77.6,330.6,MEDIUM,Rapid-Rise,CRITICAL
2026-09-07 04:00:00,326.1,75.2,6.3,5.62,1.57,0.59,89.8,0.915,110.5,940.5,LOW,Rapid-Rise,CRITICAL
2026-09-07 04:30:00,825.0,77.3,14.0,5.6,1.53,0.57,84.6,0.9,16.6,52.2,CRITICAL,Rapid-Rise,CRITICAL
2026-09-07 05:00:00,498.8,73.3,10.7,5.8,1.52,0.56,84.2,0.883,119.7,981.0,LOW,Rapid-Rise,CRITICAL
2026-09-07 05:30:00,600.3,84.9,13.3,5.47,1.54,0.49,89.5,0.92,174.9,906.6,LOW,Rapid-Rise,CRITICAL
2026-09-07 06:00:00,291.8,85.9,6.2,5.79,1.65,0.52,87.4,0.864,155.5,872.5,LOW,Rapid-Rise,CRITICAL
2026-09-07 06:30:00,385.9,82.1,9.4,5.39,1.52,0.42,87.6,0.908,94.6,1003.6,LOW,Rapid-Rise,CRITICAL
2026-09-07 07:00:00,395.8,80.2,6.8,5.62,1.56,0.42,87.5,0.92,67.9,297.8,MEDIUM,Rapid-Rise,CRITICAL
2026-09-07 07:30:00,340.7,73.0,7.8,5.62,1.63,0.54,87.9,0.888,175.7,436.2,LOW,Rapid-Rise,CRITICAL
2026-09-07 08:00:00,508.5,72.2,12.8,5.58,1.5,0.57,83.8,0.874,87.1,352.3,MEDIUM,Rapid-Rise,CRITICAL
2026-09-07 08:30:00,555.9,78.3,14.1,5.41,1.69,0.53,84.7,0.889,16.2,106.0,CRITICAL,Rapid-Rise,CRITICAL
2026-09-07 09:00:00,501.9,80.7,9.5,5.63,1.65,0.45,85.4,0.895,183.4,790.8,LOW,Rapid-Rise,CRITICAL
2026-09-07 09:30:00,292.1,76.3,6.5,5.71,1.66,0.47,85.6,0.853,119.6,857.9,LOW,Rapid-Rise,CRITICAL
2026-09-07 10:00:00,340.4,77.5,7.3,5.65,1.6,0.41,84.0,0.861,65.4,536.1,LOW,Rapid-Rise,CRITICAL
2026-09-07 10:30:00,519.7,82.1,10.6,5.44,1.5,0.57,85.5,0.882,30.3,194.7,HIGH,Rapid-Rise,CRITICAL
2026-09-07 11:00:00,424.6,75.4,7.4,5.37,1.66,0.56,87.8,0.901,171.4,886.1,LOW,Rapid-Rise,CRITICAL
2026-09-07 11:30:00,520.3,84.8,9.7,5.67,1.66,0.49,85.5,0.904,100.4,975.5,LOW,Rapid-Rise,CRITICAL
2026-09-07 12:00:00,763.0,84.4,13.7,5.7,1.57,0.5,83.4,0.889,80.4,958.3,LOW,Rapid-Rise,CRITICAL
2026-09-07 12:30:00,566.7,84.7,11.4,5.4,1.5,0.46,86.3,0.895,105.1,1019.6,LOW,Rapid-Rise,CRITICAL
2026-09-07 13:00:00,390.1,71.9,9.9,5.35,1.59,0.55,87.2,0.895,73.7,408.1,MEDIUM,Rapid-Rise,CRITICAL
2026-09-07 13:30:00,456.7,83.3,6.9,5.3,1.67,0.46,85.3,0.89,62.6,327.5,MEDIUM,Rapid-Rise,CRITICAL
2026-09-07 14:00:00,425.9,71.7,9.1,5.52,1.56,0.45,88.5,0.917,167.7,1027.1,LOW,Rapid-Rise,CRITICAL
2026-09-07 14:30:00,376.6,84.2,6.1,5.66,1.66,0.5,83.5,0.865,176.8,1072.9,LOW,Rapid-Rise,CRITICAL
2026-09-07 15:00:00,388.7,75.6,6.7,5.34,1.67,0.57,84.0,0.889,16.6,175.0,CRITICAL,Rapid-Rise,CRITICAL
2026-09-07 15:30:00,589.6,78.5,10.2,5.55,1.49,0.41,83.5,0.875,146.2,635.5,LOW,Rapid-Rise,CRITICAL
2026-09-07 16:00:00,422.8,80.5,10.5,5.59,1.64,0.55,83.6,0.861,125.0,384.6,LOW,Rapid-Rise,CRITICAL
2026-09-07 16:30:00,284.0,82.9,5.9,5.59,1.63,0.56,84.7,0.853,125.2,443.8,LOW,Rapid-Rise,CRITICAL
2026-09-07 17:00:00,458.5,83.2,9.5,5.59,1.64,0.48,87.4,0.906,150.9,962.3,LOW,Rapid-Rise,CRITICAL
2026-09-07 17:30:00,366.5,70.7,10.1,5.28,1.56,0.55,83.8,0.863,53.5,494.9,MEDIUM,Rapid-Rise,CRITICAL
2026-09-07 18:00:00,299.9,73.8,6.0,5.63,1.6,0.49,87.4,0.855,61.1,286.6,HIGH,Rapid-Rise,CRITICAL
2026-09-07 18:30:00,683.5,78.8,11.5,5.51,1.53,0.46,84.6,0.883,163.4,1029.9,LOW,Rapid-Rise,CRITICAL
2026-09-07 19:00:00,721.8,80.9,11.9,5.37,1.6,0.41,84.9,0.899,86.2,742.6,LOW,Rapid-Rise,CRITICAL
2026-09-07 19:30:00,414.3,76.6,10.4,5.57,1.48,0.46,85.6,0.885,55.4,432.1,MEDIUM,Rapid-Rise,CRITICAL
2026-09-07 20:00:00,408.8,72.0,10.1,5.24,1.5,0.47,82.7,0.874,47.5,214.1,HIGH,Rapid-Rise,CRITICAL
2026-09-07 20:30:00,756.8,76.8,13.1,5.43,1.63,0.38,81.8,0.875,91.8,966.7,LOW,Rapid-Rise,CRITICAL
2026-09-07 21:00:00,564.3,78.6,14.3,5.3,1.58,0.54,86.3,0.888,84.6,1042.7,LOW,Rapid-Rise,CRITICAL
2026-09-07 21:30:00,412.2,80.8,8.8,5.47,1.58,0.44,83.8,0.878,63.3,299.6,MEDIUM,Rapid-Rise,CRITICAL
2026-09-07 22:00:00,283.0,70.3,7.6,5.33,1.57,0.5,85.3,0.845,97.0,940.2,LOW,Rapid-Rise,CRITICAL
2026-09-07 22:30:00,601.8,80.4,9.6,5.33,1.6,0.49,86.5,0.904,95.2,645.5,LOW,Rapid-Rise,CRITICAL
2026-09-07 23:00:00,366.8,75.9,6.7,5.4,1.5,0.47,83.1,0.875,164.3,1044.9,LOW,Rapid-Rise,CRITICAL
2026-09-07 23:30:00,440.7,72.9,8.8,5.4,1.53,0.45,84.2,0.868,184.3,701.0,LOW,Rapid-Rise,CRITICAL
2026-09-08 00:00:00,358.0,71.1,8.0,5.43,1.56,0.45,83.6,0.871,117.1,796.2,LOW,Rapid-Rise,CRITICAL
2026-09-08 00:30:00,596.0,71.9,12.6,5.17,1.58,0.4,85.8,0.895,36.2,298.4,HIGH,Rapid-Rise,CRITICAL
2026-09-08 01:00:00,276.4,69.0,7.3,5.16,1.59,0.39,81.5,0.823,132.5,1099.9,LOW,Rapid-Rise,CRITICAL
2026-09-08 01:30:00,473.1,79.9,7.7,5.48,1.44,0.36,82.4,0.878,15.7,87.5,CRITICAL,Rapid-Rise,CRITICAL
2026-09-08 02:00:00,378.4,75.6,8.4,5.19,1.44,0.39,83.1,0.873,71.4,238.9,MEDIUM,Rapid-Rise,CRITICAL
2026-09-08 02:30:00,438.1,71.7,9.6,5.15,1.6,0.38,83.4,0.873,110.9,759.7,LOW,Rapid-Rise,CRITICAL
2026-09-08 03:00:00,542.0,81.0,9.6,5.49,1.48,0.53,86.1,0.901,86.7,1007.6,LOW,Rapid-Rise,CRITICAL
2026-09-08 03:30:00,415.2,79.7,7.3,5.4,1.52,0.47,83.1,0.878,55.3,319.5,HIGH,Rapid-Rise,CRITICAL
2026-09-08 04:00:00,339.8,81.1,6.8,5.34,1.41,0.36,83.9,0.873,31.2,183.6,HIGH,Rapid-Rise,CRITICAL
2026-09-08 04:30:00,411.0,79.8,6.6,5.37,1.46,0.42,81.4,0.868,45.9,464.7,MEDIUM,Rapid-Rise,CRITICAL
2026-09-08 05:00:00,471.4,69.6,10.3,5.47,1.47,0.35,83.0,0.878,87.1,773.4,LOW,Rapid-Rise,CRITICAL
2026-09-08 05:30:00,679.7,68.2,13.4,5.45,1.4,0.46,85.3,0.901,152.7,805.0,LOW,Rapid-Rise,CRITICAL
2026-09-08 06:00:00,719.9,76.1,12.5,5.4,1.54,0.5,81.2,0.845,177.2,690.6,LOW,Rapid-Rise,CRITICAL
2026-09-08 06:30:00,382.2,78.2,6.6,5.31,1.52,0.44,85.4,0.878,138.5,637.0,LOW,Rapid-Rise,CRITICAL
2026-09-08 07:00:00,618.5,77.3,12.8,5.21,1.43,0.33,82.5,0.879,49.6,460.6,MEDIUM,Rapid-Rise,CRITICAL
2026-09-08 07:30:00,676.0,72.0,14.3,5.2,1.44,0.47,81.8,0.867,128.5,418.5,LOW,Rapid-Rise,CRITICAL
2026-09-08 08:00:00,343.2,76.0,7.6,5.25,1.57,0.44,81.5,0.849,128.4,1020.5,LOW,Rapid-Rise,CRITICAL
2026-09-08 08:30:00,554.4,74.3,13.4,5.14,1.57,0.33,79.8,0.834,177.2,800.2,LOW,Rapid-Rise,CRITICAL
2026-09-08 09:00:00,275.5,69.3,7.7,5.25,1.5,0.5,84.3,0.837,16.2,69.3,CRITICAL,Rapid-Rise,CRITICAL
2026-09-08 09:30:00,486.5,69.5,13.8,5.05,1.5,0.41,82.8,0.855,52.8,261.3,HIGH,Rapid-Rise,CRITICAL
2026-09-08 10:00:00,722.4,68.3,13.9,5.2,1.47,0.44,81.5,0.867,56.5,291.1,HIGH,Rapid-Rise,CRITICAL
2026-09-08 10:30:00,390.0,73.1,9.4,5.04,1.43,0.42,82.1,0.864,28.8,201.4,HIGH,Rapid-Rise,CRITICAL
2026-09-08 11:00:00,289.5,78.8,6.4,5.29,1.41,0.46,80.0,0.804,58.1,318.9,MEDIUM,Rapid-Rise,CRITICAL
2026-09-08 11:30:00,233.1,67.2,6.7,5.09,1.49,0.35,84.3,0.784,122.1,777.0,LOW,Rapid-Rise,CRITICAL
2026-09-08 12:00:00,500.8,78.0,9.7,5.18,1.48,0.48,84.4,0.881,152.5,704.9,LOW,Rapid-Rise,CRITICAL
2026-09-08 12:30:00,742.1,73.9,13.4,4.98,1.48,0.43,81.7,0.854,31.4,138.1,CRITICAL,Rapid-Rise,CRITICAL
2026-09-08 13:00:00,467.5,74.2,9.4,5.23,1.51,0.37,79.4,0.834,61.8,197.7,HIGH,Rapid-Rise,CRITICAL
2026-09-08 13:30:00,272.0,78.9,6.2,5.23,1.39,0.47,83.9,0.833,136.8,593.9,LOW,Rapid-Rise,CRITICAL
2026-09-08 14:00:00,216.0,69.5,5.4,5.1,1.43,0.47,80.4,0.744,48.4,189.0,HIGH,Rapid-Rise,CRITICAL
2026-09-08 14:30:00,478.7,71.4,12.7,5.33,1.38,0.44,82.9,0.881,121.3,697.5,LOW,Rapid-Rise,CRITICAL
2026-09-08 15:00:00,668.7,78.8,13.7,5.11,1.45,0.36,78.8,0.83,120.5,1026.8,LOW,Rapid-Rise,CRITICAL
2026-09-08 15:30:00,615.6,69.7,13.7,5.0,1.35,0.48,82.9,0.885,49.7,126.1,HIGH,Rapid-Rise,CRITICAL
2026-09-08 16:00:00,566.8,74.5,13.5,5.2,1.53,0.36,80.9,0.86,177.6,1048.9,LOW,Rapid-Rise,CRITICAL
2026-09-08 16:30:00,346.0,70.2,7.9,5.03,1.43,0.4,81.0,0.867,16.8,74.3,CRITICAL,Rapid-Rise,CRITICAL
2026-09-08 17:00:00,538.6,68.0,11.1,5.21,1.5,0.36,82.7,0.88,83.5,997.9,LOW,Rapid-Rise,CRITICAL
2026-09-08 17:30:00,491.5,65.7,12.7,4.94,1.41,0.33,79.9,0.842,47.3,538.3,MEDIUM,Rapid-Rise,CRITICAL
2026-09-08 18:00:00,486.2,71.9,12.7,5.04,1.47,0.49,82.0,0.873,74.1,471.3,MEDIUM,Rapid-Rise,CRITICAL
2026-09-08 18:30:00,456.7,69.1,10.6,5.24,1.33,0.47,83.4,0.871,51.6,214.1,HIGH,Rapid-Rise,CRITICAL
2026-09-08 19:00:00,300.0,72.4,6.7,4.92,1.38,0.33,77.8,0.806,39.6,537.4,MEDIUM,Rapid-Rise,CRITICAL
2026-09-08 19:30:00,255.5,68.0,6.2,5.19,1.5,0.41,78.9,0.762,122.9,522.4,LOW,Rapid-Rise,CRITICAL
2026-09-08 20:00:00,201.9,65.2,5.7,4.92,1.4,0.32,82.7,0.761,20.0,30.9,CRITICAL,Rapid-Rise,CRITICAL
2026-09-08 20:30:00,262.9,72.3,6.7,4.98,1.32,0.43,82.1,0.813,65.9,540.9,LOW,Rapid-Rise,HIGH
2026-09-08 21:00:00,296.3,72.4,6.7,5.1,1.33,0.47,83.0,0.824,110.2,1023.3,LOW,Rapid-Rise,CRITICAL
2026-09-08 21:30:00,290.4,75.1,5.5,4.9,1.44,0.44,77.7,0.792,106.4,753.9,LOW,Rapid-Rise,HIGH
2026-09-08 22:00:00,629.9,67.8,14.3,4.83,1.4,0.4,83.1,0.864,99.5,583.0,LOW,Rapid-Rise,CRITICAL
2026-09-08 22:30:00,575.7,68.9,14.1,5.08,1.41,0.36,77.2,0.826,179.4,825.3,LOW,Rapid-Rise,CRITICAL
2026-09-08 23:00:00,416.7,65.7,9.0,5.01,1.37,0.42,79.1,0.834,43.3,458.5,MEDIUM,Rapid-Rise,CRITICAL
2026-09-08 23:30:00,474.4,74.4,10.4,4.87,1.41,0.44,82.4,0.866,36.7,312.6,HIGH,Rapid-Rise,CRITICAL
2026-09-09 00:00:00,413.5,72.1,9.7,5.0,1.46,0.35,81.2,0.869,135.1,705.2,LOW,Rapid-Rise,CRITICAL
2026-09-09 00:30:00,442.5,69.6,11.4,5.03,1.42,0.31,82.0,0.851,181.2,662.1,LOW,Rapid-Rise,CRITICAL
2026-09-09 01:00:00,376.8,76.1,8.4,4.98,1.43,0.34,82.5,0.856,162.5,646.9,LOW,Rapid-Rise,CRITICAL
2026-09-09 01:30:00,541.9,73.4,10.2,5.13,1.42,0.45,80.3,0.852,41.3,537.9,MEDIUM,Rapid-Rise,CRITICAL
2026-09-09 02:00:00,770.0,75.2,14.1,5.01,1.42,0.42,81.9,0.868,74.3,343.7,MEDIUM,Rapid-Rise,CRITICAL
2026-09-09 02:30:00,417.4,68.4,11.6,5.08,1.41,0.31,82.2,0.864,51.4,402.0,MEDIUM,Rapid-Rise,CRITICAL
2026-09-09 03:00:00,379.8,70.1,10.1,4.92,1.39,0.29,79.8,0.86,151.2,834.1,LOW,Rapid-Rise,CRITICAL
2026-09-09 03:30:00,366.4,75.8,7.1,4.97,1.43,0.38,81.0,0.867,27.8,153.1,CRITICAL,Rapid-Rise,CRITICAL
2026-09-09 04:00:00,524.2,62.6,13.6,4.78,1.29,0.41,76.1,0.81,38.5,369.4,HIGH,Rapid-Rise,CRITICAL
2026-09-09 04:30:00,309.7,75.1,7.2,4.98,1.43,0.38,80.1,0.818,62.4,122.1,HIGH,Rapid-Rise,CRITICAL
2026-09-09 05:00:00,225.0,68.7,5.9,4.87,1.29,0.37,77.0,0.74,156.2,487.2,LOW,Rapid-Rise,HIGH
2026-09-09 05:30:00,228.2,73.7,5.4,4.94,1.39,0.34,78.2,0.745,111.5,866.9,LOW,Rapid-Rise,HIGH
2026-09-09 06:00:00,225.9,63.2,5.3,5.06,1.46,0.4,77.9,0.73,71.3,532.6,LOW,Rapid-Rise,CRITICAL
2026-09-09 06:30:00,676.8,74.7,12.0,4.76,1.36,0.29,80.8,0.847,169.4,710.7,LOW,Rapid-Rise,HIGH
2026-09-09 07:00:00,245.7,65.4,5.8,4.85,1.34,0.26,79.2,0.765,167.3,867.5,LOW,Rapid-Rise,HIGH
2026-09-09 07:30:00,320.1,63.3,6.4,4.67,1.43,0.41,79.1,0.82,125.6,899.6,LOW,Rapid-Rise,HIGH
2026-09-09 08:00:00,637.4,68.8,12.9,4.9,1.3,0.38,76.4,0.824,47.4,168.7,HIGH,Rapid-Rise,CRITICAL
2026-09-09 08:30:00,239.0,66.3,5.3,4.91,1.38,0.27,78.5,0.765,36.0,436.5,HIGH,Rapid-Rise,CRITICAL
2026-09-09 09:00:00,467.8,66.3,11.6,4.69,1.37,0.24,76.4,0.818,29.1,110.8,CRITICAL,Rapid-Rise,CRITICAL
2026-09-09 09:30:00,410.5,68.2,7.8,4.81,1.28,0.41,75.1,0.808,141.6,412.6,LOW,Rapid-Rise,HIGH
2026-09-09 10:00:00,354.9,71.9,6.2,4.82,1.33,0.4,79.3,0.843,176.9,355.3,LOW,Rapid-Rise,HIGH
2026-09-09 10:30:00,417.5,67.6,8.1,4.69,1.38,0.32,74.9,0.806,41.6,384.4,HIGH,Rapid-Rise,CRITICAL
2026-09-09 11:00:00,533.2,71.7,9.5,4.7,1.27,0.4,78.7,0.834,74.5,204.9,HIGH,Rapid-Rise,CRITICAL
2026-09-09 11:30:00,330.1,61.3,7.7,4.71,1.23,0.29,77.7,0.822,98.8,472.9,LOW,Rapid-Rise,HIGH
2026-09-09 12:00:00,510.8,66.4,13.5,4.75,1.32,0.27,77.4,0.824,139.0,769.3,LOW,Rapid-Rise,HIGH
2026-09-09 12:30:00,601.9,69.1,14.1,4.7,1.35,0.39,77.4,0.838,67.7,428.7,MEDIUM,Rapid-Rise,CRITICAL
2026-09-09 13:00:00,327.9,62.1,9.6,4.65,1.34,0.42,78.6,0.808,106.9,773.5,LOW,Rapid-Rise,HIGH
2026-09-09 13:30:00,441.1,72.4,11.3,4.61,1.28,0.24,79.1,0.831,56.2,303.7,HIGH,Rapid-Rise,CRITICAL
2026-09-09 14:00:00,395.1,60.0,8.6,4.61,1.33,0.29,74.3,0.798,66.5,148.4,HIGH,Rapid-Rise,CRITICAL
2026-09-09 14:30:00,571.7,63.3,11.5,4.71,1.36,0.36,78.0,0.834,59.0,271.2,HIGH,Rapid-Rise,CRITICAL
2026-09-09 15:00:00,388.7,65.4,9.1,4.78,1.28,0.25,74.8,0.821,177.3,944.9,LOW,Rapid-Rise,HIGH
2026-09-09 15:30:00,315.9,68.4,9.1,4.54,1.32,0.32,75.2,0.8,182.0,740.9,LOW,Rapid-Rise,HIGH
2026-09-09 16:00:00,583.1,60.4,13.3,4.63,1.36,0.37,76.1,0.823,149.7,651.6,LOW,Rapid-Rise,HIGH
2026-09-09 16:30:00,532.8,67.1,13.2,4.5,1.24,0.29,76.5,0.822,110.3,942.6,LOW,Rapid-Rise,HIGH
2026-09-09 17:00:00,359.1,59.8,7.8,4.8,1.36,0.3,74.2,0.805,38.4,208.4,HIGH,Rapid-Rise,CRITICAL
2026-09-09 17:30:00,411.9,63.5,11.4,4.65,1.28,0.38,77.3,0.814,67.8,201.5,HIGH,Rapid-Rise,CRITICAL
2026-09-09 18:00:00,455.3,63.5,10.6,4.67,1.32,0.31,76.6,0.813,147.6,620.6,LOW,Rapid-Rise,HIGH
2026-09-09 18:30:00,235.8,64.8,6.6,4.54,1.3,0.39,77.5,0.75,133.2,1018.8,LOW,Rapid-Rise,HIGH
2026-09-09 19:00:00,234.6,70.9,6.5,4.65,1.34,0.25,77.0,0.749,45.8,380.8,HIGH,Rapid-Rise,CRITICAL
2026-09-09 19:30:00,432.9,62.1,11.9,4.67,1.2,0.29,74.3,0.808,137.1,644.7,LOW,Rapid-Rise,HIGH
2026-09-09 20:00:00,198.9,61.3,6.2,4.61,1.31,0.28,73.8,0.701,180.0,705.0,LOW,Rapid-Rise,HIGH
2026-09-09 20:30:00,480.2,61.0,13.8,4.57,1.23,0.19,73.7,0.797,159.4,658.3,LOW,Rapid-Rise,HIGH
2026-09-09 21:00:00,250.5,58.5,7.4,4.57,1.34,0.21,73.8,0.723,164.6,1088.7,LOW,Rapid-Rise,HIGH
2026-09-09 21:30:00,430.3,60.5,12.9,4.47,1.33,0.3,73.8,0.793,75.0,133.8,HIGH,Rapid-Rise,CRITICAL
2026-09-09 22:00:00,304.7,68.6,8.3,4.51,1.34,0.32,74.0,0.765,62.3,183.3,HIGH,Rapid-Rise,CRITICAL
2026-09-09 22:30:00,377.6,61.0,9.2,4.57,1.21,0.3,74.0,0.791,144.4,410.8,LOW,Rapid-Rise,HIGH
2026-09-09 23:00:00,471.3,59.6,11.5,4.41,1.21,0.23,74.4,0.81,39.9,167.8,HIGH,Rapid-Rise,CRITICAL
2026-09-09 23:30:00,406.7,67.5,8.7,4.52,1.18,0.23,73.1,0.814,115.1,725.8,LOW,Rapid-Rise,HIGH
2026-09-10 00:00:00,292.4,67.1,7.3,4.56,1.27,0.3,74.9,0.769,144.3,777.4,LOW,Rapid-Rise,HIGH
2026-09-10 00:30:00,257.4,56.7,7.1,4.73,1.3,0.23,75.8,0.74,149.9,515.2,LOW,Rapid-Rise,HIGH
2026-09-10 01:00:00,538.4,59.1,12.9,4.52,1.18,0.24,77.1,0.821,41.7,259.4,HIGH,Rapid-Rise,CRITICAL
2026-09-10 01:30:00,196.8,66.6,5.6,4.68,1.18,0.37,73.1,0.679,94.8,830.0,LOW,Rapid-Rise,HIGH
2026-09-10 02:00:00,277.0,58.7,8.4,4.34,1.14,0.33,73.1,0.757,83.9,669.3,LOW,Rapid-Rise,HIGH
2026-09-10 02:30:00,302.4,57.8,10.3,4.47,1.29,0.29,75.9,0.793,170.0,805.4,LOW,Rapid-Rise,HIGH
2026-09-10 03:00:00,222.4,68.0,6.3,4.57,1.3,0.29,71.5,0.707,70.5,302.6,MEDIUM,Rapid-Rise,HIGH
2026-09-10 03:30:00,280.6,57.0,7.3,4.41,1.14,0.34,72.0,0.752,183.4,411.0,LOW,Rapid-Rise,HIGH
2026-09-10 04:00:00,483.8,66.4,13.1,4.65,1.31,0.2,74.8,0.796,83.9,1096.3,LOW,Rapid-Rise,HIGH
2026-09-10 04:30:00,468.3,64.5,13.6,4.62,1.15,0.27,72.6,0.806,133.4,761.0,LOW,Rapid-Rise,HIGH
2026-09-10 05:00:00,199.1,61.9,5.2,4.51,1.18,0.28,76.7,0.706,99.4,546.0,LOW,Rapid-Rise,HIGH
2026-09-10 05:30:00,162.7,56.3,5.5,4.4,1.27,0.18,74.6,0.661,50.6,330.0,HIGH,Rapid-Rise,HIGH
2026-09-10 06:00:00,442.3,68.0,12.5,4.3,1.3,0.27,74.9,0.804,157.8,904.9,LOW,Rapid-Rise,HIGH
2026-09-10 06:30:00,377.6,61.4,10.3,4.59,1.19,0.24,75.9,0.826,133.5,806.6,LOW,Rapid-Rise,HIGH
2026-09-10 07:00:00,271.0,59.6,7.0,4.46,1.21,0.28,73.7,0.736,155.9,642.5,LOW,Rapid-Rise,HIGH
2026-09-10 07:30:00,312.5,64.8,9.1,4.32,1.17,0.19,74.4,0.779,29.9,15.9,CRITICAL,Rapid-Rise,CRITICAL
2026-09-10 08:00:00,620.2,62.6,12.5,4.5,1.16,0.31,75.5,0.809,103.8,925.6,LOW,Rapid-Rise,HIGH
2026-09-10 08:30:00,443.2,67.9,10.4,4.27,1.09,0.27,72.0,0.794,93.0,1037.9,LOW,Rapid-Rise,HIGH
2026-09-10 09:00:00,449.5,66.1,9.2,4.3,1.1,0.16,72.3,0.777,126.7,634.8,LOW,Rapid-Rise,HIGH
2026-09-10 09:30:00,208.6,55.6,7.4,4.31,1.23,0.31,71.7,0.698,98.8,1087.0,LOW,Rapid-Rise,HIGH
2026-09-10 10:00:00,239.1,59.7,7.0,4.26,1.11,0.19,74.4,0.732,144.1,1058.9,LOW,Rapid-Rise,HIGH
2026-09-10 10:30:00,488.2,64.0,12.2,4.46,1.21,0.21,72.4,0.788,50.7,496.5,MEDIUM,Rapid-Rise,HIGH
2026-09-10 11:00:00,475.7,64.9,12.1,4.17,1.25,0.17,70.6,0.772,69.3,471.6,MEDIUM,Rapid-Rise,HIGH
2026-09-10 11:30:00,300.9,60.0,7.4,4.33,1.19,0.15,71.4,0.752,41.4,187.9,HIGH,Rapid-Rise,HIGH
2026-09-10 12:00:00,527.1,66.2,11.6,4.52,1.17,0.28,71.3,0.784,40.0,458.2,MEDIUM,Rapid-Rise,HIGH
2026-09-10 12:30:00,365.1,65.5,7.1,4.13,1.17,0.14,70.6,0.776,101.4,551.9,LOW,Rapid-Rise,HIGH
2026-09-10 13:00:00,158.6,56.8,5.3,4.15,1.17,0.14,70.0,0.636,109.6,589.9,LOW,Rapid-Rise,HIGH
2026-09-10 13:30:00,256.8,62.7,6.8,4.47,1.19,0.17,74.2,0.752,76.9,226.5,MEDIUM,Rapid-Rise,HIGH
2026-09-10 14:00:00,215.1,53.9,7.4,4.19,1.13,0.16,72.0,0.683,36.3,291.1,HIGH,Rapid-Rise,HIGH
2026-09-10 14:30:00,218.9,58.4,7.2,4.15,1.16,0.23,69.6,0.67,43.1,284.4,HIGH,Rapid-Rise,HIGH
2026-09-10 15:00:00,456.9,64.2,10.2,4.1,1.18,0.13,74.4,0.803,23.4,32.4,CRITICAL,Rapid-Rise,CRITICAL
2026-09-10 15:30:00,304.8,66.3,8.2,4.14,1.2,0.28,71.6,0.767,76.7,241.0,MEDIUM,Rapid-Rise,HIGH
2026-09-10 16:00:00,323.6,58.2,7.5,4.31,1.12,0.25,72.2,0.774,170.8,415.4,LOW,Rapid-Rise,HIGH
2026-09-10 16:30:00,280.4,52.8,9.7,4.13,1.21,0.12,70.8,0.73,137.4,892.4,LOW,Rapid-Rise,HIGH
2026-09-10 17:00:00,529.3,63.0,13.2,4.4,1.2,0.18,70.5,0.776,73.8,248.5,MEDIUM,Rapid-Rise,HIGH
2026-09-10 17:30:00,231.2,55.3,5.3,4.36,1.04,0.18,69.6,0.691,74.0,437.8,MEDIUM,Rapid-Rise,HIGH
2026-09-10 18:00:00,476.1,53.7,12.9,4.1,1.13,0.18,68.3,0.75,119.0,913.3,LOW,Rapid-Rise,HIGH
2026-09-10 18:30:00,324.5,60.7,7.0,4.39,1.06,0.24,69.8,0.745,125.3,586.2,LOW,Rapid-Rise,HIGH
2026-09-10 19:00:00,158.4,51.7,5.0,4.3,1.02,0.13,67.9,0.63,88.1,888.0,LOW,Rapid-Rise,HIGH
2026-09-10 19:30:00,497.9,61.7,13.7,4.03,1.17,0.2,73.3,0.794,168.5,665.0,LOW,Rapid-Rise,HIGH
2026-09-10 20:00:00,481.4,61.4,13.6,4.3,1.03,0.24,71.0,0.776,55.1,194.9,HIGH,Rapid-Rise,HIGH
2026-09-10 20:30:00,307.1,55.5,8.6,3.97,1.04,0.13,68.8,0.728,150.0,1068.3,LOW,Rapid-Rise,HIGH
2026-09-10 21:00:00,201.8,57.3,6.6,4.05,1.07,0.13,73.2,0.693,108.8,1020.5,LOW,Rapid-Rise,HIGH
2026-09-10 21:30:00,606.0,60.7,12.7,4.31,1.05,0.21,69.5,0.774,137.5,818.7,LOW,Rapid-Rise,HIGH
2026-09-10 22:00:00,383.6,58.7,11.0,4.04,1.15,0.22,68.9,0.753,55.5,258.2,HIGH,Rapid-Rise,HIGH
2026-09-10 22:30:00,262.4,50.8,9.9,3.97,1.06,0.15,72.2,0.721,159.7,744.7,LOW,Rapid-Rise,HIGH
2026-09-10 23:00:00,330.2,53.8,8.0,4.09,1.14,0.19,69.8,0.759,130.9,923.4,LOW,Rapid-Rise,HIGH
2026-09-10 23:30:00,466.8,55.3,10.8,4.19,1.13,0.21,69.3,0.758,36.8,395.9,HIGH,Rapid-Rise,HIGH
2026-09-11 00:00:00,171.7,51.7,5.1,4.01,0.98,0.24,67.1,0.621,95.7,883.3,LOW,Rapid-Rise,HIGH
2026-09-11 00:30:00,368.3,53.6,9.1,4.04,0.98,0.13,67.8,0.769,63.6,441.0,MEDIUM,Rapid-Rise,HIGH
2026-09-11 01:00:00,180.7,59.2,5.8,3.99,1.15,0.15,67.5,0.638,71.7,398.5,MEDIUM,Rapid-Rise,HIGH
2026-09-11 01:30:00,362.4,58.8,11.0,4.01,0.99,0.19,70.4,0.785,98.9,1040.3,LOW,Rapid-Rise,HIGH
2026-09-11 02:00:00,457.1,55.3,10.8,3.98,1.07,0.18,70.6,0.794,31.0,81.6,CRITICAL,Rapid-Rise,HIGH
2026-09-11 02:30:00,337.1,50.3,10.7,3.95,1.07,0.19,66.3,0.749,53.4,521.7,MEDIUM,Rapid-Rise,HIGH
2026-09-11 03:00:00,241.1,58.0,6.9,4.1,1.13,0.13,66.6,0.663,168.8,514.3,LOW,Rapid-Rise,HIGH
2026-09-11 03:30:00,230.6,51.5,8.3,4.02,1.13,0.25,68.1,0.678,117.0,400.5,LOW,Rapid-Rise,HIGH
2026-09-11 04:00:00,475.4,57.7,13.1,4.16,1.06,0.24,69.1,0.756,143.4,1008.0,LOW,Rapid-Rise,HIGH
2026-09-11 04:30:00,360.3,55.9,9.6,4.19,1.11,0.19,70.0,0.778,26.8,102.1,CRITICAL,Rapid-Rise,CRITICAL
2026-09-11 05:00:00,219.8,55.4,7.7,4.13,1.08,0.14,71.4,0.684,43.2,269.4,HIGH,Rapid-Rise,HIGH
2026-09-11 05:30:00,156.6,51.8,5.3,3.88,1.13,0.09,68.9,0.631,136.3,357.5,LOW,Rapid-Rise,HIGH
2026-09-11 06:00:00,216.4,49.6,6.4,3.93,1.05,0.16,68.1,0.665,130.0,362.7,LOW,Rapid-Rise,HIGH
2026-09-11 06:30:00,333.9,51.1,10.6,3.83,1.01,0.09,67.6,0.746,72.3,322.3,MEDIUM,Rapid-Rise,HIGH
2026-09-11 07:00:00,257.7,54.2,7.7,3.98,1.07,0.09,66.9,0.69,23.2,178.8,CRITICAL,Rapid-Rise,HIGH
2026-09-11 07:30:00,393.9,57.6,12.1,3.74,1.07,0.15,69.4,0.783,65.4,345.2,MEDIUM,Rapid-Rise,HIGH
2026-09-11 08:00:00,256.9,57.3,7.3,3.99,1.07,0.11,66.2,0.687,71.1,297.7,MEDIUM,Rapid-Rise,HIGH
2026-09-11 08:30:00,268.4,57.9,9.2,3.71,0.96,0.24,69.7,0.702,160.3,854.4,LOW,Rapid-Rise,HIGH
2026-09-11 09:00:00,264.9,56.6,7.5,3.83,0.94,0.06,70.1,0.722,179.4,1006.0,LOW,Rapid-Rise,HIGH
2026-09-11 09:30:00,211.2,60.1,5.4,3.93,0.92,0.14,69.3,0.677,48.2,288.3,HIGH,Rapid-Rise,HIGH
2026-09-11 10:00:00,288.9,56.0,6.6,3.71,0.97,0.08,65.8,0.696,83.6,986.8,LOW,Rapid-Rise,HIGH
2026-09-11 10:30:00,184.0,46.9,7.0,3.96,1.04,0.16,68.2,0.646,116.0,1090.9,LOW,Rapid-Rise,HIGH
2026-09-11 11:00:00,202.8,51.7,6.5,3.7,1.04,0.17,65.3,0.62,134.9,904.7,LOW,Rapid-Rise,HIGH
2026-09-11 11:30:00,383.3,59.8,10.7,3.9,0.98,0.05,64.3,0.72,151.5,937.8,LOW,Rapid-Rise,HIGH
2026-09-11 12:00:00,277.1,53.3,7.8,3.92,0.98,0.05,68.5,0.704,69.0,242.1,HIGH,Rapid-Rise,HIGH
2026-09-11 12:30:00,199.3,53.8,7.1,3.87,0.96,0.19,66.8,0.655,99.8,1024.6,LOW,Rapid-Rise,HIGH
2026-09-11 13:00:00,318.2,47.1,12.6,3.78,1.0,0.12,67.1,0.744,54.6,432.1,MEDIUM,Rapid-Rise,HIGH
2026-09-11 13:30:00,237.3,51.7,7.6,3.99,0.98,0.23,67.7,0.674,151.3,640.0,LOW,Rapid-Rise,HIGH
2026-09-11 14:00:00,406.8,54.9,10.4,3.95,0.99,0.19,69.1,0.779,109.4,771.4,LOW,Rapid-Rise,HIGH
2026-09-11 14:30:00,418.9,48.2,11.5,3.71,1.04,0.17,66.2,0.739,151.9,657.0,LOW,Rapid-Rise,HIGH
2026-09-11 15:00:00,351.8,48.7,10.9,3.71,1.04,0.09,67.8,0.755,177.5,1036.7,LOW,Rapid-Rise,HIGH
2026-09-11 15:30:00,275.3,46.5,9.7,3.74,0.93,0.1,64.2,0.685,175.7,773.2,LOW,Rapid-Rise,HIGH
2026-09-11 16:00:00,487.9,55.8,11.1,3.71,1.01,0.17,63.0,0.727,32.2,174.9,CRITICAL,Rapid-Rise,HIGH
2026-09-11 16:30:00,284.7,45.4,10.2,3.64,0.97,0.08,63.0,0.663,103.9,751.2,LOW,Rapid-Rise,HIGH
2026-09-11 17:00:00,203.9,44.8,8.4,3.91,1.04,0.19,67.0,0.664,107.3,761.8,LOW,Rapid-Rise,HIGH
2026-09-11 17:30:00,216.0,55.3,5.8,3.7,0.94,0.18,63.9,0.648,40.4,127.5,HIGH,Rapid-Rise,HIGH
2026-09-11 18:00:00,230.4,55.3,6.4,3.68,1.04,0.08,62.5,0.638,122.8,784.5,LOW,Rapid-Rise,HIGH
2026-09-11 18:30:00,240.3,53.6,7.5,3.84,1.0,0.17,65.9,0.672,96.6,375.5,LOW,Rapid-Rise,HIGH
2026-09-11 19:00:00,317.9,47.0,11.8,3.5,0.92,0.15,67.9,0.729,184.1,552.9,LOW,Rapid-Rise,HIGH
2026-09-11 19:30:00,346.7,51.5,9.3,3.79,0.88,0.13,65.2,0.734,99.0,750.3,LOW,Rapid-Rise,HIGH
2026-09-11 20:00:00,143.7,46.9,5.8,3.64,1.03,0.16,67.3,0.593,34.1,70.8,CRITICAL,Rapid-Rise,HIGH
2026-09-11 20:30:00,201.5,44.4,8.9,3.47,0.89,0.01,62.4,0.612,62.8,172.5,HIGH,Rapid-Rise,HIGH
2026-09-11 21:00:00,315.2,54.4,11.5,3.72,0.83,0.18,67.6,0.726,172.1,688.1,LOW,Rapid-Rise,HIGH
2026-09-11 21:30:00,381.2,47.1,12.8,3.57,0.97,0.04,64.6,0.735,54.2,292.8,HIGH,Rapid-Rise,HIGH
2026-09-11 22:00:00,311.3,52.2,11.7,3.48,0.94,0.01,64.7,0.71,175.7,633.5,LOW,Rapid-Rise,HIGH
2026-09-11 22:30:00,221.8,44.7,6.3,3.69,0.88,0.01,65.2,0.634,125.3,882.3,LOW,Rapid-Rise,HIGH
2026-09-11 23:00:00,167.0,44.2,4.9,3.55,0.94,0.03,63.1,0.588,141.4,783.4,LOW,Rapid-Rise,HIGH
2026-09-11 23:30:00,230.2,43.7,9.5,3.7,0.92,0.11,64.7,0.639,138.1,521.2,LOW,Rapid-Rise,HIGH
2026-09-12 00:00:00,207.4,50.3,6.5,3.73,0.89,0.08,61.3,0.617,121.5,973.5,LOW,Rapid-Rise,HIGH
2026-09-12 00:30:00,385.4,55.7,9.0,3.69,0.97,0.16,65.9,0.755,14.9,58.6,CRITICAL,Rapid-Rise,HIGH
2026-09-12 01:00:00,433.2,50.1,13.1,3.63,0.85,0.11,61.0,0.711,29.3,55.3,CRITICAL,Rapid-Rise,HIGH
2026-09-12 01:30:00,295.9,50.2,10.5,3.54,0.92,0.11,60.8,0.659,78.6,284.2,MEDIUM,Rapid-Rise,HIGH
2026-09-12 02:00:00,359.1,48.7,12.2,3.48,0.85,-0.01,61.9,0.715,154.7,429.1,LOW,Rapid-Rise,HIGH
2026-09-12 02:30:00,239.9,42.7,8.9,3.54,0.88,0.14,64.0,0.661,182.8,936.7,LOW,Rapid-Rise,HIGH
2026-09-12 03:00:00,341.0,50.3,9.3,3.39,0.96,-0.02,66.2,0.75,183.4,589.7,LOW,Rapid-Rise,HIGH
2026-09-12 03:30:00,162.6,48.7,4.6,3.32,0.82,0.1,62.8,0.585,77.4,330.2,MEDIUM,Rapid-Rise,HIGH
2026-09-12 04:00:00,281.1,50.5,9.6,3.38,0.89,0.1,62.1,0.666,141.9,699.0,LOW,Rapid-Rise,HIGH
2026-09-12 04:30:00,243.6,49.4,7.9,3.34,0.96,0.1,64.5,0.648,66.7,314.6,MEDIUM,Rapid-Rise,HIGH
2026-09-12 05:00:00,304.0,51.2,7.5,3.62,0.83,0.12,63.1,0.699,182.1,592.4,LOW,Rapid-Rise,HIGH
2026-09-12 05:30:00,368.6,54.3,10.1,3.49,0.77,-0.02,65.5,0.748,143.8,427.3,LOW,Rapid-Rise,HIGH
2026-09-12 06:00:00,297.7,47.5,10.9,3.3,0.81,0.13,62.4,0.668,61.6,300.8,MEDIUM,Rapid-Rise,HIGH
2026-09-12 06:30:00,262.2,41.6,10.1,3.26,0.93,0.15,63.2,0.677,47.0,436.2,MEDIUM,Rapid-Rise,HIGH
2026-09-12 07:00:00,330.5,43.7,12.0,3.44,0.89,-0.01,62.5,0.721,86.1,536.5,LOW,Rapid-Rise,HIGH
2026-09-12 07:30:00,354.2,53.0,10.9,3.55,0.89,0.12,62.8,0.725,54.2,388.2,MEDIUM,Rapid-Rise,HIGH
2026-09-12 08:00:00,178.3,51.0,5.5,3.58,0.81,0.01,61.2,0.599,93.4,747.8,LOW,Rapid-Rise,MEDIUM
2026-09-12 08:30:00,153.3,42.8,5.4,3.28,0.91,-0.01,60.7,0.579,129.2,1005.4,LOW,Rapid-Rise,MEDIUM
2026-09-12 09:00:00,136.5,41.5,5.0,3.49,0.87,0.1,63.1,0.559,169.3,633.4,LOW,Rapid-Rise,MEDIUM
2026-09-12 09:30:00,346.6,43.3,12.8,3.6,0.9,0.13,62.6,0.731,16.3,155.3,CRITICAL,Rapid-Rise,HIGH
2026-09-12 10:00:00,440.1,46.2,13.1,3.35,0.88,0.08,59.3,0.69,183.4,491.9,LOW,Rapid-Rise,HIGH
2026-09-12 10:30:00,273.6,42.0,9.7,3.46,0.78,0.09,59.7,0.631,178.5,517.2,LOW,Rapid-Rise,MEDIUM
2026-09-12 11:00:00,390.6,51.5,10.4,3.26,0.9,-0.03,62.0,0.715,162.1,421.1,LOW,Rapid-Rise,HIGH
2026-09-12 11:30:00,151.8,44.3,6.6,3.37,0.83,-0.03,61.6,0.57,171.6,529.3,LOW,Rapid-Rise,MEDIUM
2026-09-12 12:00:00,130.7,51.5,4.2,3.51,0.76,-0.03,61.3,0.545,86.6,493.1,LOW,Rapid-Rise,MEDIUM
2026-09-12 12:30:00,372.1,39.0,12.0,3.52,0.83,0.08,60.3,0.708,29.3,184.8,CRITICAL,Rapid-Rise,HIGH
2026-09-12 13:00:00,267.9,47.9,10.6,3.27,0.74,0.08,61.2,0.65,41.9,352.2,HIGH,Rapid-Rise,HIGH
2026-09-12 13:30:00,205.5,42.7,7.0,3.39,0.77,0.0,61.1,0.618,163.1,753.7,LOW,Rapid-Rise,MEDIUM
2026-09-12 14:00:00,310.9,50.4,9.3,3.36,0.74,0.04,59.5,0.659,92.8,1006.3,LOW,Rapid-Rise,MEDIUM
2026-09-12 14:30:00,150.6,43.8,6.0,3.11,0.87,-0.02,60.5,0.552,140.8,1075.6,LOW,Rapid-Rise,MEDIUM
2026-09-12 15:00:00,256.0,41.4,11.0,3.1,0.87,-0.02,62.5,0.64,61.1,501.1,MEDIUM,Rapid-Rise,HIGH
2026-09-12 15:30:00,271.2,46.8,9.2,3.33,0.89,-0.03,58.8,0.635,184.5,375.9,LOW,Rapid-Rise,MEDIUM
2026-09-12 16:00:00,124.4,51.1,4.6,3.24,0.77,0.07,63.2,0.577,180.0,743.1,LOW,Rapid-Rise,MEDIUM
2026-09-12 16:30:00,196.4,38.7,7.0,3.3,0.79,-0.02,62.8,0.607,176.6,464.2,LOW,Rapid-Rise,MEDIUM
2026-09-12 17:00:00,186.9,48.2,7.3,3.21,0.68,-0.03,57.3,0.576,138.5,930.6,LOW,Rapid-Rise,MEDIUM
2026-09-12 17:30:00,287.3,48.4,10.7,3.2,0.76,-0.09,57.1,0.641,30.0,68.7,CRITICAL,Rapid-Rise,HIGH
2026-09-12 18:00:00,197.9,48.8,5.9,3.38,0.86,0.05,57.7,0.579,66.0,151.2,HIGH,Rapid-Rise,HIGH
2026-09-12 18:30:00,221.8,44.0,7.6,3.38,0.73,-0.0,61.8,0.607,37.5,152.7,HIGH,Rapid-Rise,HIGH
2026-09-12 19:00:00,344.3,49.7,11.9,3.23,0.85,0.06,58.7,0.681,140.5,985.4,LOW,Rapid-Rise,MEDIUM
2026-09-12 19:30:00,137.8,37.7,4.7,3.24,0.8,0.05,58.8,0.524,41.2,404.3,HIGH,Rapid-Rise,HIGH
2026-09-12 20:00:00,182.2,49.7,7.2,3.08,0.74,-0.01,58.4,0.553,172.9,842.8,LOW,Rapid-Rise,MEDIUM
2026-09-12 20:30:00,203.4,37.6,8.5,3.27,0.81,-0.03,56.7,0.579,109.4,949.7,LOW,Rapid-Rise,MEDIUM
2026-09-12 21:00:00,173.8,46.9,5.5,3.03,0.68,0.06,61.9,0.59,167.8,404.2,LOW,Rapid-Rise,MEDIUM
2026-09-12 21:30:00,187.0,43.3,5.7,3.29,0.78,-0.08,61.3,0.602,106.7,440.1,LOW,Rapid-Rise,MEDIUM
2026-09-12 22:00:00,197.1,42.1,7.8,2.96,0.65,-0.04,60.4,0.604,182.7,451.9,LOW,Rapid-Rise,MEDIUM
2026-09-12 22:30:00,250.0,39.1,9.4,3.32,0.69,-0.06,60.3,0.639,75.2,439.0,MEDIUM,Rapid-Rise,MEDIUM
2026-09-12 23:00:00,142.0,41.3,6.3,3.12,0.83,-0.0,57.4,0.521,20.2,202.1,CRITICAL,Rapid-Rise,HIGH
2026-09-12 23:30:00,387.2,47.3,12.7,3.15,0.71,-0.06,59.2,0.708,38.7,434.5,MEDIUM,Rapid-Rise,HIGH
2026-09-13 00:00:00,214.7,35.7,10.6,3.0,0.64,-0.04,56.1,0.582,108.3,841.5,LOW,Rapid-Rise,MEDIUM
2026-09-13 00:30:00,198.9,35.9,9.3,3.19,0.63,0.07,57.0,0.58,128.1,991.2,LOW,Rapid-Rise,MEDIUM
2026-09-13 01:00:00,147.7,35.5,7.0,3.07,0.74,0.06,56.3,0.533,22.3,25.7,CRITICAL,Rapid-Rise,HIGH
2026-09-13 01:30:00,154.3,43.0,6.3,2.92,0.64,-0.11,60.8,0.558,159.8,357.4,LOW,Rapid-Rise,MEDIUM
2026-09-13 02:00:00,179.2,40.4,6.3,3.24,0.72,-0.07,57.4,0.549,128.6,715.1,LOW,Rapid-Rise,MEDIUM
2026-09-13 02:30:00,156.3,38.6,6.6,2.9,0.69,-0.13,57.3,0.532,138.2,925.6,LOW,Rapid-Rise,MEDIUM
2026-09-13 03:00:00,230.8,38.2,11.1,2.92,0.72,-0.02,57.9,0.61,48.5,394.9,MEDIUM,Rapid-Rise,MEDIUM
2026-09-13 03:30:00,374.5,45.5,11.7,2.95,0.72,-0.08,58.2,0.682,145.9,437.7,LOW,Rapid-Rise,MEDIUM
2026-09-13 04:00:00,202.5,45.1,7.5,3.1,0.8,-0.06,57.2,0.558,109.0,1060.4,LOW,Rapid-Rise,MEDIUM
2026-09-13 04:30:00,164.9,44.5,5.9,2.99,0.68,-0.03,55.4,0.547,156.3,765.1,LOW,Rapid-Rise,MEDIUM
2026-09-13 05:00:00,139.5,39.4,6.1,3.01,0.72,0.04,58.9,0.533,50.1,210.0,HIGH,Rapid-Rise,HIGH
2026-09-13 05:30:00,288.2,37.2,12.7,2.95,0.74,0.04,57.4,0.64,105.0,609.3,LOW,Rapid-Rise,MEDIUM
2026-09-13 06:00:00,388.4,45.4,11.2,2.82,0.65,0.03,55.6,0.657,152.1,716.6,LOW,Rapid-Rise,MEDIUM
2026-09-13 06:30:00,218.9,38.1,8.0,2.95,0.63,0.03,56.8,0.589,59.7,373.0,MEDIUM,Rapid-Rise,MEDIUM
2026-09-13 07:00:00,235.5,39.2,9.1,3.08,0.7,-0.07,59.8,0.62,70.2,326.1,MEDIUM,Rapid-Rise,MEDIUM
2026-09-13 07:30:00,252.6,34.5,9.4,2.85,0.71,0.01,55.8,0.597,47.6,505.7,MEDIUM,Rapid-Rise,MEDIUM
2026-09-13 08:00:00,368.0,41.2,11.5,2.86,0.68,-0.0,54.3,0.659,128.7,1074.8,LOW,Rapid-Rise,MEDIUM
2026-09-13 08:30:00,197.3,36.8,9.5,2.8,0.67,-0.01,54.2,0.541,130.5,845.2,LOW,Rapid-Rise,MEDIUM
2026-09-13 09:00:00,303.2,44.0,9.8,2.96,0.65,0.03,55.8,0.635,99.6,485.8,LOW,Rapid-Rise,MEDIUM
2026-09-13 09:30:00,113.0,33.6,6.6,3.11,0.67,-0.09,58.8,0.519,84.6,1049.8,LOW,Rapid-Rise,MEDIUM
2026-09-13 10:00:00,124.1,37.1,5.2,2.92,0.59,0.01,54.1,0.482,145.2,980.0,LOW,Rapid-Rise,MEDIUM
2026-09-13 10:30:00,231.0,40.2,8.3,2.95,0.66,-0.09,54.7,0.565,177.3,786.9,LOW,Rapid-Rise,MEDIUM
2026-09-13 11:00:00,181.1,41.1,7.5,3.08,0.7,-0.09,57.7,0.566,163.5,495.0,LOW,Rapid-Rise,MEDIUM
2026-09-13 11:30:00,107.3,43.2,4.4,2.88,0.73,-0.12,55.1,0.497,81.8,720.5,LOW,Rapid-Rise,MEDIUM
2026-09-13 12:00:00,155.9,42.4,4.9,3.0,0.6,-0.02,54.4,0.519,64.8,122.1,HIGH,Rapid-Rise,MEDIUM
2026-09-13 12:30:00,164.7,42.8,6.3,3.0,0.55,-0.12,53.4,0.526,137.7,584.3,LOW,Rapid-Rise,MEDIUM
2026-09-13 13:00:00,229.2,45.5,7.8,2.71,0.66,-0.07,57.0,0.6,99.1,1023.8,LOW,Rapid-Rise,MEDIUM
2026-09-13 13:30:00,140.2,37.8,6.6,2.92,0.59,0.03,55.9,0.527,140.2,461.9,LOW,Rapid-Rise,MEDIUM
2026-09-13 14:00:00,161.3,43.3,4.8,2.79,0.63,-0.14,56.1,0.548,163.7,1093.8,LOW,Rapid-Rise,MEDIUM
2026-09-13 14:30:00,353.7,38.3,12.3,2.99,0.7,-0.04,58.0,0.683,54.1,406.7,MEDIUM,Rapid-Rise,MEDIUM
2026-09-13 15:00:00,306.5,42.8,12.0,2.66,0.72,-0.03,56.0,0.652,114.1,947.1,LOW,Rapid-Rise,MEDIUM
2026-09-13 15:30:00,159.6,32.6,8.2,2.85,0.67,-0.18,54.9,0.532,172.6,875.5,LOW,Rapid-Rise,MEDIUM
2026-09-13 16:00:00,250.9,33.0,12.4,2.63,0.68,-0.17,57.3,0.601,82.8,647.6,LOW,Rapid-Rise,MEDIUM
2026-09-13 16:30:00,205.9,37.3,6.9,2.93,0.6,0.01,55.2,0.561,134.2,866.4,LOW,Rapid-Rise,MEDIUM
2026-09-13 17:00:00,185.8,40.9,7.6,2.68,0.6,-0.03,57.7,0.553,91.3,777.1,LOW,Rapid-Rise,MEDIUM
2026-09-13 17:30:00,90.2,34.5,4.0,2.84,0.64,-0.09,54.3,0.475,35.4,491.8,MEDIUM,Rapid-Rise,MEDIUM
2026-09-13 18:00:00,149.8,32.2,7.7,2.8,0.56,-0.18,57.4,0.549,111.4,588.9,LOW,Rapid-Rise,MEDIUM
2026-09-13 18:30:00,171.4,42.5,7.5,2.69,0.59,-0.03,54.2,0.523,166.2,468.2,LOW,Rapid-Rise,MEDIUM
2026-09-13 19:00:00,180.5,36.0,9.9,2.81,0.64,-0.17,55.5,0.55,17.7,181.7,CRITICAL,Rapid-Rise,HIGH
2026-09-13 19:30:00,102.0,33.4,4.3,2.56,0.67,-0.1,51.9,0.459,149.2,854.0,LOW,Rapid-Rise,MEDIUM
2026-09-13 20:00:00,222.9,35.0,10.1,2.51,0.69,-0.14,52.4,0.562,121.8,558.3,LOW,Rapid-Rise,MEDIUM
2026-09-13 20:30:00,234.7,39.2,9.6,2.59,0.6,-0.16,51.9,0.561,179.2,909.1,LOW,Rapid-Rise,MEDIUM
2026-09-13 21:00:00,186.4,38.7,7.9,2.88,0.66,-0.15,51.0,0.529,69.6,216.5,HIGH,Rapid-Rise,MEDIUM
2026-09-13 21:30:00,217.7,40.5,7.1,2.7,0.63,-0.02,52.5,0.537,69.5,280.1,MEDIUM,Rapid-Rise,MEDIUM
2026-09-13 22:00:00,96.5,29.5,6.5,2.86,0.63,-0.07,50.6,0.446,178.8,467.3,LOW,Rapid-Rise,MEDIUM
2026-09-13 22:30:00,89.4,34.5,4.0,2.51,0.64,-0.15,51.6,0.465,172.6,790.0,LOW,Rapid-Rise,MEDIUM
2026-09-13 23:00:00,284.4,36.4,12.4,2.68,0.51,-0.02,54.0,0.619,163.2,534.9,LOW,Rapid-Rise,MEDIUM
2026-09-13 23:30:00,90.5,37.7,4.0,2.64,0.54,-0.14,54.8,0.473,113.6,916.5,LOW,Rapid-Rise,MEDIUM
2026-09-14 00:00:00,156.9,40.6,6.9,2.57,0.64,-0.16,50.6,0.498,181.4,690.8,LOW,Rapid-Rise,MEDIUM
2026-09-14 00:30:00,257.1,31.9,10.6,2.45,0.57,-0.21,56.0,0.594,85.2,469.6,LOW,Rapid-Rise,MEDIUM
2026-09-14 01:00:00,146.9,38.9,6.1,2.47,0.6,-0.2,54.2,0.502,170.5,927.5,LOW,Rapid-Rise,MEDIUM
2026-09-14 01:30:00,231.1,29.9,11.0,2.58,0.51,-0.04,54.3,0.564,100.2,1085.2,LOW,Rapid-Rise,MEDIUM
2026-09-14 02:00:00,126.2,37.6,6.1,2.62,0.6,-0.21,51.4,0.46,146.0,766.7,LOW,Rapid-Rise,MEDIUM
2026-09-14 02:30:00,219.5,31.3,9.6,2.69,0.64,-0.11,54.8,0.58,137.8,900.0,LOW,Rapid-Rise,MEDIUM
2026-09-14 03:00:00,87.0,33.3,4.9,2.38,0.6,-0.11,49.6,0.422,159.3,592.7,LOW,Rapid-Rise,MEDIUM
2026-09-14 03:30:00,214.5,39.8,9.0,2.38,0.57,-0.03,50.2,0.531,14.8,59.4,CRITICAL,Rapid-Rise,MEDIUM
2026-09-14 04:00:00,104.5,41.3,3.8,2.72,0.59,-0.09,51.4,0.467,181.7,882.7,LOW,Rapid-Rise,MEDIUM
2026-09-14 04:30:00,245.1,37.4,9.4,2.36,0.6,-0.11,50.3,0.547,30.3,63.4,CRITICAL,Rapid-Rise,MEDIUM
2026-09-14 05:00:00,142.4,33.0,7.3,2.59,0.44,-0.21,50.1,0.464,177.4,568.0,LOW,Rapid-Rise,MEDIUM
2026-09-14 05:30:00,144.4,32.9,7.6,2.61,0.53,-0.2,53.4,0.501,109.9,998.0,LOW,Rapid-Rise,MEDIUM
2026-09-14 06:00:00,123.6,33.3,5.0,2.64,0.55,-0.07,50.5,0.464,168.0,893.3,LOW,Rapid-Rise,MEDIUM
2026-09-14 06:30:00,273.6,32.2,11.2,2.34,0.45,-0.19,53.9,0.603,140.9,627.1,LOW,Rapid-Rise,MEDIUM
2026-09-14 07:00:00,189.5,36.6,6.8,2.5,0.57,-0.16,53.9,0.555,100.6,422.4,LOW,Rapid-Rise,MEDIUM
2026-09-14 07:30:00,329.5,35.2,12.4,2.52,0.48,-0.06,53.1,0.618,62.3,163.2,HIGH,Rapid-Rise,MEDIUM
2026-09-14 08:00:00,94.3,31.7,3.9,2.41,0.56,-0.13,53.3,0.46,34.5,41.1,CRITICAL,Rapid-Rise,MEDIUM
2026-09-14 08:30:00,128.3,28.3,7.8,2.64,0.56,-0.05,50.7,0.463,28.3,53.2,CRITICAL,Rapid-Rise,MEDIUM
2026-09-14 09:00:00,128.0,38.2,5.5,2.46,0.58,-0.09,50.2,0.455,80.7,728.0,LOW,Rapid-Rise,MEDIUM
2026-09-14 09:30:00,144.4,33.0,6.5,2.47,0.47,-0.06,50.4,0.466,121.6,1044.1,LOW,Rapid-Rise,MEDIUM
2026-09-14 10:00:00,205.6,32.5,9.6,2.3,0.51,-0.07,49.1,0.526,87.0,637.3,LOW,Rapid-Rise,MEDIUM
2026-09-14 10:30:00,126.9,30.9,5.3,2.42,0.48,-0.22,52.1,0.478,36.0,298.2,HIGH,Rapid-Rise,MEDIUM
2026-09-14 11:00:00,197.3,32.1,10.8,2.48,0.45,-0.15,51.5,0.519,142.2,608.3,LOW,Rapid-Rise,MEDIUM
2026-09-14 11:30:00,343.4,37.1,12.4,2.59,0.55,-0.25,52.5,0.634,154.2,983.3,LOW,Rapid-Rise,MEDIUM
2026-09-14 12:00:00,89.6,37.3,3.7,2.27,0.52,-0.25,49.5,0.448,162.1,363.3,LOW,Rapid-Rise,MEDIUM
2026-09-14 12:30:00,183.0,33.2,9.5,2.29,0.43,-0.19,48.2,0.5,164.3,831.9,LOW,Rapid-Rise,MEDIUM
2026-09-14 13:00:00,131.1,25.5,9.1,2.25,0.57,-0.11,50.7,0.48,157.0,911.3,LOW,Rapid-Rise,MEDIUM
2026-09-14 13:30:00,290.2,33.8,11.2,2.49,0.46,-0.17,50.2,0.599,123.7,451.8,LOW,Rapid-Rise,MEDIUM
2026-09-14 14:00:00,232.8,25.9,11.8,2.38,0.44,-0.16,48.8,0.518,93.0,768.4,LOW,Rapid-Rise,MEDIUM
2026-09-14 14:30:00,225.8,33.6,10.6,2.47,0.52,-0.11,51.1,0.541,44.6,521.3,MEDIUM,Rapid-Rise,MEDIUM
2026-09-14 15:00:00,94.6,29.1,4.8,2.27,0.56,-0.24,49.3,0.451,144.2,707.7,LOW,Rapid-Rise,MEDIUM
2026-09-14 15:30:00,134.4,27.9,7.6,2.2,0.44,-0.24,51.8,0.493,102.9,608.2,LOW,Rapid-Rise,LOW
2026-09-14 16:00:00,198.9,28.2,11.9,2.3,0.56,-0.23,50.1,0.505,112.8,647.2,LOW,Rapid-Rise,MEDIUM
2026-09-14 16:30:00,215.5,35.8,7.9,2.44,0.4,-0.12,51.6,0.549,61.4,262.4,HIGH,Rapid-Rise,MEDIUM
2026-09-14 17:00:00,208.7,32.2,9.7,2.37,0.43,-0.18,49.4,0.526,94.1,1010.3,LOW,Rapid-Rise,MEDIUM
2026-09-14 17:30:00,300.2,35.5,12.0,2.17,0.39,-0.21,50.4,0.595,38.0,538.5,MEDIUM,Rapid-Rise,MEDIUM
2026-09-14 18:00:00,180.9,35.7,7.1,2.49,0.49,-0.18,49.0,0.491,182.8,833.6,LOW,Rapid-Rise,MEDIUM
2026-09-14 18:30:00,238.6,30.9,10.6,2.39,0.45,-0.19,50.9,0.553,25.6,61.1,CRITICAL,Rapid-Rise,MEDIUM
2026-09-14 19:00:00,171.7,27.6,9.0,2.38,0.54,-0.17,46.7,0.475,135.2,601.5,LOW,Rapid-Rise,MEDIUM
2026-09-14 19:30:00,139.6,32.2,5.5,2.27,0.35,-0.16,49.2,0.467,110.8,453.2,LOW,Rapid-Rise,LOW
2026-09-14 20:00:00,167.9,34.2,8.0,2.46,0.51,-0.23,51.8,0.514,163.9,859.2,LOW,Rapid-Rise,MEDIUM
2026-09-14 20:30:00,208.8,30.9,9.8,2.08,0.5,-0.13,49.3,0.521,123.6,367.4,LOW,Rapid-Rise,LOW
2026-09-14 21:00:00,191.9,25.5,10.1,2.22,0.47,-0.17,47.9,0.481,67.7,259.0,MEDIUM,Rapid-Rise,MEDIUM
2026-09-14 21:30:00,128.8,31.1,5.7,2.23,0.34,-0.15,49.6,0.459,147.7,1093.2,LOW,Rapid-Rise,LOW
2026-09-14 22:00:00,105.7,22.8,8.0,2.24,0.52,-0.19,46.9,0.412,39.1,195.0,HIGH,Rapid-Rise,MEDIUM
2026-09-14 22:30:00,244.3,26.8,11.5,2.21,0.46,-0.1,49.9,0.56,34.2,76.0,CRITICAL,Rapid-Rise,MEDIUM
2026-09-14 23:00:00,239.9,35.8,11.1,2.09,0.41,-0.18,47.6,0.529,43.1,213.4,HIGH,Rapid-Rise,MEDIUM
2026-09-14 23:30:00,110.8,35.6,5.2,2.29,0.51,-0.21,49.6,0.464,98.1,509.5,LOW,Rapid-Rise,MEDIUM
2026-09-15 00:00:00,187.2,24.1,10.5,2.2,0.47,-0.19,45.7,0.489,127.2,356.8,LOW,Rapid-Rise,LOW
2026-09-15 00:30:00,153.6,30.6,8.7,2.26,0.41,-0.21,49.4,0.487,43.5,339.3,HIGH,Rapid-Rise,MEDIUM
2026-09-15 01:00:00,199.3,35.2,7.1,2.1,0.43,-0.21,47.6,0.514,165.5,1084.5,LOW,Rapid-Rise,LOW
2026-09-15 01:30:00,156.8,31.3,7.8,2.29,0.47,-0.13,47.9,0.475,141.9,477.7,LOW,Rapid-Rise,MEDIUM
2026-09-15 02:00:00,129.8,27.8,6.7,2.0,0.36,-0.11,45.9,0.446,143.0,640.1,LOW,Rapid-Rise,LOW
2026-09-15 02:30:00,169.5,26.9,11.6,2.26,0.38,-0.2,50.3,0.514,96.7,590.1,LOW,Rapid-Rise,LOW
2026-09-15 03:00:00,282.0,32.2,12.1,2.24,0.43,-0.27,48.8,0.552,63.5,318.3,MEDIUM,Rapid-Rise,MEDIUM
2026-09-15 03:30:00,228.6,27.3,11.9,2.11,0.49,-0.27,46.3,0.507,132.7,941.5,LOW,Rapid-Rise,LOW
2026-09-15 04:00:00,128.2,34.4,7.0,2.33,0.41,-0.28,47.3,0.437,80.2,573.6,LOW,Rapid-Rise,LOW
2026-09-15 04:30:00,144.1,21.8,11.1,2.1,0.42,-0.15,50.5,0.473,49.7,127.1,HIGH,Rapid-Rise,MEDIUM
2026-09-15 05:00:00,92.0,23.2,5.1,2.2,0.45,-0.31,46.8,0.422,21.8,119.6,CRITICAL,Rapid-Rise,MEDIUM
2026-09-15 05:30:00,293.2,32.4,12.0,2.29,0.3,-0.26,45.0,0.559,47.4,401.2,MEDIUM,Rapid-Rise,MEDIUM
2026-09-15 06:00:00,207.9,23.6,11.3,2.31,0.43,-0.17,48.1,0.518,116.6,623.7,LOW,Rapid-Rise,MEDIUM
2026-09-15 06:30:00,281.0,33.2,11.6,2.13,0.4,-0.2,46.9,0.542,93.1,395.9,LOW,Rapid-Rise,LOW
2026-09-15 07:00:00,169.0,28.9,8.0,2.18,0.37,-0.13,49.7,0.489,78.5,449.2,MEDIUM,Rapid-Rise,MEDIUM
2026-09-15 07:30:00,104.6,30.4,6.2,1.91,0.44,-0.23,44.8,0.424,54.8,453.7,MEDIUM,Rapid-Rise,LOW
2026-09-15 08:00:00,75.7,22.3,5.2,2.06,0.31,-0.16,44.9,0.401,55.2,445.9,MEDIUM,Rapid-Rise,LOW
2026-09-15 08:30:00,96.6,25.4,5.9,2.28,0.41,-0.18,47.0,0.433,41.9,388.9,HIGH,Rapid-Rise,MEDIUM
2026-09-15 09:00:00,154.1,25.2,9.8,2.27,0.29,-0.24,46.0,0.451,108.5,467.4,LOW,Rapid-Rise,LOW
2026-09-15 09:30:00,151.7,32.5,6.6,1.87,0.33,-0.23,49.6,0.471,87.6,354.3,MEDIUM,Rapid-Rise,LOW
2026-09-15 10:00:00,215.0,27.7,10.2,2.18,0.3,-0.15,45.8,0.502,36.9,487.2,MEDIUM,Rapid-Rise,MEDIUM
2026-09-15 10:30:00,151.0,25.2,7.8,2.11,0.33,-0.15,45.3,0.448,175.2,657.9,LOW,Rapid-Rise,LOW
2026-09-15 11:00:00,182.2,26.8,10.9,2.02,0.39,-0.27,44.4,0.468,101.9,427.0,LOW,Rapid-Rise,LOW
2026-09-15 11:30:00,314.7,33.7,11.9,2.05,0.4,-0.33,49.0,0.577,95.1,652.3,LOW,Rapid-Rise,LOW
2026-09-15 12:00:00,145.5,24.5,11.7,2.09,0.39,-0.23,45.2,0.437,13.8,15.3,CRITICAL,Rapid-Rise,MEDIUM
2026-09-15 12:30:00,150.7,29.0,8.3,1.93,0.37,-0.18,46.2,0.467,25.7,58.5,CRITICAL,Rapid-Rise,MEDIUM
2026-09-15 13:00:00,173.0,27.0,10.2,2.07,0.29,-0.26,45.5,0.466,69.2,522.5,LOW,Rapid-Rise,LOW
2026-09-15 13:30:00,195.5,25.5,10.6,2.19,0.33,-0.3,46.5,0.48,160.9,467.2,LOW,Rapid-Rise,LOW
2026-09-15 14:00:00,167.5,32.0,9.5,1.94,0.27,-0.16,44.1,0.462,95.9,505.1,LOW,Rapid-Rise,LOW
2026-09-15 14:30:00,105.6,23.1,7.7,2.03,0.31,-0.31,42.9,0.41,169.1,352.9,LOW,Rapid-Rise,LOW
2026-09-15 15:00:00,124.2,19.3,10.0,1.85,0.42,-0.23,43.3,0.413,73.5,372.6,MEDIUM,Rapid-Rise,LOW
2026-09-15 15:30:00,149.0,24.6,12.0,1.91,0.34,-0.2,43.4,0.43,108.3,679.3,LOW,Rapid-Rise,LOW
2026-09-15 16:00:00,166.5,22.0,12.0,1.98,0.27,-0.26,44.8,0.448,89.9,574.6,LOW,Rapid-Rise,LOW
2026-09-15 16:30:00,153.8,23.5,9.4,1.81,0.3,-0.33,46.4,0.466,104.6,1069.4,LOW,Rapid-Rise,LOW
2026-09-15 17:00:00,171.6,27.0,10.3,1.98,0.41,-0.3,43.6,0.442,94.8,708.1,LOW,Rapid-Rise,LOW
2026-09-15 17:30:00,76.1,27.4,5.3,1.93,0.27,-0.3,44.6,0.388,168.1,404.5,LOW,Rapid-Rise,LOW
2026-09-15 18:00:00,200.2,31.3,8.8,1.89,0.39,-0.26,45.9,0.499,127.7,986.3,LOW,Rapid-Rise,LOW
2026-09-15 18:30:00,149.1,29.7,9.8,1.87,0.38,-0.17,42.4,0.416,61.6,438.0,MEDIUM,Rapid-Rise,LOW
2026-09-15 19:00:00,100.1,25.9,6.6,1.96,0.28,-0.24,43.9,0.399,172.1,567.8,LOW,Rapid-Rise,LOW
2026-09-15 19:30:00,145.9,30.2,9.1,1.82,0.24,-0.24,47.4,0.448,21.6,215.7,CRITICAL,Rapid-Rise,MEDIUM
2026-09-15 20:00:00,90.7,23.2,5.3,2.1,0.39,-0.29,43.9,0.391,168.9,789.0,LOW,Rapid-Rise,LOW
2026-09-15 20:30:00,144.4,31.8,8.3,1.95,0.25,-0.22,47.5,0.461,102.9,770.1,LOW,Rapid-Rise,LOW
2026-09-15 21:00:00,103.5,24.4,6.1,2.02,0.32,-0.21,47.8,0.441,92.5,1054.6,LOW,Rapid-Rise,LOW
2026-09-15 21:30:00,116.9,24.3,8.5,1.8,0.34,-0.26,44.5,0.409,78.6,131.7,HIGH,Rapid-Rise,MEDIUM
2026-09-15 22:00:00,151.7,24.6,8.3,2.01,0.39,-0.17,46.3,0.456,130.7,569.3,LOW,Rapid-Rise,LOW
2026-09-15 22:30:00,116.9,23.7,9.1,2.05,0.28,-0.18,46.1,0.445,179.9,905.3,LOW,Rapid-Rise,LOW
2026-09-15 23:00:00,44.3,23.6,3.3,1.84,0.24,-0.18,42.5,0.356,101.4,609.2,LOW,Rapid-Rise,LOW
2026-09-15 23:30:00,60.2,26.0,3.3,1.72,0.35,-0.28,44.3,0.372,67.3,371.1,MEDIUM,Rapid-Rise,LOW
2026-09-16 00:00:00,227.7,30.5,11.8,1.89,0.25,-0.24,45.8,0.517,114.1,984.7,LOW,Rapid-Rise,LOW
2026-09-16 00:30:00,199.4,30.9,9.2,1.95,0.26,-0.27,46.0,0.489,131.5,954.8,LOW,Rapid-Rise,LOW
2026-09-16 01:00:00,147.0,21.8,9.8,2.01,0.22,-0.27,47.0,0.453,17.7,108.0,CRITICAL,Rapid-Rise,MEDIUM
2026-09-16 01:30:00,34.3,18.1,3.4,1.83,0.2,-0.25,41.7,0.344,34.2,36.9,CRITICAL,Rapid-Rise,MEDIUM
2026-09-16 02:00:00,62.5,23.2,5.3,2.02,0.38,-0.28,46.8,0.392,50.8,364.7,MEDIUM,Rapid-Rise,LOW
2026-09-16 02:30:00,147.5,18.4,10.1,1.67,0.33,-0.34,44.0,0.445,94.9,351.9,MEDIUM,Rapid-Rise,LOW
2026-09-16 03:00:00,171.3,24.6,9.3,1.65,0.29,-0.27,44.4,0.468,130.2,726.4,LOW,Rapid-Rise,LOW
2026-09-16 03:30:00,134.2,29.7,6.9,1.71,0.21,-0.29,43.4,0.437,70.1,297.9,MEDIUM,Rapid-Rise,LOW
2026-09-16 04:00:00,125.3,21.7,7.4,1.72,0.29,-0.29,46.4,0.451,148.8,568.0,LOW,Rapid-Rise,LOW
2026-09-16 04:30:00,111.6,26.9,6.0,1.88,0.36,-0.28,43.0,0.412,14.1,23.0,CRITICAL,Rapid-Rise,MEDIUM
2026-09-16 05:00:00,196.4,26.9,10.5,1.62,0.32,-0.27,44.1,0.466,67.4,259.9,MEDIUM,Rapid-Rise,LOW
2026-09-16 05:30:00,67.9,23.1,5.0,1.67,0.25,-0.29,43.9,0.376,38.5,524.7,MEDIUM,Rapid-Rise,LOW
2026-09-16 06:00:00,89.9,21.4,5.7,1.72,0.32,-0.2,42.2,0.365,82.2,360.3,MEDIUM,Rapid-Rise,LOW
2026-09-16 06:30:00,96.1,25.7,7.0,1.75,0.24,-0.31,43.3,0.399,52.0,242.3,HIGH,Rapid-Rise,LOW
2026-09-16 07:00:00,91.9,25.2,7.1,1.72,0.18,-0.22,42.4,0.39,176.2,765.3,LOW,Rapid-Rise,LOW
2026-09-16 07:30:00,108.1,16.3,8.7,1.96,0.28,-0.25,42.8,0.387,117.0,580.8,LOW,Rapid-Rise,LOW
2026-09-16 08:00:00,103.2,20.8,7.0,1.96,0.34,-0.22,46.0,0.41,51.0,401.8,MEDIUM,Rapid-Rise,LOW
2026-09-16 08:30:00,53.9,19.9,5.0,1.88,0.2,-0.32,45.9,0.374,28.8,22.9,CRITICAL,Rapid-Rise,MEDIUM
2026-09-16 09:00:00,63.3,16.7,5.2,1.64,0.22,-0.26,42.0,0.368,122.0,937.6,LOW,Rapid-Rise,LOW
2026-09-16 09:30:00,116.2,21.3,9.5,1.86,0.28,-0.24,41.9,0.401,48.6,510.1,MEDIUM,Rapid-Rise,LOW
2026-09-16 10:00:00,61.9,25.4,3.2,1.78,0.3,-0.22,44.7,0.386,97.8,474.3,LOW,Rapid-Rise,LOW
2026-09-16 10:30:00,89.6,25.2,5.8,1.79,0.3,-0.35,45.9,0.402,48.5,334.1,HIGH,Rapid-Rise,MEDIUM
2026-09-16 11:00:00,186.7,29.0,8.4,1.91,0.35,-0.2,40.8,0.424,166.5,522.4,LOW,Rapid-Rise,LOW
2026-09-16 11:30:00,95.5,23.8,5.7,1.59,0.26,-0.32,41.6,0.384,57.2,295.8,HIGH,Rapid-Rise,LOW
2026-09-16 12:00:00,65.0,18.6,6.4,1.59,0.22,-0.31,42.4,0.38,98.6,646.0,LOW,Rapid-Rise,LOW
2026-09-16 12:30:00,89.3,25.9,4.5,1.83,0.22,-0.3,43.5,0.399,65.5,240.4,HIGH,Rapid-Rise,LOW
2026-09-16 13:00:00,54.2,23.1,3.6,1.89,0.31,-0.35,43.8,0.352,27.5,84.1,CRITICAL,Rapid-Rise,MEDIUM
2026-09-16 13:30:00,104.4,15.7,11.4,1.56,0.22,-0.21,44.9,0.411,145.2,685.8,LOW,Rapid-Rise,LOW
2026-09-16 14:00:00,93.8,27.0,6.0,1.63,0.17,-0.35,45.6,0.422,130.0,725.2,LOW,Rapid-Rise,LOW
2026-09-16 14:30:00,158.2,26.1,8.4,1.62,0.2,-0.2,43.7,0.445,157.2,948.6,LOW,Rapid-Rise,LOW
2026-09-16 15:00:00,80.5,25.2,5.0,1.71,0.15,-0.28,42.3,0.362,15.6,53.8,CRITICAL,Rapid-Rise,MEDIUM
2026-09-16 15:30:00,54.6,18.4,4.8,1.87,0.21,-0.35,44.6,0.375,127.9,351.8,LOW,Rapid-Rise,LOW
2026-09-16 16:00:00,80.7,24.3,5.6,1.62,0.19,-0.25,44.4,0.4,87.3,443.0,LOW,Rapid-Rise,LOW
2026-09-16 16:30:00,65.1,19.3,5.6,1.83,0.16,-0.35,42.2,0.358,38.4,158.0,HIGH,Rapid-Rise,LOW
2026-09-16 17:00:00,187.4,26.8,11.5,1.77,0.15,-0.35,41.2,0.444,34.9,213.4,HIGH,Rapid-Rise,LOW
2026-09-16 17:30:00,46.2,21.4,4.3,1.75,0.22,-0.3,42.6,0.348,59.4,497.0,MEDIUM,Rapid-Rise,LOW
2026-09-16 18:00:00,124.0,20.8,9.3,1.62,0.17,-0.35,43.6,0.429,43.9,385.9,HIGH,Rapid-Rise,LOW
2026-09-16 18:30:00,163.8,24.8,11.5,1.59,0.22,-0.35,40.4,0.42,82.8,686.6,LOW,Rapid-Rise,LOW
2026-09-16 19:00:00,98.1,18.6,6.9,1.69,0.2,-0.31,40.1,0.384,121.8,569.7,LOW,Rapid-Rise,LOW
2026-09-16 19:30:00,174.5,23.4,11.7,1.87,0.19,-0.27,41.1,0.429,117.0,495.4,LOW,Rapid-Rise,LOW
2026-09-16 20:00:00,100.5,19.3,6.8,1.77,0.16,-0.24,44.6,0.393,82.7,545.5,LOW,Rapid-Rise,LOW
2026-09-16 20:30:00,119.0,14.4,11.7,1.84,0.18,-0.28,43.2,0.419,48.2,200.3,HIGH,Rapid-Rise,LOW
2026-09-16 21:00:00,127.1,27.0,6.6,1.65,0.17,-0.35,39.4,0.376,54.1,137.7,HIGH,Rapid-Rise,LOW
2026-09-16 21:30:00,88.7,17.4,9.1,1.74,0.26,-0.25,44.6,0.388,28.6,18.2,CRITICAL,Rapid-Rise,MEDIUM
2026-09-16 22:00:00,77.4,25.7,5.5,1.82,0.21,-0.3,44.4,0.385,50.4,347.3,HIGH,Rapid-Rise,LOW
2026-09-16 22:30:00,158.4,23.2,11.2,1.58,0.16,-0.35,44.5,0.453,166.7,772.5,LOW,Rapid-Rise,LOW
2026-09-16 23:00:00,47.3,21.0,3.9,1.78,0.14,-0.35,39.3,0.33,77.3,303.3,MEDIUM,Rapid-Rise,LOW
2026-09-16 23:30:00,113.9,17.5,10.6,1.84,0.14,-0.33,41.6,0.393,183.1,480.9,LOW,Rapid-Rise,LOW
2026-09-17 00:00:00,156.9,21.0,10.8,1.84,0.15,-0.23,39.7,0.398,147.3,1094.8,LOW,Rapid-Rise,LOW
2026-09-17 00:30:00,161.4,20.1,11.6,1.59,0.31,-0.26,44.8,0.44,33.7,27.4,CRITICAL,Rapid-Rise,MEDIUM
2026-09-17 01:00:00,73.0,26.2,3.7,1.72,0.3,-0.31,41.4,0.356,134.7,1013.2,LOW,Rapid-Rise,LOW
2026-09-17 01:30:00,126.8,22.6,8.1,1.67,0.16,-0.22,41.5,0.388,76.7,541.7,LOW,Rapid-Rise,LOW
2026-09-17 02:00:00,131.8,24.7,8.0,1.5,0.28,-0.23,39.3,0.38,177.0,703.3,LOW,Rapid-Rise,LOW
2026-09-17 02:30:00,111.5,27.6,7.7,1.46,0.18,-0.35,42.7,0.39,116.3,1065.5,LOW,Rapid-Rise,LOW
2026-09-17 03:00:00,33.6,11.8,2.6,1.57,0.25,-0.41,29.1,0.227,42.7,400.3,HIGH,Sudden Upstream,LOW
2026-09-17 03:30:00,51.0,11.6,5.4,1.82,0.26,-0.37,32.7,0.275,41.7,219.3,HIGH,Sudden Upstream,LOW
2026-09-17 04:00:00,69.5,12.1,8.4,1.66,0.19,-0.29,30.0,0.273,90.5,859.3,LOW,Sudden Upstream,LOW
2026-09-17 04:30:00,25.0,5.3,5.9,1.83,0.32,-0.32,35.7,0.3,166.5,717.0,LOW,Sudden Upstream,LOW
2026-09-17 05:00:00,40.4,10.2,5.5,1.86,0.25,-0.43,32.2,0.283,21.0,112.5,CRITICAL,Sudden Upstream,MEDIUM
2026-09-17 05:30:00,59.2,6.4,12.0,1.76,0.34,-0.46,33.2,0.295,102.5,708.5,LOW,Sudden Upstream,LOW
2026-09-17 06:00:00,80.8,10.2,13.7,1.83,0.22,-0.25,32.9,0.3,74.4,125.9,HIGH,Sudden Upstream,LOW
2026-09-17 06:30:00,80.7,12.8,11.0,1.78,0.17,-0.47,30.1,0.291,121.0,408.4,LOW,Sudden Upstream,LOW
2026-09-17 07:00:00,43.2,9.8,6.4,1.62,0.23,-0.46,34.4,0.28,128.5,785.5,LOW,Sudden Upstream,LOW
2026-09-17 07:30:00,21.8,5.7,3.4,1.67,0.18,-0.34,35.6,0.275,48.1,199.8,HIGH,Sudden Upstream,LOW
2026-09-17 08:00:00,63.3,13.0,7.2,1.67,0.25,-0.31,36.1,0.327,140.6,447.8,LOW,Sudden Upstream,LOW
2026-09-17 08:30:00,44.9,6.9,12.1,1.85,0.18,-0.5,30.3,0.256,30.2,28.1,CRITICAL,Sudden Upstream,LOW
2026-09-17 09:00:00,49.6,9.9,7.4,1.7,0.24,-0.24,31.6,0.259,31.1,151.5,CRITICAL,Sudden Upstream,LOW
2026-09-17 09:30:00,29.1,5.7,2.4,1.96,0.16,-0.27,31.6,0.26,145.4,948.4,LOW,Sudden Upstream,LOW
2026-09-17 10:00:00,57.8,11.6,6.3,1.82,0.25,-0.41,32.3,0.275,74.5,233.4,MEDIUM,Sudden Upstream,LOW
2026-09-17 10:30:00,47.3,6.4,13.4,1.97,0.4,-0.36,32.7,0.271,28.9,96.4,CRITICAL,Sudden Upstream,MEDIUM
2026-09-17 11:00:00,37.4,6.5,7.1,1.81,0.41,-0.41,32.4,0.264,26.0,76.7,CRITICAL,Sudden Upstream,MEDIUM
2026-09-17 11:30:00,40.7,9.2,7.7,1.94,0.2,-0.37,35.9,0.284,158.5,719.9,LOW,Sudden Upstream,LOW
2026-09-17 12:00:00,57.5,6.5,11.2,2.06,0.25,-0.37,33.8,0.304,169.4,1043.4,LOW,Sudden Upstream,LOW
2026-09-17 12:30:00,60.1,8.5,10.6,2.09,0.39,-0.48,31.7,0.284,177.6,420.2,LOW,Sudden Upstream,LOW
2026-09-17 13:00:00,40.7,6.2,10.7,1.79,0.37,-0.42,31.6,0.258,84.0,512.6,LOW,Sudden Upstream,LOW
2026-09-17 13:30:00,75.7,8.8,13.2,1.97,0.29,-0.26,30.2,0.294,166.2,350.4,LOW,Sudden Upstream,LOW
2026-09-17 14:00:00,56.2,7.8,9.2,1.86,0.34,-0.35,35.2,0.301,45.2,123.2,HIGH,Sudden Upstream,LOW
2026-09-17 14:30:00,52.7,6.1,13.8,1.64,0.4,-0.48,30.3,0.253,124.5,377.6,LOW,Sudden Upstream,LOW
2026-09-17 15:00:00,20.6,7.1,3.5,1.94,0.2,-0.22,34.2,0.259,90.7,372.2,MEDIUM,Sudden Upstream,LOW
2026-09-17 15:30:00,38.5,10.1,5.8,1.65,0.39,-0.43,33.6,0.271,127.2,989.1,LOW,Sudden Upstream,LOW
2026-09-17 16:00:00,52.6,7.7,13.0,2.08,0.28,-0.49,32.8,0.297,153.8,461.4,LOW,Sudden Upstream,LOW
2026-09-17 16:30:00,28.6,12.4,3.5,2.12,0.37,-0.45,34.7,0.274,157.7,977.2,LOW,Sudden Upstream,LOW
2026-09-17 17:00:00,61.2,8.0,14.0,1.78,0.28,-0.37,35.1,0.299,37.2,218.4,HIGH,Sudden Upstream,LOW
2026-09-17 17:30:00,78.2,12.6,9.8,1.69,0.22,-0.48,36.3,0.339,57.3,143.6,HIGH,Sudden Upstream,LOW
2026-09-17 18:00:00,74.1,10.3,13.4,1.73,0.35,-0.4,31.8,0.292,131.3,643.2,LOW,Sudden Upstream,LOW
2026-09-17 18:30:00,65.6,9.5,12.2,1.78,0.27,-0.27,36.5,0.309,142.1,552.8,LOW,Sudden Upstream,LOW
2026-09-17 19:00:00,17.2,5.8,2.2,2.01,0.4,-0.47,31.4,0.257,181.6,1046.3,LOW,Sudden Upstream,LOW
2026-09-17 19:30:00,41.1,11.0,4.7,1.99,0.38,-0.26,35.3,0.281,14.1,116.8,CRITICAL,Sudden Upstream,MEDIUM
2026-09-17 20:00:00,65.3,10.7,10.3,1.84,0.34,-0.29,35.3,0.315,21.3,129.3,CRITICAL,Sudden Upstream,MEDIUM
2026-09-17 20:30:00,19.4,5.7,4.8,2.17,0.37,-0.3,34.6,0.282,96.5,978.4,LOW,Sudden Upstream,LOW
2026-09-17 21:00:00,42.4,7.4,5.3,1.93,0.41,-0.23,33.2,0.271,116.3,375.8,LOW,Sudden Upstream,LOW
2026-09-17 21:30:00,53.1,8.6,8.1,2.03,0.29,-0.42,36.1,0.314,95.7,996.9,LOW,Sudden Upstream,LOW
2026-09-17 22:00:00,85.0,12.1,13.9,1.76,0.21,-0.21,32.5,0.29,80.8,779.2,LOW,Sudden Upstream,LOW
2026-09-17 22:30:00,63.3,11.6,9.8,2.1,0.35,-0.39,36.9,0.32,17.6,86.8,CRITICAL,Sudden Upstream,MEDIUM
2026-09-17 23:00:00,21.4,6.3,3.9,1.97,0.39,-0.37,33.1,0.277,47.5,497.9,MEDIUM,Sudden Upstream,LOW
2026-09-17 23:30:00,60.2,8.1,12.8,1.89,0.37,-0.46,32.3,0.289,152.6,890.8,LOW,Sudden Upstream,LOW
2026-09-18 00:00:00,70.7,13.3,9.7,2.17,0.4,-0.33,34.7,0.324,100.3,749.6,LOW,Sudden Upstream,LOW
2026-09-18 00:30:00,61.1,9.0,9.9,2.21,0.24,-0.44,36.2,0.323,91.6,786.9,LOW,Sudden Upstream,LOW
2026-09-18 01:00:00,61.8,7.1,12.6,1.78,0.26,-0.41,32.8,0.293,96.1,452.8,LOW,Sudden Upstream,LOW
2026-09-18 01:30:00,74.4,12.6,10.4,1.96,0.31,-0.25,33.6,0.289,131.2,874.5,LOW,Sudden Upstream,LOW
2026-09-18 02:00:00,38.4,7.5,5.2,1.85,0.35,-0.26,32.1,0.283,124.5,524.4,LOW,Sudden Upstream,LOW
2026-09-18 02:30:00,37.3,13.2,5.1,1.77,0.45,-0.26,32.5,0.27,18.0,136.8,CRITICAL,Sudden Upstream,MEDIUM
2026-09-18 03:00:00,36.2,9.0,5.2,1.91,0.25,-0.26,33.2,0.288,181.1,846.9,LOW,Sudden Upstream,LOW
2026-09-18 03:30:00,43.7,13.7,3.7,2.09,0.29,-0.21,37.2,0.326,161.4,781.0,LOW,Sudden Upstream,LOW
2026-09-18 04:00:00,78.5,11.5,12.3,2.08,0.39,-0.18,33.6,0.304,128.2,486.6,LOW,Sudden Upstream,LOW
2026-09-18 04:30:00,49.2,9.7,9.1,2.27,0.42,-0.44,36.4,0.299,24.4,134.5,CRITICAL,Sudden Upstream,MEDIUM
2026-09-18 05:00:00,41.1,6.9,5.9,1.82,0.26,-0.27,31.2,0.25,68.8,280.4,MEDIUM,Sudden Upstream,LOW
2026-09-18 05:30:00,28.4,13.1,2.6,2.22,0.39,-0.18,36.7,0.304,135.1,1007.6,LOW,Sudden Upstream,LOW
2026-09-18 06:00:00,29.1,12.0,3.8,2.09,0.46,-0.19,36.6,0.285,102.6,591.3,LOW,Sudden Upstream,LOW
2026-09-18 06:30:00,55.9,6.7,11.8,1.92,0.44,-0.29,37.0,0.324,30.1,113.4,CRITICAL,Sudden Upstream,MEDIUM
2026-09-18 07:00:00,80.9,10.8,13.8,1.91,0.38,-0.32,32.8,0.319,182.8,668.2,LOW,Sudden Upstream,LOW
2026-09-18 07:30:00,47.3,7.4,8.8,2.24,0.38,-0.27,32.7,0.293,23.7,36.9,CRITICAL,Sudden Upstream,MEDIUM
2026-09-18 08:00:00,88.8,13.1,13.2,2.23,0.43,-0.29,37.0,0.332,105.5,498.0,LOW,Sudden Upstream,LOW
2026-09-18 08:30:00,81.7,9.9,13.9,1.96,0.32,-0.42,32.8,0.309,22.6,66.3,CRITICAL,Sudden Upstream,MEDIUM
2026-09-18 09:00:00,35.4,13.1,4.1,2.29,0.27,-0.2,31.6,0.255,67.5,220.0,HIGH,Sudden Upstream,MEDIUM
2026-09-18 09:30:00,54.4,10.5,9.9,2.22,0.31,-0.37,36.2,0.306,146.8,370.6,LOW,Sudden Upstream,LOW
2026-09-18 10:00:00,32.3,11.7,4.3,2.33,0.51,-0.43,36.7,0.3,104.5,719.1,LOW,Sudden Upstream,LOW
2026-09-18 10:30:00,42.7,7.8,8.8,2.11,0.39,-0.34,38.6,0.323,85.7,571.1,LOW,Sudden Upstream,LOW
2026-09-18 11:00:00,87.4,14.1,12.3,2.07,0.28,-0.21,34.6,0.316,166.3,395.6,LOW,Sudden Upstream,LOW
2026-09-18 11:30:00,62.3,8.3,10.5,2.38,0.3,-0.27,36.8,0.333,132.6,1099.2,LOW,Sudden Upstream,LOW
2026-09-18 12:00:00,47.9,9.3,9.2,2.26,0.43,-0.29,37.7,0.333,56.2,144.5,HIGH,Sudden Upstream,MEDIUM
2026-09-18 12:30:00,67.4,14.4,9.6,2.22,0.52,-0.29,33.4,0.298,83.7,958.1,LOW,Sudden Upstream,LOW
2026-09-18 13:00:00,90.2,13.9,12.7,1.94,0.51,-0.28,33.0,0.315,28.7,52.4,CRITICAL,Sudden Upstream,MEDIUM
2026-09-18 13:30:00,67.5,9.1,13.8,2.04,0.43,-0.16,34.5,0.3,148.6,591.0,LOW,Sudden Upstream,LOW
2026-09-18 14:00:00,97.9,13.4,13.5,2.38,0.44,-0.33,34.8,0.339,170.3,680.9,LOW,Sudden Upstream,LOW
2026-09-18 14:30:00,46.9,13.3,3.7,1.96,0.52,-0.21,34.6,0.297,106.9,846.1,LOW,Sudden Upstream,LOW
2026-09-18 15:00:00,76.0,9.3,12.3,2.22,0.38,-0.15,36.2,0.329,142.4,942.2,LOW,Sudden Upstream,LOW
2026-09-18 15:30:00,75.2,13.3,8.6,2.12,0.36,-0.33,37.2,0.344,184.8,908.1,LOW,Sudden Upstream,LOW
2026-09-18 16:00:00,83.8,13.5,11.5,2.45,0.37,-0.37,34.2,0.323,172.3,826.9,LOW,Sudden Upstream,LOW
2026-09-18 16:30:00,112.3,14.3,13.8,2.37,0.47,-0.3,34.4,0.351,109.6,480.7,LOW,Sudden Upstream,LOW
2026-09-18 17:00:00,45.5,11.0,6.9,2.0,0.49,-0.22,39.3,0.315,24.4,196.3,CRITICAL,Sudden Upstream,MEDIUM
2026-09-18 17:30:00,31.5,14.0,3.1,2.3,0.47,-0.4,32.7,0.279,24.5,67.2,CRITICAL,Sudden Upstream,MEDIUM
2026-09-18 18:00:00,76.0,9.9,13.6,2.02,0.31,-0.4,34.7,0.324,15.9,161.2,CRITICAL,Sudden Upstream,MEDIUM
2026-09-18 18:30:00,48.1,12.1,6.5,2.49,0.51,-0.33,38.3,0.314,72.7,275.4,MEDIUM,Sudden Upstream,MEDIUM
2026-09-18 19:00:00,90.7,11.6,14.1,2.08,0.53,-0.29,35.9,0.319,22.5,213.1,CRITICAL,Sudden Upstream,MEDIUM
2026-09-18 19:30:00,76.5,12.0,10.5,2.11,0.35,-0.26,39.1,0.349,149.1,638.0,LOW,Sudden Upstream,LOW
2026-09-18 20:00:00,53.5,7.7,10.1,2.04,0.42,-0.31,34.6,0.287,70.5,129.3,HIGH,Sudden Upstream,MEDIUM
2026-09-18 20:30:00,61.6,7.8,13.3,2.18,0.35,-0.28,39.6,0.353,95.8,924.7,LOW,Sudden Upstream,LOW
2026-09-18 21:00:00,47.3,8.8,6.8,2.39,0.54,-0.22,39.3,0.336,146.4,467.2,LOW,Sudden Upstream,LOW
2026-09-18 21:30:00,50.0,10.6,9.2,2.11,0.43,-0.11,36.7,0.303,171.3,558.5,LOW,Sudden Upstream,LOW
2026-09-18 22:00:00,51.9,13.5,5.6,2.19,0.49,-0.17,35.3,0.305,174.9,756.7,LOW,Sudden Upstream,LOW
2026-09-18 22:30:00,53.2,8.0,12.9,2.3,0.54,-0.33,34.1,0.284,174.9,862.1,LOW,Sudden Upstream,LOW
2026-09-18 23:00:00,69.5,13.2,8.1,2.46,0.38,-0.22,35.6,0.31,111.4,888.2,LOW,Sudden Upstream,LOW
2026-09-18 23:30:00,107.2,15.3,12.2,2.54,0.49,-0.3,37.4,0.35,65.5,266.1,HIGH,Sudden Upstream,MEDIUM
2026-09-19 00:00:00,67.2,14.7,8.7,2.42,0.59,-0.22,35.5,0.323,140.3,950.4,LOW,Sudden Upstream,LOW
2026-09-19 00:30:00,36.6,15.3,2.4,2.45,0.47,-0.19,36.9,0.303,150.9,990.3,LOW,Sudden Upstream,LOW
2026-09-19 01:00:00,36.6,11.9,4.7,2.18,0.43,-0.34,34.3,0.282,105.1,442.0,LOW,Sudden Upstream,LOW
2026-09-19 01:30:00,57.7,11.2,8.7,2.48,0.56,-0.26,36.5,0.303,21.9,140.2,CRITICAL,Sudden Upstream,MEDIUM
2026-09-19 02:00:00,71.3,14.9,9.4,2.43,0.57,-0.35,38.3,0.341,48.4,312.8,HIGH,Sudden Upstream,MEDIUM
2026-09-19 02:30:00,61.4,15.2,8.2,2.58,0.57,-0.26,36.1,0.326,32.2,143.8,CRITICAL,Sudden Upstream,MEDIUM
2026-09-19 03:00:00,68.5,14.1,7.5,2.57,0.56,-0.18,36.8,0.336,20.0,77.1,CRITICAL,Sudden Upstream,MEDIUM
2026-09-19 03:30:00,76.7,15.6,7.6,2.34,0.62,-0.3,37.1,0.326,158.6,1058.5,LOW,Sudden Upstream,LOW
2026-09-19 04:00:00,119.5,15.9,13.9,2.66,0.55,-0.27,35.8,0.34,60.8,395.2,MEDIUM,Sudden Upstream,MEDIUM
2026-09-19 04:30:00,82.3,15.0,10.5,2.38,0.59,-0.33,38.5,0.357,96.9,1062.3,LOW,Sudden Upstream,MEDIUM
2026-09-19 05:00:00,62.6,10.1,11.2,2.43,0.47,-0.17,40.8,0.343,174.5,854.8,LOW,Sudden Upstream,LOW
2026-09-19 05:30:00,98.5,13.5,12.2,2.37,0.39,-0.1,41.3,0.371,167.4,1064.0,LOW,Sudden Upstream,LOW
2026-09-19 06:00:00,67.5,9.3,10.5,2.57,0.51,-0.21,39.8,0.356,94.1,778.8,LOW,Sudden Upstream,MEDIUM
2026-09-19 06:30:00,93.6,12.1,12.8,2.64,0.53,-0.07,40.5,0.376,139.2,833.8,LOW,Sudden Upstream,MEDIUM
2026-09-19 07:00:00,55.5,10.0,7.1,2.63,0.6,-0.2,35.8,0.306,92.4,861.0,LOW,Sudden Upstream,MEDIUM
2026-09-19 07:30:00,73.1,13.3,8.8,2.39,0.64,-0.12,39.4,0.342,20.0,211.9,CRITICAL,Sudden Upstream,MEDIUM
2026-09-19 08:00:00,40.8,9.1,7.0,2.49,0.53,-0.09,38.4,0.32,36.1,331.1,HIGH,Sudden Upstream,MEDIUM
2026-09-19 08:30:00,58.3,16.2,5.7,2.48,0.51,-0.07,37.1,0.317,159.8,864.9,LOW,Sudden Upstream,LOW
2026-09-19 09:00:00,33.7,9.7,6.4,2.49,0.51,-0.33,38.2,0.32,22.7,143.1,CRITICAL,Sudden Upstream,MEDIUM
2026-09-19 09:30:00,23.3,13.7,2.9,2.71,0.43,-0.28,37.1,0.283,139.5,363.8,LOW,Sudden Upstream,MEDIUM
2026-09-19 10:00:00,64.4,10.8,11.5,2.65,0.67,-0.17,40.3,0.339,60.2,241.0,HIGH,Sudden Upstream,MEDIUM
2026-09-19 10:30:00,34.1,11.5,3.4,2.36,0.51,-0.16,39.6,0.323,42.2,484.2,MEDIUM,Sudden Upstream,MEDIUM
2026-09-19 11:00:00,50.3,10.5,5.4,2.81,0.56,-0.18,41.5,0.345,57.5,513.4,MEDIUM,Sudden Upstream,MEDIUM
2026-09-19 11:30:00,22.0,9.2,3.4,2.6,0.63,-0.09,41.6,0.331,181.8,1094.6,LOW,Sudden Upstream,MEDIUM
2026-09-19 12:00:00,51.2,12.1,6.9,2.62,0.58,-0.29,41.8,0.353,155.1,768.2,LOW,Sudden Upstream,MEDIUM
2026-09-19 12:30:00,75.7,15.7,8.1,2.42,0.66,-0.25,38.9,0.336,78.6,323.8,MEDIUM,Sudden Upstream,MEDIUM
2026-09-19 13:00:00,55.9,13.1,6.0,2.76,0.46,-0.26,40.6,0.344,163.2,706.2,LOW,Sudden Upstream,MEDIUM
2026-09-19 13:30:00,105.2,16.7,11.8,2.54,0.65,-0.21,42.2,0.38,69.1,205.1,HIGH,Sudden Upstream,MEDIUM
2026-09-19 14:00:00,65.9,10.0,9.7,2.76,0.61,-0.24,39.2,0.339,131.5,457.7,LOW,Sudden Upstream,MEDIUM
2026-09-19 14:30:00,87.8,14.9,10.9,2.82,0.68,-0.1,39.4,0.373,156.0,995.5,LOW,Sudden Upstream,MEDIUM
2026-09-19 15:00:00,39.7,13.1,4.4,2.52,0.5,-0.18,41.3,0.325,78.4,385.1,MEDIUM,Sudden Upstream,MEDIUM
2026-09-19 15:30:00,35.9,12.0,2.5,2.84,0.66,-0.14,42.6,0.331,77.9,198.5,MEDIUM,Sudden Upstream,MEDIUM
2026-09-19 16:00:00,27.5,11.5,3.5,2.42,0.63,-0.3,36.1,0.298,25.4,198.6,CRITICAL,Sudden Upstream,MEDIUM
2026-09-19 16:30:00,32.5,9.6,3.6,2.77,0.67,-0.24,39.2,0.316,183.0,485.0,LOW,Sudden Upstream,MEDIUM
2026-09-19 17:00:00,56.2,9.9,8.7,2.45,0.53,-0.21,40.2,0.337,76.0,508.1,LOW,Sudden Upstream,LOW
2026-09-19 17:30:00,23.6,10.0,2.7,2.86,0.55,-0.19,42.9,0.344,27.9,59.9,CRITICAL,Sudden Upstream,MEDIUM
2026-09-19 18:00:00,25.5,14.7,2.9,2.74,0.65,-0.17,36.9,0.281,176.5,619.6,LOW,Sudden Upstream,MEDIUM
2026-09-19 18:30:00,98.0,17.2,12.0,2.81,0.72,-0.09,43.4,0.41,180.7,509.8,LOW,Sudden Upstream,MEDIUM
2026-09-19 19:00:00,90.8,13.1,12.4,2.91,0.5,-0.05,37.2,0.335,164.4,567.1,LOW,Sudden Upstream,MEDIUM
2026-09-19 19:30:00,54.6,15.9,4.2,2.92,0.65,-0.25,43.2,0.352,129.2,545.8,LOW,Sudden Upstream,MEDIUM
2026-09-19 20:00:00,49.3,11.0,7.4,2.71,0.56,-0.09,39.5,0.347,41.6,399.6,HIGH,Sudden Upstream,MEDIUM
2026-09-19 20:30:00,85.4,11.6,14.1,2.92,0.68,-0.04,37.3,0.352,155.6,883.4,LOW,Sudden Upstream,MEDIUM
2026-09-19 21:00:00,102.6,17.1,11.8,2.64,0.52,-0.2,37.3,0.338,31.5,208.5,HIGH,Sudden Upstream,MEDIUM
2026-09-19 21:30:00,124.2,17.2,13.3,2.6,0.61,-0.04,39.7,0.39,147.0,949.1,LOW,Sudden Upstream,MEDIUM
2026-09-19 22:00:00,63.7,17.0,5.7,2.75,0.76,-0.11,42.9,0.374,56.4,336.0,MEDIUM,Sudden Upstream,MEDIUM
2026-09-19 22:30:00,49.6,12.1,6.9,2.7,0.72,-0.23,43.1,0.371,143.0,640.1,LOW,Sudden Upstream,MEDIUM
2026-09-19 23:00:00,83.8,15.2,10.3,2.81,0.55,-0.06,43.1,0.395,164.2,904.0,LOW,Sudden Upstream,MEDIUM
2026-09-19 23:30:00,63.1,10.6,11.7,2.62,0.66,-0.03,37.6,0.316,178.9,365.8,LOW,Sudden Upstream,MEDIUM
2026-09-20 00:00:00,72.1,16.0,8.4,2.67,0.75,-0.26,40.8,0.344,106.9,987.7,LOW,Sudden Upstream,MEDIUM
2026-09-20 00:30:00,27.0,12.0,3.0,2.73,0.76,-0.0,38.4,0.302,180.3,545.4,LOW,Sudden Upstream,MEDIUM
2026-09-20 01:00:00,58.6,16.2,7.3,3.03,0.67,-0.06,38.0,0.315,153.7,520.5,LOW,Sudden Upstream,MEDIUM
2026-09-20 01:30:00,104.7,17.7,10.3,2.92,0.64,-0.19,44.5,0.414,19.4,44.3,CRITICAL,Sudden Upstream,MEDIUM
2026-09-20 02:00:00,83.8,15.3,11.1,2.63,0.58,0.01,44.5,0.38,126.1,408.9,LOW,Sudden Upstream,MEDIUM
2026-09-20 02:30:00,41.7,14.3,2.9,2.87,0.6,-0.16,42.5,0.353,51.0,441.7,MEDIUM,Sudden Upstream,MEDIUM
2026-09-20 03:00:00,69.8,16.0,7.1,2.88,0.63,-0.23,38.4,0.347,18.5,178.3,CRITICAL,Sudden Upstream,MEDIUM
2026-09-20 03:30:00,39.8,16.8,3.4,3.03,0.74,-0.23,44.1,0.357,12.9,107.0,CRITICAL,Sudden Upstream,HIGH
2026-09-20 04:00:00,59.0,14.2,5.4,2.93,0.65,-0.13,41.0,0.349,95.6,949.4,LOW,Sudden Upstream,MEDIUM
2026-09-20 04:30:00,75.7,15.7,8.3,2.95,0.6,-0.01,39.7,0.35,113.4,438.0,LOW,Sudden Upstream,MEDIUM
2026-09-20 05:00:00,101.2,15.0,13.8,2.78,0.66,-0.12,40.7,0.368,96.0,516.5,LOW,Sudden Upstream,MEDIUM
2026-09-20 05:30:00,108.8,17.6,12.4,3.04,0.74,0.02,39.0,0.368,130.8,383.7,LOW,Sudden Upstream,MEDIUM
2026-09-20 06:00:00,110.2,16.8,12.1,3.01,0.73,-0.01,44.3,0.414,183.1,754.6,LOW,Sudden Upstream,MEDIUM
2026-09-20 06:30:00,75.4,11.7,10.5,2.83,0.78,-0.22,39.1,0.334,14.5,129.7,CRITICAL,Sudden Upstream,MEDIUM
2026-09-20 07:00:00,57.3,17.1,6.7,3.06,0.6,-0.12,43.6,0.353,139.2,648.7,LOW,Sudden Upstream,MEDIUM
2026-09-20 07:30:00,49.0,17.7,3.2,3.06,0.74,0.03,40.9,0.333,79.7,506.6,LOW,Sudden Upstream,MEDIUM
2026-09-20 08:00:00,72.8,13.9,7.7,2.93,0.69,0.01,44.8,0.396,171.8,909.7,LOW,Sudden Upstream,MEDIUM
2026-09-20 08:30:00,87.5,11.7,14.3,3.01,0.84,-0.12,45.3,0.399,152.0,814.1,LOW,Sudden Upstream,MEDIUM
2026-09-20 09:00:00,99.5,13.5,12.9,2.97,0.85,0.04,40.8,0.367,118.0,769.4,LOW,Sudden Upstream,MEDIUM
2026-09-20 09:30:00,118.9,17.3,12.3,2.84,0.82,-0.08,44.9,0.435,170.3,827.0,LOW,Sudden Upstream,MEDIUM
2026-09-20 10:00:00,25.7,11.2,3.9,3.07,0.61,-0.11,42.7,0.332,183.7,1075.7,LOW,Sudden Upstream,MEDIUM
2026-09-20 10:30:00,101.9,17.3,11.0,2.95,0.85,0.01,39.6,0.361,133.4,584.9,LOW,Sudden Upstream,MEDIUM
2026-09-20 11:00:00,72.9,16.5,7.5,3.27,0.83,-0.03,42.0,0.372,109.8,986.8,LOW,Sudden Upstream,MEDIUM
2026-09-20 11:30:00,65.2,17.3,7.0,2.86,0.74,-0.03,45.2,0.377,66.5,358.4,MEDIUM,Sudden Upstream,MEDIUM
2026-09-20 12:00:00,43.2,11.1,5.7,3.27,0.76,-0.21,42.4,0.341,75.7,549.0,LOW,Sudden Upstream,MEDIUM
2026-09-20 12:30:00,94.2,11.4,13.8,2.92,0.83,0.06,43.9,0.381,172.5,595.8,LOW,Sudden Upstream,MEDIUM
2026-09-20 13:00:00,51.0,12.8,6.1,2.96,0.83,-0.05,41.8,0.35,78.2,339.5,MEDIUM,Sudden Upstream,MEDIUM
2026-09-20 13:30:00,90.6,14.7,11.9,3.23,0.69,-0.2,46.5,0.414,74.4,257.4,MEDIUM,Sudden Upstream,MEDIUM
2026-09-20 14:00:00,26.4,12.7,3.2,3.11,0.76,-0.18,43.4,0.34,128.3,1085.2,LOW,Sudden Upstream,MEDIUM
2026-09-20 14:30:00,86.2,12.2,11.2,3.34,0.8,0.01,44.4,0.39,27.2,20.0,CRITICAL,Sudden Upstream,HIGH
2026-09-20 15:00:00,73.0,12.1,12.4,3.16,0.83,0.05,44.4,0.393,19.2,71.3,CRITICAL,Sudden Upstream,HIGH
2026-09-20 15:30:00,39.1,14.8,3.3,3.31,0.86,-0.13,43.4,0.369,133.1,459.0,LOW,Sudden Upstream,MEDIUM
2026-09-20 16:00:00,94.1,18.5,9.3,3.36,0.77,-0.04,41.6,0.388,110.2,463.1,LOW,Sudden Upstream,MEDIUM
2026-09-20 16:30:00,105.7,16.3,12.7,3.15,0.67,-0.06,40.6,0.376,26.0,76.8,CRITICAL,Sudden Upstream,HIGH
2026-09-20 17:00:00,44.7,15.3,4.0,3.28,0.74,-0.16,44.1,0.373,152.8,775.6,LOW,Sudden Upstream,MEDIUM
2026-09-20 17:30:00,53.8,13.9,7.2,3.15,0.74,0.11,45.3,0.391,26.5,77.8,CRITICAL,Sudden Upstream,HIGH
2026-09-20 18:00:00,79.5,19.4,6.3,3.26,0.74,0.11,41.4,0.375,17.5,126.3,CRITICAL,Sudden Upstream,HIGH
2026-09-20 18:30:00,43.6,14.0,3.9,3.05,0.88,0.1,43.8,0.354,107.3,709.2,LOW,Sudden Upstream,MEDIUM
2026-09-20 19:00:00,66.7,19.5,5.3,3.08,0.71,-0.17,46.5,0.394,53.6,215.5,HIGH,Sudden Upstream,MEDIUM
2026-09-20 19:30:00,80.5,13.7,10.1,3.18,0.78,0.06,45.1,0.396,135.5,465.2,LOW,Sudden Upstream,MEDIUM
2026-09-20 20:00:00,31.1,18.1,2.6,3.49,0.9,0.11,44.0,0.337,64.5,137.2,HIGH,Sudden Upstream,HIGH
2026-09-20 20:30:00,32.4,12.2,4.4,3.34,0.77,0.05,47.7,0.381,47.0,336.5,HIGH,Sudden Upstream,HIGH
2026-09-20 21:00:00,116.6,15.8,14.2,3.54,0.91,0.07,42.2,0.395,44.9,487.4,MEDIUM,Sudden Upstream,MEDIUM
2026-09-20 21:30:00,46.9,16.9,2.9,3.31,0.84,-0.07,45.6,0.378,92.7,424.5,LOW,Sudden Upstream,MEDIUM
2026-09-20 22:00:00,58.6,12.9,7.3,3.4,0.87,0.1,47.6,0.405,157.2,652.8,LOW,Sudden Upstream,MEDIUM
2026-09-20 22:30:00,105.5,13.5,14.4,3.56,0.73,-0.03,44.1,0.407,14.4,173.9,CRITICAL,Sudden Upstream,HIGH
2026-09-20 23:00:00,116.5,16.2,12.8,3.34,0.73,0.12,41.8,0.409,137.8,472.6,LOW,Sudden Upstream,MEDIUM
2026-09-20 23:30:00,88.3,15.2,10.7,3.15,0.73,0.01,44.8,0.389,35.2,391.5,HIGH,Sudden Upstream,MEDIUM
2026-09-21 00:00:00,107.3,18.5,9.9,3.14,0.84,-0.08,42.1,0.38,48.7,360.3,HIGH,Sudden Upstream,HIGH
2026-09-21 00:30:00,101.8,19.1,9.2,3.63,0.79,0.13,45.7,0.4,19.7,183.1,CRITICAL,Sudden Upstream,HIGH
2026-09-21 01:00:00,108.9,16.6,13.4,3.42,0.84,0.1,48.3,0.454,91.2,902.2,LOW,Sudden Upstream,MEDIUM
2026-09-21 01:30:00,26.0,13.2,3.3,3.37,0.99,0.07,44.9,0.344,137.8,573.2,LOW,Sudden Upstream,MEDIUM
2026-09-21 02:00:00,105.4,19.6,10.3,3.18,0.91,-0.07,45.6,0.412,108.2,981.4,LOW,Sudden Upstream,MEDIUM
2026-09-21 02:30:00,97.5,19.9,8.9,3.3,0.83,0.14,42.9,0.382,84.4,1007.6,LOW,Sudden Upstream,MEDIUM
2026-09-21 03:00:00,80.6,14.9,8.6,3.44,0.83,0.16,48.9,0.425,29.0,144.5,CRITICAL,Sudden Upstream,HIGH
2026-09-21 03:30:00,83.4,14.9,11.2,3.54,1.0,0.13,45.1,0.396,35.8,326.6,HIGH,Sudden Upstream,HIGH
2026-09-21 04:00:00,102.9,14.7,14.2,3.3,0.79,0.17,44.0,0.407,151.6,613.9,LOW,Sudden Upstream,MEDIUM
2026-09-21 04:30:00,66.9,16.2,8.4,3.68,0.84,-0.12,46.2,0.406,135.7,650.7,LOW,Sudden Upstream,HIGH
2026-09-21 05:00:00,96.3,15.5,11.8,3.3,0.87,-0.0,47.0,0.434,96.0,846.7,LOW,Sudden Upstream,MEDIUM
2026-09-21 05:30:00,65.6,13.9,6.8,3.38,0.94,-0.03,46.7,0.408,85.0,690.8,LOW,Sudden Upstream,MEDIUM
2026-09-21 06:00:00,71.5,13.4,9.5,3.5,0.81,0.1,44.8,0.391,87.0,367.6,MEDIUM,Sudden Upstream,MEDIUM
2026-09-21 06:30:00,89.2,13.8,11.9,3.39,0.89,0.17,45.8,0.401,105.0,514.0,LOW,Sudden Upstream,MEDIUM
2026-09-21 07:00:00,44.0,14.6,4.3,3.36,0.97,0.05,45.6,0.365,164.4,667.4,LOW,Sudden Upstream,MEDIUM
2026-09-21 07:30:00,83.9,17.6,7.7,3.48,1.04,-0.09,45.8,0.403,58.5,358.5,MEDIUM,Sudden Upstream,HIGH
2026-09-21 08:00:00,72.8,17.1,6.4,3.6,0.97,0.15,46.1,0.4,95.2,820.2,LOW,Sudden Upstream,HIGH
2026-09-21 08:30:00,52.4,13.6,7.5,3.47,1.0,0.03,46.1,0.367,155.2,789.1,LOW,Sudden Upstream,MEDIUM
2026-09-21 09:00:00,69.9,19.5,6.1,3.64,1.02,-0.09,46.4,0.396,73.5,406.4,MEDIUM,Sudden Upstream,HIGH
2026-09-21 09:30:00,83.6,20.8,6.4,3.59,0.87,-0.08,47.2,0.426,58.5,292.1,HIGH,Sudden Upstream,HIGH
2026-09-21 10:00:00,135.4,19.2,13.1,3.77,0.97,-0.04,50.0,0.477,66.5,473.2,MEDIUM,Sudden Upstream,HIGH
2026-09-21 10:30:00,100.8,17.8,10.7,3.78,1.04,0.12,44.1,0.391,145.9,498.7,LOW,Sudden Upstream,HIGH
2026-09-21 11:00:00,128.9,16.5,14.6,3.41,0.92,0.18,46.9,0.431,120.5,859.1,LOW,Sudden Upstream,MEDIUM
2026-09-21 11:30:00,146.1,20.4,13.6,3.52,0.85,0.12,48.4,0.464,73.9,528.7,LOW,Sudden Upstream,MEDIUM
2026-09-21 12:00:00,71.1,21.4,4.8,3.56,1.06,-0.0,48.0,0.408,65.0,408.7,MEDIUM,Sudden Upstream,HIGH
2026-09-21 12:30:00,140.4,19.0,13.7,3.52,0.85,0.02,47.6,0.452,96.8,987.3,LOW,Sudden Upstream,MEDIUM
2026-09-21 13:00:00,106.5,13.8,14.7,3.53,1.01,0.19,50.1,0.438,168.3,762.1,LOW,Sudden Upstream,MEDIUM
2026-09-21 13:30:00,79.6,18.5,6.8,3.91,0.97,0.03,45.6,0.406,57.0,150.0,HIGH,Sudden Upstream,HIGH
2026-09-21 14:00:00,88.1,21.5,6.6,3.54,1.03,0.19,46.0,0.403,151.4,424.2,LOW,Sudden Upstream,MEDIUM
2026-09-21 14:30:00,65.6,15.7,6.0,3.54,0.91,0.23,51.2,0.444,91.2,559.4,LOW,Sudden Upstream,MEDIUM
2026-09-21 15:00:00,63.2,15.7,6.2,3.65,0.89,0.15,47.8,0.408,86.1,1039.2,LOW,Sudden Upstream,HIGH
2026-09-21 15:30:00,95.7,16.2,10.5,3.73,0.93,0.2,47.9,0.428,57.3,393.7,MEDIUM,Sudden Upstream,HIGH
2026-09-21 16:00:00,59.3,19.0,6.0,3.76,1.08,0.17,49.4,0.409,63.2,362.1,MEDIUM,Sudden Upstream,HIGH
2026-09-21 16:30:00,96.8,21.3,8.2,3.8,0.89,-0.04,48.8,0.419,62.4,194.7,HIGH,Sudden Upstream,HIGH
2026-09-21 17:00:00,82.9,16.1,9.7,3.78,0.94,-0.01,48.0,0.419,99.5,1070.3,LOW,Sudden Upstream,HIGH
2026-09-21 17:30:00,141.6,21.9,12.1,3.58,0.92,0.11,47.5,0.456,74.9,362.4,MEDIUM,Sudden Upstream,HIGH
2026-09-21 18:00:00,82.7,21.0,7.1,4.05,0.95,0.04,51.4,0.447,72.6,170.3,HIGH,Sudden Upstream,HIGH
2026-09-21 18:30:00,113.0,16.6,12.0,3.8,0.96,0.17,45.5,0.411,145.6,660.8,LOW,Sudden Upstream,HIGH
2026-09-21 19:00:00,49.5,20.2,3.6,3.74,1.04,0.05,48.5,0.404,141.7,841.9,LOW,Sudden Upstream,HIGH
2026-09-21 19:30:00,58.5,14.6,6.7,3.65,1.14,0.18,49.1,0.403,24.7,35.7,CRITICAL,Sudden Upstream,HIGH
2026-09-21 20:00:00,73.0,19.6,7.5,3.73,1.06,-0.01,50.9,0.42,180.6,728.9,LOW,Sudden Upstream,HIGH
2026-09-21 20:30:00,90.3,22.3,8.4,3.84,0.92,0.23,50.0,0.43,175.8,891.1,LOW,Sudden Upstream,HIGH
2026-09-21 21:00:00,120.9,17.7,14.0,3.75,1.02,0.03,50.4,0.469,144.0,1091.1,LOW,Sudden Upstream,HIGH
2026-09-21 21:30:00,72.8,15.9,6.8,3.77,1.04,0.13,49.3,0.41,95.3,816.1,LOW,Sudden Upstream,HIGH
2026-09-21 22:00:00,114.2,16.6,13.0,3.81,1.05,0.13,50.9,0.473,124.8,815.2,LOW,Sudden Upstream,HIGH
2026-09-21 22:30:00,110.2,16.3,12.8,3.84,0.95,0.14,47.9,0.442,161.9,954.9,LOW,Sudden Upstream,HIGH
2026-09-21 23:00:00,59.0,18.9,5.5,3.75,1.17,0.25,47.3,0.398,151.9,906.8,LOW,Sudden Upstream,HIGH
2026-09-21 23:30:00,86.0,22.2,7.9,3.77,1.08,0.16,52.8,0.442,89.2,950.7,LOW,Sudden Upstream,HIGH
2026-09-22 00:00:00,162.7,22.6,14.8,4.18,1.02,0.06,46.9,0.479,124.0,780.6,LOW,Sudden Upstream,HIGH
2026-09-22 00:30:00,51.6,20.3,3.7,3.9,1.14,0.09,46.9,0.397,155.9,912.1,LOW,Sudden Upstream,HIGH
2026-09-22 01:00:00,74.8,20.1,7.4,4.12,1.14,0.24,47.8,0.423,103.4,580.8,LOW,Sudden Upstream,HIGH
2026-09-22 01:30:00,117.3,22.2,9.6,4.17,1.12,0.23,47.0,0.44,12.9,39.7,CRITICAL,Sudden Upstream,HIGH
2026-09-22 02:00:00,76.8,19.2,6.8,3.84,1.17,0.24,51.0,0.425,12.5,199.6,CRITICAL,Sudden Upstream,HIGH
2026-09-22 02:30:00,123.2,18.3,12.9,4.08,1.0,0.17,53.2,0.499,130.3,881.7,LOW,Sudden Upstream,HIGH
2026-09-22 03:00:00,102.8,20.7,8.8,4.23,1.16,0.06,51.7,0.475,94.3,495.8,LOW,Sudden Upstream,HIGH
2026-09-22 03:30:00,110.3,16.6,13.4,3.85,1.16,0.17,51.6,0.452,88.9,684.5,LOW,Sudden Upstream,HIGH
2026-09-22 04:00:00,51.1,22.3,4.0,4.19,1.13,0.1,47.9,0.386,134.2,631.7,LOW,Sudden Upstream,HIGH
2026-09-22 04:30:00,154.9,20.0,14.5,4.12,1.17,0.13,51.9,0.493,107.6,354.8,LOW,Sudden Upstream,HIGH
2026-09-22 05:00:00,160.6,22.1,14.1,4.24,1.09,0.22,50.5,0.496,171.8,849.3,LOW,Sudden Upstream,HIGH
2026-09-22 05:30:00,70.4,20.7,6.9,3.91,1.15,0.29,48.1,0.408,169.1,942.7,LOW,Sudden Upstream,HIGH
2026-09-22 06:00:00,49.7,19.8,4.0,4.13,1.24,0.17,49.5,0.421,155.4,630.0,LOW,Sudden Upstream,HIGH
2026-09-22 06:30:00,149.0,20.6,13.8,4.25,1.17,0.24,54.4,0.512,136.5,390.9,LOW,Sudden Upstream,HIGH
2026-09-22 07:00:00,50.4,15.7,6.2,4.06,1.24,0.15,50.9,0.41,132.1,696.1,LOW,Sudden Upstream,HIGH
2026-09-22 07:30:00,128.0,21.9,10.6,3.98,1.09,0.17,48.8,0.455,123.2,709.8,LOW,Sudden Upstream,HIGH
2026-09-22 08:00:00,114.4,18.5,12.1,4.27,1.09,0.04,53.0,0.473,53.7,143.4,HIGH,Sudden Upstream,HIGH
2026-09-22 08:30:00,137.2,19.3,13.6,4.22,1.04,0.25,54.1,0.513,156.9,978.3,LOW,Sudden Upstream,HIGH
2026-09-22 09:00:00,93.4,22.7,6.9,3.92,1.07,0.29,49.6,0.453,163.4,572.3,LOW,Sudden Upstream,HIGH
2026-09-22 09:30:00,41.5,19.9,2.9,4.0,1.18,0.3,49.6,0.403,173.7,952.3,LOW,Sudden Upstream,HIGH
2026-09-22 10:00:00,59.9,16.5,7.1,4.0,1.23,0.18,52.5,0.433,50.1,484.4,MEDIUM,Sudden Upstream,HIGH
2026-09-22 10:30:00,58.9,16.6,6.9,4.27,1.14,0.3,53.2,0.44,88.7,673.1,LOW,Sudden Upstream,HIGH
2026-09-22 11:00:00,122.3,24.0,10.1,4.16,1.04,0.33,48.9,0.445,91.8,811.9,LOW,Sudden Upstream,HIGH
2026-09-22 11:30:00,126.4,17.4,13.3,4.31,1.17,0.06,52.0,0.491,101.5,884.1,LOW,Sudden Upstream,HIGH
2026-09-22 12:00:00,103.7,20.3,9.7,4.16,1.11,0.13,51.5,0.459,103.9,643.8,LOW,Sudden Upstream,HIGH
2026-09-22 12:30:00,143.5,19.9,14.9,4.12,1.17,0.35,54.9,0.52,175.5,777.4,LOW,Sudden Upstream,HIGH
2026-09-22 13:00:00,134.7,18.4,13.7,4.07,1.2,0.17,55.9,0.514,159.4,951.4,LOW,Sudden Upstream,HIGH
2026-09-22 13:30:00,84.7,17.6,8.4,4.25,1.07,0.17,54.1,0.457,179.3,557.8,LOW,Sudden Upstream,HIGH
2026-09-22 14:00:00,122.0,17.9,13.8,4.34,1.27,0.17,54.9,0.5,149.7,959.8,LOW,Sudden Upstream,HIGH
2026-09-22 14:30:00,86.7,19.9,8.4,4.14,1.21,0.28,54.9,0.478,49.5,165.5,HIGH,Sudden Upstream,HIGH
2026-09-22 15:00:00,90.4,18.5,7.9,4.5,1.09,0.15,55.1,0.491,22.9,36.8,CRITICAL,Sudden Upstream,HIGH
2026-09-22 15:30:00,118.6,19.7,11.5,4.3,1.08,0.16,49.7,0.465,86.8,579.0,LOW,Sudden Upstream,HIGH
2026-09-22 16:00:00,53.6,19.5,3.7,4.47,1.09,0.11,53.8,0.445,169.0,720.9,LOW,Sudden Upstream,HIGH
2026-09-22 16:30:00,61.2,23.7,4.1,4.18,1.1,0.38,55.1,0.459,104.5,390.8,LOW,Sudden Upstream,HIGH
2026-09-22 17:00:00,137.6,20.2,13.1,4.37,1.25,0.34,55.9,0.521,156.0,581.2,LOW,Sudden Upstream,HIGH
2026-09-22 17:30:00,144.6,20.3,13.7,4.36,1.11,0.24,50.9,0.472,117.4,472.4,LOW,Sudden Upstream,HIGH
2026-09-22 18:00:00,143.8,20.7,13.7,4.51,1.1,0.32,52.3,0.479,38.6,549.5,MEDIUM,Sudden Upstream,HIGH
2026-09-22 18:30:00,117.5,20.8,10.5,4.5,1.25,0.31,51.2,0.452,184.7,375.1,LOW,Sudden Upstream,HIGH
2026-09-22 19:00:00,52.4,17.6,4.0,4.33,1.32,0.13,54.0,0.428,87.3,929.9,LOW,Sudden Upstream,HIGH
2026-09-22 19:30:00,117.3,22.2,10.3,4.48,1.17,0.39,54.3,0.497,157.8,997.9,LOW,Sudden Upstream,HIGH
2026-09-22 20:00:00,64.0,20.1,5.2,4.61,1.12,0.11,55.9,0.479,52.2,232.8,HIGH,Sudden Upstream,HIGH
2026-09-22 20:30:00,61.5,18.4,4.6,4.22,1.24,0.34,52.7,0.443,64.9,412.0,MEDIUM,Sudden Upstream,HIGH
2026-09-22 21:00:00,70.8,22.2,5.1,4.56,1.31,0.19,52.3,0.44,148.3,418.6,LOW,Sudden Upstream,HIGH
2026-09-22 21:30:00,43.5,18.3,3.1,4.36,1.21,0.24,51.3,0.417,179.1,1002.6,LOW,Sudden Upstream,HIGH
2026-09-22 22:00:00,123.3,23.5,10.5,4.31,1.22,0.41,57.2,0.504,93.4,360.4,MEDIUM,Sudden Upstream,HIGH
2026-09-22 22:30:00,105.0,19.4,10.4,4.32,1.36,0.37,57.6,0.515,50.1,239.9,HIGH,Sudden Upstream,HIGH
2026-09-22 23:00:00,66.9,23.4,4.8,4.54,1.34,0.27,53.9,0.444,175.2,474.3,LOW,Sudden Upstream,HIGH
2026-09-22 23:30:00,52.3,19.3,5.4,4.61,1.25,0.21,56.4,0.445,136.6,383.2,LOW,Sudden Upstream,HIGH
2026-09-23 00:00:00,128.9,19.0,12.4,4.55,1.16,0.39,54.7,0.515,44.4,435.9,MEDIUM,Sudden Upstream,HIGH
2026-09-23 00:30:00,142.8,22.3,12.0,4.51,1.34,0.14,56.4,0.526,121.0,620.9,LOW,Sudden Upstream,HIGH
2026-09-23 01:00:00,80.9,19.5,8.6,4.37,1.17,0.24,56.0,0.478,84.3,916.8,LOW,Sudden Upstream,HIGH
2026-09-23 01:30:00,151.1,25.5,11.0,4.36,1.25,0.15,52.7,0.517,35.5,524.7,MEDIUM,Sudden Upstream,HIGH
2026-09-23 02:00:00,141.8,19.5,14.9,4.47,1.19,0.41,58.0,0.544,94.5,603.1,LOW,Sudden Upstream,HIGH
2026-09-23 02:30:00,131.4,22.0,11.4,4.46,1.22,0.29,54.6,0.5,114.1,752.8,LOW,Sudden Upstream,HIGH
2026-09-23 03:00:00,62.9,24.4,3.5,4.62,1.26,0.3,55.7,0.447,139.8,406.4,LOW,Sudden Upstream,HIGH
2026-09-23 03:30:00,63.0,24.3,4.9,4.76,1.34,0.34,54.0,0.44,131.0,622.8,LOW,Sudden Upstream,HIGH
2026-09-23 04:00:00,131.4,24.4,10.8,4.46,1.38,0.25,54.1,0.49,78.3,523.9,LOW,Sudden Upstream,HIGH
2026-09-23 04:30:00,117.5,25.1,9.6,4.52,1.26,0.28,53.8,0.476,182.0,791.1,LOW,Sudden Upstream,HIGH
2026-09-23 05:00:00,74.7,19.8,7.7,4.87,1.21,0.36,52.3,0.452,138.1,777.7,LOW,Sudden Upstream,HIGH
2026-09-23 05:30:00,68.7,23.0,5.5,4.84,1.21,0.28,53.5,0.46,136.6,812.3,LOW,Sudden Upstream,HIGH
2026-09-23 06:00:00,75.5,22.9,4.9,4.52,1.29,0.26,55.8,0.459,133.3,946.2,LOW,Sudden Upstream,HIGH
2026-09-23 06:30:00,45.9,21.7,3.8,4.6,1.21,0.28,59.0,0.463,142.7,1034.7,LOW,Sudden Upstream,HIGH
2026-09-23 07:00:00,53.5,23.0,3.5,4.53,1.23,0.24,56.1,0.453,118.3,856.3,LOW,Sudden Upstream,HIGH
2026-09-23 07:30:00,153.8,26.0,11.2,4.65,1.4,0.33,52.7,0.515,23.9,196.3,CRITICAL,Sudden Upstream,CRITICAL
2026-09-23 08:00:00,53.6,23.3,4.3,4.48,1.46,0.39,58.1,0.458,83.6,372.0,MEDIUM,Sudden Upstream,HIGH
2026-09-23 08:30:00,170.3,23.8,14.9,4.88,1.42,0.26,56.1,0.547,146.9,980.3,LOW,Sudden Upstream,HIGH
2026-09-23 09:00:00,161.4,24.3,13.4,4.93,1.35,0.31,58.3,0.542,50.7,525.4,MEDIUM,Sudden Upstream,HIGH
2026-09-23 09:30:00,52.9,26.0,4.0,4.66,1.31,0.34,54.6,0.454,145.4,1087.5,LOW,Sudden Upstream,HIGH
2026-09-23 10:00:00,119.4,26.4,9.0,4.58,1.41,0.27,53.8,0.491,143.3,374.7,LOW,Sudden Upstream,HIGH
2026-09-23 10:30:00,148.9,22.5,13.3,4.88,1.39,0.41,54.7,0.527,33.3,212.7,HIGH,Sudden Upstream,CRITICAL
2026-09-23 11:00:00,115.4,21.3,11.5,4.6,1.26,0.4,53.7,0.481,103.3,685.8,LOW,Sudden Upstream,HIGH
2026-09-23 11:30:00,98.4,24.5,6.9,4.83,1.37,0.29,53.9,0.483,25.7,80.1,CRITICAL,Sudden Upstream,CRITICAL
2026-09-23 12:00:00,54.7,20.7,3.5,5.0,1.28,0.3,54.5,0.458,80.6,764.9,LOW,Sudden Upstream,CRITICAL
2026-09-23 12:30:00,39.2,21.7,3.3,4.99,1.27,0.49,56.7,0.455,126.0,485.7,LOW,Sudden Upstream,HIGH
2026-09-23 13:00:00,77.4,26.0,5.9,4.63,1.31,0.4,58.2,0.486,177.2,482.5,LOW,Sudden Upstream,HIGH
2026-09-23 13:30:00,138.8,23.6,11.0,4.64,1.47,0.3,60.1,0.561,60.0,384.9,MEDIUM,Sudden Upstream,HIGH
2026-09-23 14:00:00,139.9,25.7,11.6,4.86,1.39,0.25,54.0,0.492,140.5,623.3,LOW,Sudden Upstream,HIGH
2026-09-23 14:30:00,119.9,23.6,10.0,4.97,1.48,0.28,60.0,0.542,51.6,533.1,MEDIUM,Sudden Upstream,HIGH
2026-09-23 15:00:00,54.3,22.5,4.5,4.65,1.31,0.51,59.8,0.483,111.7,633.4,LOW,Sudden Upstream,HIGH
2026-09-23 15:30:00,84.5,26.3,6.1,4.82,1.3,0.44,55.5,0.464,125.8,372.0,LOW,Sudden Upstream,HIGH
2026-09-23 16:00:00,90.0,26.3,5.6,4.73,1.49,0.47,60.9,0.518,94.7,420.0,LOW,Sudden Upstream,HIGH
2026-09-23 16:30:00,93.9,24.5,7.3,4.7,1.37,0.3,59.8,0.527,51.0,541.5,MEDIUM,Sudden Upstream,HIGH
2026-09-23 17:00:00,82.7,21.7,7.5,4.93,1.32,0.32,59.2,0.518,16.8,128.3,CRITICAL,Sudden Upstream,CRITICAL
2026-09-23 17:30:00,61.8,22.5,4.9,4.95,1.32,0.32,58.9,0.473,58.4,276.0,HIGH,Sudden Upstream,CRITICAL
2026-09-23 18:00:00,131.5,21.4,12.6,5.14,1.46,0.53,57.0,0.536,136.0,894.7,LOW,Sudden Upstream,CRITICAL
2026-09-23 18:30:00,108.9,25.6,7.9,5.1,1.32,0.39,61.0,0.55,15.7,58.8,CRITICAL,Sudden Upstream,CRITICAL
2026-09-23 19:00:00,95.0,22.5,7.7,4.93,1.45,0.42,54.8,0.463,114.7,988.7,LOW,Sudden Upstream,HIGH
2026-09-23 19:30:00,51.9,27.5,3.6,4.82,1.56,0.42,60.5,0.499,91.8,825.5,LOW,Sudden Upstream,HIGH
2026-09-23 20:00:00,73.7,20.5,6.6,5.07,1.36,0.29,58.5,0.501,175.6,1093.7,LOW,Sudden Upstream,CRITICAL
2026-09-23 20:30:00,130.7,22.6,11.3,5.18,1.51,0.44,59.4,0.546,147.7,473.5,LOW,Sudden Upstream,CRITICAL
2026-09-23 21:00:00,63.4,26.6,3.3,4.79,1.57,0.27,56.6,0.458,147.5,604.5,LOW,Sudden Upstream,HIGH
2026-09-23 21:30:00,88.3,22.3,7.8,5.14,1.53,0.47,60.4,0.509,31.9,200.9,HIGH,Sudden Upstream,CRITICAL
2026-09-23 22:00:00,154.4,22.7,14.5,4.98,1.41,0.43,61.9,0.588,178.2,387.3,LOW,Sudden Upstream,HIGH
2026-09-23 22:30:00,195.1,27.9,14.0,5.3,1.43,0.4,58.3,0.581,170.7,451.4,LOW,Sudden Upstream,CRITICAL
2026-09-23 23:00:00,62.0,22.1,4.9,5.13,1.37,0.55,59.4,0.488,174.7,545.8,LOW,Sudden Upstream,CRITICAL
2026-09-23 23:30:00,108.9,22.3,9.5,5.25,1.42,0.28,58.4,0.502,88.1,434.3,LOW,Sudden Upstream,CRITICAL
2026-09-24 00:00:00,93.5,21.5,8.4,4.94,1.44,0.54,60.2,0.504,44.6,439.5,MEDIUM,Sudden Upstream,HIGH
2026-09-24 00:30:00,59.3,21.7,5.5,4.89,1.5,0.36,58.3,0.478,129.5,422.2,LOW,Sudden Upstream,HIGH
2026-09-24 01:00:00,182.1,25.2,15.0,5.14,1.5,0.44,58.9,0.564,118.1,508.5,LOW,Sudden Upstream,CRITICAL
2026-09-24 01:30:00,162.0,25.3,12.2,5.26,1.37,0.55,62.5,0.596,40.3,371.6,HIGH,Sudden Upstream,CRITICAL
2026-09-24 02:00:00,168.5,23.9,15.0,5.36,1.57,0.51,58.0,0.56,60.1,295.8,HIGH,Sudden Upstream,CRITICAL
2026-09-24 02:30:00,107.2,22.5,9.0,5.35,1.46,0.33,59.9,0.54,171.5,393.5,LOW,Sudden Upstream,CRITICAL
2026-09-24 03:00:00,166.2,28.5,11.1,5.39,1.44,0.58,60.2,0.576,38.9,321.5,HIGH,Sudden Upstream,CRITICAL
2026-09-24 03:30:00,143.2,27.6,10.3,5.09,1.41,0.33,58.6,0.526,156.1,538.2,LOW,Sudden Upstream,CRITICAL
2026-09-24 04:00:00,153.7,23.2,13.6,5.4,1.39,0.34,62.4,0.579,105.7,657.1,LOW,Sudden Upstream,CRITICAL
2026-09-24 04:30:00,64.1,26.8,4.7,5.21,1.6,0.53,61.9,0.521,44.1,488.2,MEDIUM,Sudden Upstream,CRITICAL
2026-09-24 05:00:00,179.6,27.8,12.6,5.17,1.48,0.3,58.0,0.573,14.6,152.5,CRITICAL,Sudden Upstream,CRITICAL
2026-09-24 05:30:00,61.1,25.3,4.0,5.29,1.4,0.52,59.8,0.483,81.5,456.7,LOW,Sudden Upstream,CRITICAL
2026-09-24 06:00:00,58.6,27.7,4.1,5.22,1.41,0.3,57.4,0.478,91.3,801.4,LOW,Sudden Upstream,CRITICAL
2026-09-24 06:30:00,97.4,28.2,6.8,5.41,1.64,0.39,60.9,0.542,183.0,437.3,LOW,Sudden Upstream,CRITICAL
2026-09-24 07:00:00,129.9,27.3,9.4,5.06,1.55,0.4,61.7,0.549,121.6,908.8,LOW,Sudden Upstream,CRITICAL
2026-09-24 07:30:00,125.0,25.8,9.3,5.2,1.53,0.36,62.1,0.551,51.2,427.9,MEDIUM,Sudden Upstream,CRITICAL
2026-09-24 08:00:00,206.5,28.6,14.9,5.34,1.43,0.51,57.6,0.57,127.4,380.2,LOW,Sudden Upstream,CRITICAL
2026-09-24 08:30:00,173.6,26.5,12.5,5.38,1.65,0.39,59.3,0.566,15.6,106.9,CRITICAL,Sudden Upstream,CRITICAL
2026-09-24 09:00:00,153.0,22.3,13.6,5.39,1.55,0.43,57.8,0.543,121.5,673.6,LOW,Sudden Upstream,CRITICAL
2026-09-24 09:30:00,171.1,26.2,13.1,5.4,1.55,0.32,58.6,0.576,53.1,442.2,MEDIUM,Sudden Upstream,CRITICAL
2026-09-24 10:00:00,135.2,23.0,12.1,5.1,1.45,0.39,64.4,0.578,45.4,152.3,HIGH,Sudden Upstream,CRITICAL
2026-09-24 10:30:00,159.6,27.0,11.4,5.14,1.63,0.37,58.3,0.546,184.8,695.9,LOW,Sudden Upstream,CRITICAL
2026-09-24 11:00:00,70.6,24.9,5.4,5.46,1.58,0.59,62.7,0.534,66.0,240.6,HIGH,Sudden Upstream,CRITICAL
2026-09-24 11:30:00,194.1,27.7,14.5,5.59,1.52,0.6,58.1,0.589,28.9,96.3,CRITICAL,Sudden Upstream,CRITICAL
2026-09-24 12:00:00,126.3,24.7,10.5,5.38,1.61,0.34,62.3,0.559,165.6,551.4,LOW,Sudden Upstream,CRITICAL
2026-09-24 12:30:00,60.3,23.9,3.9,5.57,1.57,0.55,60.7,0.5,168.0,357.3,LOW,Sudden Upstream,CRITICAL
2026-09-24 13:00:00,71.3,27.0,3.9,5.44,1.68,0.49,63.2,0.526,128.1,561.0,LOW,Sudden Upstream,CRITICAL
2026-09-24 13:30:00,151.7,23.1,13.1,5.25,1.51,0.36,62.9,0.594,17.9,207.6,CRITICAL,Sudden Upstream,CRITICAL
2026-09-24 14:00:00,97.6,28.1,6.0,5.5,1.49,0.51,61.7,0.534,44.9,511.7,MEDIUM,Sudden Upstream,CRITICAL
2026-09-24 14:30:00,130.0,23.3,10.5,5.49,1.47,0.45,58.2,0.538,167.4,743.5,LOW,Sudden Upstream,CRITICAL
2026-09-24 15:00:00,74.8,22.6,6.7,5.47,1.55,0.47,63.4,0.537,46.2,416.9,MEDIUM,Sudden Upstream,CRITICAL
2026-09-24 15:30:00,147.6,23.4,13.1,5.63,1.66,0.54,59.5,0.549,96.3,871.7,LOW,Sudden Upstream,CRITICAL
2026-09-24 16:00:00,135.2,24.7,10.1,5.54,1.65,0.41,62.2,0.565,17.9,50.9,CRITICAL,Sudden Upstream,CRITICAL
2026-09-24 16:30:00,121.9,25.1,9.2,5.66,1.55,0.45,61.9,0.542,102.2,652.7,LOW,Sudden Upstream,CRITICAL
2026-09-24 17:00:00,117.0,26.7,9.3,5.56,1.53,0.63,62.3,0.54,24.3,84.4,CRITICAL,Sudden Upstream,CRITICAL
2026-09-24 17:30:00,135.3,25.3,10.5,5.35,1.54,0.51,63.0,0.554,50.3,398.7,MEDIUM,Sudden Upstream,CRITICAL
2026-09-24 18:00:00,137.9,23.8,11.0,5.32,1.51,0.53,65.5,0.584,43.8,312.7,HIGH,Sudden Upstream,CRITICAL
2026-09-24 18:30:00,64.8,25.5,4.6,5.64,1.65,0.44,63.0,0.533,138.1,532.2,LOW,Sudden Upstream,CRITICAL
2026-09-24 19:00:00,81.0,25.6,5.5,5.69,1.71,0.49,59.6,0.52,86.7,1017.0,LOW,Sudden Upstream,CRITICAL
2026-09-24 19:30:00,159.7,23.4,12.8,5.55,1.71,0.49,59.5,0.571,111.6,639.3,LOW,Sudden Upstream,CRITICAL
2026-09-24 20:00:00,63.0,27.9,4.5,5.28,1.55,0.64,61.2,0.489,30.2,216.8,HIGH,Sudden Upstream,CRITICAL
2026-09-24 20:30:00,67.2,26.8,3.9,5.45,1.55,0.54,61.5,0.521,44.1,471.0,MEDIUM,Sudden Upstream,CRITICAL
2026-09-24 21:00:00,181.0,25.7,15.1,5.37,1.75,0.62,62.5,0.599,179.6,369.0,LOW,Sudden Upstream,CRITICAL
2026-09-24 21:30:00,171.6,27.3,12.5,5.43,1.61,0.4,63.3,0.595,160.7,386.9,LOW,Sudden Upstream,CRITICAL
2026-09-24 22:00:00,107.4,23.0,9.1,5.8,1.67,0.58,62.4,0.54,173.1,532.8,LOW,Sudden Upstream,CRITICAL
2026-09-24 22:30:00,175.7,29.1,12.4,5.47,1.55,0.64,61.1,0.576,95.4,711.2,LOW,Sudden Upstream,CRITICAL
2026-09-24 23:00:00,137.8,27.0,9.8,5.46,1.61,0.49,60.2,0.55,180.3,1046.6,LOW,Sudden Upstream,CRITICAL
2026-09-24 23:30:00,149.8,26.1,11.8,5.45,1.76,0.66,64.1,0.588,183.2,378.1,LOW,Sudden Upstream,CRITICAL
2026-09-25 00:00:00,80.2,22.6,6.7,5.4,1.76,0.54,60.7,0.501,94.9,737.8,LOW,Sudden Upstream,CRITICAL
2026-09-25 00:30:00,175.0,27.4,12.9,5.43,1.57,0.51,59.9,0.578,52.5,429.9,MEDIUM,Sudden Upstream,CRITICAL
2026-09-25 01:00:00,70.2,25.0,5.4,5.75,1.75,0.69,60.2,0.492,49.0,229.8,HIGH,Sudden Upstream,CRITICAL
2026-09-25 01:30:00,133.0,29.9,8.7,5.56,1.56,0.62,66.1,0.595,14.6,99.7,CRITICAL,Sudden Upstream,CRITICAL
2026-09-25 02:00:00,158.2,27.5,10.9,5.77,1.56,0.55,63.7,0.602,120.1,505.0,LOW,Sudden Upstream,CRITICAL
2026-09-25 02:30:00,65.3,25.3,5.0,5.56,1.68,0.51,62.7,0.503,19.4,196.9,CRITICAL,Sudden Upstream,CRITICAL
2026-09-25 03:00:00,117.8,25.8,8.9,5.5,1.7,0.47,60.8,0.537,13.9,200.9,CRITICAL,Sudden Upstream,CRITICAL
2026-09-25 03:30:00,141.2,23.0,12.5,5.93,1.58,0.68,63.7,0.578,102.5,819.2,LOW,Sudden Upstream,CRITICAL
2026-09-25 04:00:00,85.8,23.4,6.9,5.91,1.77,0.64,66.3,0.573,82.6,1080.3,LOW,Sudden Upstream,CRITICAL
2026-09-25 04:30:00,74.6,25.8,4.3,5.86,1.69,0.54,61.7,0.522,62.5,281.0,HIGH,Sudden Upstream,CRITICAL
2026-09-25 05:00:00,134.1,23.8,11.9,5.91,1.63,0.64,66.4,0.597,162.0,1081.3,LOW,Sudden Upstream,CRITICAL
2026-09-25 05:30:00,109.8,29.5,7.5,5.57,1.78,0.53,66.1,0.569,43.3,129.2,HIGH,Sudden Upstream,CRITICAL
2026-09-25 06:00:00,194.5,27.5,14.0,5.96,1.67,0.63,64.9,0.616,77.2,141.6,HIGH,Sudden Upstream,CRITICAL
2026-09-25 06:30:00,198.8,29.0,13.8,5.75,1.72,0.65,61.1,0.607,30.7,146.1,CRITICAL,Sudden Upstream,CRITICAL
2026-09-25 07:00:00,227.6,30.8,15.3,5.91,1.66,0.46,63.7,0.63,169.1,1009.9,LOW,Sudden Upstream,CRITICAL
2026-09-25 07:30:00,156.3,30.2,10.9,5.96,1.78,0.61,65.2,0.612,131.0,570.7,LOW,Sudden Upstream,CRITICAL
2026-09-25 08:00:00,69.7,24.7,4.4,5.69,1.67,0.69,66.9,0.566,117.0,797.4,LOW,Sudden Upstream,CRITICAL
2026-09-25 08:30:00,120.8,26.1,9.2,5.78,1.82,0.66,67.8,0.608,21.9,146.3,CRITICAL,Sudden Upstream,CRITICAL
2026-09-25 09:00:00,129.5,30.3,7.7,5.89,1.72,0.46,62.0,0.572,148.2,563.6,LOW,Sudden Upstream,CRITICAL
2026-09-25 09:30:00,128.5,27.4,9.4,5.85,1.74,0.55,66.2,0.58,46.9,175.3,HIGH,Sudden Upstream,CRITICAL
2026-09-25 10:00:00,101.2,28.3,6.8,5.8,1.73,0.62,63.7,0.565,90.1,1086.4,LOW,Sudden Upstream,CRITICAL
2026-09-25 10:30:00,61.5,28.4,3.9,5.84,1.79,0.72,65.9,0.548,131.0,1026.6,LOW,Sudden Upstream,CRITICAL
2026-09-25 11:00:00,196.4,27.8,14.7,5.72,1.77,0.57,62.4,0.599,128.8,640.2,LOW,Sudden Upstream,CRITICAL
2026-09-25 11:30:00,138.3,27.1,10.1,6.03,1.88,0.56,65.3,0.581,94.9,667.9,LOW,Sudden Upstream,CRITICAL
2026-09-25 12:00:00,70.8,31.3,4.5,5.62,1.8,0.55,66.8,0.554,119.8,807.4,LOW,Sudden Upstream,CRITICAL
2026-09-25 12:30:00,161.5,25.8,13.0,5.79,1.75,0.59,63.7,0.599,137.7,710.3,LOW,Sudden Upstream,CRITICAL
2026-09-25 13:00:00,65.5,26.5,4.3,5.76,1.8,0.62,62.3,0.511,66.9,158.9,HIGH,Sudden Upstream,CRITICAL
2026-09-25 13:30:00,166.2,31.3,10.9,5.72,1.64,0.59,65.9,0.617,164.6,521.3,LOW,Sudden Upstream,CRITICAL
2026-09-25 14:00:00,201.7,28.8,15.0,5.97,1.87,0.63,65.8,0.635,95.1,350.3,MEDIUM,Sudden Upstream,CRITICAL
2026-09-25 14:30:00,104.7,24.8,7.9,6.05,1.82,0.53,66.5,0.581,182.4,645.3,LOW,Sudden Upstream,CRITICAL
2026-09-25 15:00:00,217.2,31.4,13.6,6.05,1.77,0.69,67.9,0.679,152.9,419.0,LOW,Sudden Upstream,CRITICAL
2026-09-25 15:30:00,155.9,24.6,12.9,6.04,1.76,0.68,68.2,0.638,83.1,652.8,LOW,Sudden Upstream,CRITICAL
2026-09-25 16:00:00,90.2,28.6,6.3,6.15,1.79,0.54,63.3,0.531,150.3,447.4,LOW,Sudden Upstream,CRITICAL
2026-09-25 16:30:00,141.7,27.5,11.0,6.09,1.73,0.59,64.4,0.59,96.2,372.7,LOW,Sudden Upstream,CRITICAL
2026-09-25 17:00:00,122.3,26.3,8.3,5.98,1.73,0.55,64.9,0.568,29.9,37.3,CRITICAL,Sudden Upstream,CRITICAL
2026-09-25 17:30:00,97.2,31.4,5.6,6.14,1.88,0.68,66.9,0.57,167.1,1038.4,LOW,Sudden Upstream,CRITICAL
2026-09-25 18:00:00,59.1,24.4,3.7,5.84,1.71,0.48,65.3,0.521,16.5,144.8,CRITICAL,Sudden Upstream,CRITICAL
2026-09-25 18:30:00,113.8,27.6,8.7,6.16,1.91,0.66,64.0,0.558,147.9,587.1,LOW,Sudden Upstream,CRITICAL
2026-09-25 19:00:00,69.4,26.5,3.8,5.9,1.91,0.67,67.6,0.566,132.3,459.0,LOW,Sudden Upstream,CRITICAL
2026-09-25 19:30:00,138.4,31.1,8.6,6.2,1.73,0.62,69.6,0.618,110.7,987.5,LOW,Sudden Upstream,CRITICAL
2026-09-25 20:00:00,101.6,31.0,6.3,5.83,1.9,0.58,63.6,0.559,58.3,462.5,MEDIUM,Sudden Upstream,CRITICAL
2026-09-25 20:30:00,194.1,25.1,15.2,6.2,1.87,0.77,68.9,0.654,170.1,928.5,LOW,Sudden Upstream,CRITICAL
2026-09-25 21:00:00,106.0,25.0,8.6,6.1,1.83,0.51,69.2,0.58,96.2,534.3,LOW,Sudden Upstream,CRITICAL
2026-09-25 21:30:00,128.2,31.1,8.5,6.13,1.85,0.62,69.4,0.602,60.7,441.5,MEDIUM,Sudden Upstream,CRITICAL
2026-09-25 22:00:00,150.1,25.1,11.5,5.99,1.83,0.72,68.0,0.605,87.4,577.0,LOW,Sudden Upstream,CRITICAL
2026-09-25 22:30:00,224.4,32.2,14.1,6.05,1.86,0.71,67.5,0.652,166.4,859.7,LOW,Sudden Upstream,CRITICAL
2026-09-25 23:00:00,211.2,27.4,15.4,6.12,1.77,0.55,70.1,0.687,86.4,972.1,LOW,Sudden Upstream,CRITICAL
2026-09-25 23:30:00,213.9,31.1,14.0,5.86,1.83,0.8,68.8,0.67,147.3,1099.3,LOW,Sudden Upstream,CRITICAL
2026-09-26 00:00:00,192.7,31.1,12.2,6.21,1.77,0.73,66.8,0.632,59.3,157.9,HIGH,Sudden Upstream,CRITICAL
2026-09-26 00:30:00,116.4,27.8,7.5,5.96,1.94,0.55,68.9,0.612,128.2,586.5,LOW,Sudden Upstream,CRITICAL
2026-09-26 01:00:00,145.6,25.4,12.2,6.16,1.87,0.71,64.4,0.58,120.0,936.7,LOW,Sudden Upstream,CRITICAL
2026-09-26 01:30:00,143.1,26.6,10.8,5.97,1.8,0.75,65.9,0.592,59.2,253.0,HIGH,Sudden Upstream,CRITICAL
2026-09-26 02:00:00,153.6,26.9,10.8,6.2,1.91,0.68,65.6,0.617,14.9,134.8,CRITICAL,Sudden Upstream,CRITICAL
2026-09-26 02:30:00,210.8,31.0,14.6,6.35,1.82,0.79,67.8,0.648,54.0,498.6,MEDIUM,Sudden Upstream,CRITICAL
2026-09-26 03:00:00,72.7,25.2,5.9,6.26,1.92,0.71,65.4,0.537,44.2,387.8,HIGH,Sudden Upstream,CRITICAL
2026-09-26 03:30:00,96.9,32.2,5.4,6.06,1.93,0.63,70.5,0.61,183.7,964.2,LOW,Sudden Upstream,CRITICAL
2026-09-26 04:00:00,108.0,29.0,7.3,6.17,1.82,0.8,65.6,0.582,182.3,522.1,LOW,Sudden Upstream,CRITICAL
2026-09-26 04:30:00,137.1,27.4,10.6,6.39,1.88,0.63,67.7,0.597,73.2,311.3,MEDIUM,Sudden Upstream,CRITICAL
2026-09-26 05:00:00,223.3,31.4,14.7,6.19,1.96,0.73,67.6,0.665,137.6,972.8,LOW,Sudden Upstream,CRITICAL
2026-09-26 05:30:00,127.2,26.8,9.0,6.14,1.76,0.71,66.8,0.584,123.3,992.9,LOW,Sudden Upstream,CRITICAL
2026-09-26 06:00:00,119.1,31.3,7.2,6.3,1.93,0.78,66.7,0.591,84.6,852.0,LOW,Sudden Upstream,CRITICAL
2026-09-26 06:30:00,129.9,29.0,8.2,6.41,1.98,0.66,70.1,0.624,99.8,617.5,LOW,Sudden Upstream,CRITICAL
2026-09-26 07:00:00,124.1,31.6,7.6,6.19,1.76,0.57,70.7,0.617,126.7,445.2,LOW,Sudden Upstream,CRITICAL
2026-09-26 07:30:00,184.1,30.0,13.2,6.24,1.87,0.62,69.0,0.641,154.9,1039.7,LOW,Sudden Upstream,CRITICAL
2026-09-26 08:00:00,197.2,26.9,15.6,6.09,1.8,0.72,70.9,0.665,58.5,413.3,MEDIUM,Sudden Upstream,CRITICAL
2026-09-26 08:30:00,87.8,29.3,4.9,5.97,1.93,0.76,65.2,0.543,22.0,55.2,CRITICAL,Sudden Upstream,CRITICAL
2026-09-26 09:00:00,223.5,30.3,14.6,6.38,1.79,0.66,66.5,0.655,33.7,103.9,CRITICAL,Sudden Upstream,CRITICAL
2026-09-26 09:30:00,185.6,28.6,13.0,6.0,1.84,0.56,69.7,0.671,50.0,198.7,HIGH,Sudden Upstream,CRITICAL
2026-09-26 10:00:00,140.9,33.4,8.1,6.34,1.91,0.58,71.2,0.63,141.9,358.6,LOW,Sudden Upstream,CRITICAL
2026-09-26 10:30:00,170.9,26.2,12.6,6.08,1.83,0.57,68.9,0.623,20.1,187.0,CRITICAL,Sudden Upstream,CRITICAL
2026-09-26 11:00:00,86.3,31.5,4.5,6.48,1.96,0.63,68.9,0.578,16.2,75.8,CRITICAL,Sudden Upstream,CRITICAL
2026-09-26 11:30:00,153.8,26.4,11.7,6.17,1.84,0.8,70.9,0.643,55.6,240.7,HIGH,Sudden Upstream,CRITICAL
2026-09-26 12:00:00,125.7,32.0,8.3,6.27,1.9,0.74,68.3,0.59,104.0,813.9,LOW,Sudden Upstream,CRITICAL
2026-09-26 12:30:00,68.4,26.6,5.2,6.29,1.83,0.74,67.0,0.538,119.4,1058.0,LOW,Sudden Upstream,CRITICAL
2026-09-26 13:00:00,58.4,26.6,4.3,6.24,1.81,0.66,68.5,0.557,162.5,671.4,LOW,Sudden Upstream,CRITICAL
2026-09-26 13:30:00,161.8,29.4,11.3,6.45,1.94,0.82,66.9,0.612,120.7,1003.0,LOW,Sudden Upstream,CRITICAL
2026-09-26 14:00:00,164.2,31.6,10.8,6.1,1.92,0.74,72.2,0.653,153.6,920.7,LOW,Sudden Upstream,CRITICAL
2026-09-26 14:30:00,168.1,30.8,10.7,6.33,2.04,0.72,71.4,0.662,66.4,213.4,HIGH,Sudden Upstream,CRITICAL
2026-09-26 15:00:00,57.8,28.4,3.8,6.2,1.87,0.63,71.3,0.561,42.1,458.6,MEDIUM,Sudden Upstream,CRITICAL
2026-09-26 15:30:00,70.4,27.1,3.8,6.3,1.92,0.67,67.0,0.564,134.6,812.0,LOW,Sudden Upstream,CRITICAL
2026-09-26 16:00:00,172.1,26.7,13.2,6.14,1.94,0.67,71.6,0.67,36.4,544.1,MEDIUM,Sudden Upstream,CRITICAL
2026-09-26 16:30:00,104.4,32.5,6.1,6.18,1.83,0.81,68.4,0.578,50.9,226.7,HIGH,Sudden Upstream,CRITICAL
2026-09-26 17:00:00,178.4,26.4,13.0,6.59,2.04,0.74,71.5,0.649,183.1,359.8,LOW,Sudden Upstream,CRITICAL
2026-09-26 17:30:00,150.3,29.5,9.9,6.36,1.84,0.8,68.0,0.63,133.5,523.7,LOW,Sudden Upstream,CRITICAL
2026-09-26 18:00:00,126.1,32.7,7.6,6.18,1.94,0.6,66.6,0.586,82.0,429.3,MEDIUM,Sudden Upstream,CRITICAL
2026-09-26 18:30:00,244.1,33.8,14.6,6.58,2.04,0.87,72.8,0.722,169.9,446.5,LOW,Sudden Upstream,CRITICAL
2026-09-26 19:00:00,222.7,30.0,14.9,6.36,1.94,0.6,66.1,0.65,80.3,657.8,LOW,Sudden Upstream,CRITICAL
2026-09-26 19:30:00,130.6,34.1,7.1,6.26,1.85,0.72,72.2,0.639,157.3,670.8,LOW,Sudden Upstream,CRITICAL
2026-09-26 20:00:00,106.9,30.0,6.1,6.37,1.92,0.68,68.8,0.595,112.8,777.2,LOW,Sudden Upstream,CRITICAL
2026-09-26 20:30:00,191.9,32.7,12.4,6.35,2.04,0.69,72.5,0.687,17.9,163.7,CRITICAL,Sudden Upstream,CRITICAL
2026-09-26 21:00:00,184.2,31.5,11.6,6.52,1.84,0.66,72.4,0.69,73.1,398.0,MEDIUM,Sudden Upstream,CRITICAL
2026-09-26 21:30:00,135.5,31.5,9.1,6.48,2.0,0.82,72.9,0.63,138.0,823.4,LOW,Sudden Upstream,CRITICAL
2026-09-26 22:00:00,107.2,31.6,6.5,6.47,1.96,0.69,66.9,0.569,27.8,145.9,CRITICAL,Sudden Upstream,CRITICAL
2026-09-26 22:30:00,221.7,29.1,15.5,6.57,2.06,0.66,71.8,0.701,27.9,40.8,CRITICAL,Sudden Upstream,CRITICAL
2026-09-26 23:00:00,192.4,31.1,12.0,6.28,2.07,0.6,71.6,0.683,100.0,590.7,LOW,Sudden Upstream,CRITICAL
2026-09-26 23:30:00,126.9,26.9,8.7,6.66,2.08,0.6,70.3,0.624,72.8,156.1,HIGH,Sudden Upstream,CRITICAL
2026-09-27 00:00:00,108.6,28.1,6.9,6.42,1.9,0.67,67.0,0.581,184.4,741.7,LOW,Sudden Upstream,CRITICAL
2026-09-27 00:30:00,189.2,32.6,11.3,6.66,1.92,0.64,68.5,0.647,133.8,697.8,LOW,Sudden Upstream,CRITICAL
2026-09-27 01:00:00,194.7,30.5,13.4,6.47,1.86,0.72,67.6,0.635,122.8,455.0,LOW,Sudden Upstream,CRITICAL
2026-09-27 01:30:00,180.1,30.8,12.6,6.52,2.04,0.79,69.1,0.648,84.8,476.6,LOW,Sudden Upstream,CRITICAL
2026-09-27 02:00:00,66.6,29.1,4.3,6.45,2.06,0.71,73.2,0.603,50.6,490.5,MEDIUM,Sudden Upstream,CRITICAL
2026-09-27 02:30:00,146.3,27.7,10.1,6.44,2.07,0.88,69.7,0.617,58.0,230.1,HIGH,Sudden Upstream,CRITICAL
2026-09-27 03:00:00,147.6,33.6,9.1,6.42,2.1,0.74,68.2,0.604,145.1,577.5,LOW,Sudden Upstream,CRITICAL
2026-09-27 03:30:00,151.9,33.1,8.6,6.29,1.9,0.78,69.6,0.642,91.8,535.7,LOW,Sudden Upstream,CRITICAL
2026-09-27 04:00:00,88.8,31.2,5.5,6.57,2.03,0.62,69.3,0.589,120.2,615.8,LOW,Sudden Upstream,CRITICAL
2026-09-27 04:30:00,106.8,29.4,6.9,6.42,1.88,0.73,70.3,0.616,63.6,217.1,HIGH,Sudden Upstream,CRITICAL
2026-09-27 05:00:00,77.1,30.4,5.2,6.45,2.01,0.68,69.1,0.579,42.5,514.4,MEDIUM,Sudden Upstream,CRITICAL
2026-09-27 05:30:00,209.9,29.7,14.9,6.55,2.12,0.84,69.9,0.683,14.7,53.7,CRITICAL,Sudden Upstream,CRITICAL
2026-09-27 06:00:00,98.2,27.7,6.8,6.34,2.09,0.71,69.1,0.584,29.9,172.0,CRITICAL,Sudden Upstream,CRITICAL
2026-09-27 06:30:00,70.8,27.7,4.2,6.61,2.0,0.68,72.1,0.596,25.8,49.7,CRITICAL,Sudden Upstream,CRITICAL
2026-09-27 07:00:00,198.7,28.8,13.7,6.79,2.02,0.7,72.3,0.687,128.6,451.0,LOW,Sudden Upstream,CRITICAL
2026-09-27 07:30:00,90.3,30.5,5.5,6.63,1.91,0.71,74.4,0.622,45.7,478.5,MEDIUM,Sudden Upstream,CRITICAL
2026-09-27 08:00:00,169.6,32.4,10.9,6.44,2.01,0.89,73.8,0.659,12.3,54.4,CRITICAL,Sudden Upstream,CRITICAL
2026-09-27 08:30:00,247.8,33.1,15.5,6.34,1.93,0.79,70.3,0.714,155.3,803.8,LOW,Sudden Upstream,CRITICAL
2026-09-27 09:00:00,120.0,33.0,7.7,6.53,2.07,0.7,69.8,0.618,154.1,830.0,LOW,Sudden Upstream,CRITICAL
2026-09-27 09:30:00,240.5,31.3,15.4,6.49,1.96,0.89,68.9,0.69,83.6,1090.7,LOW,Sudden Upstream,CRITICAL
2026-09-27 10:00:00,134.2,31.4,8.2,6.61,1.93,0.78,67.8,0.606,132.9,350.0,LOW,Sudden Upstream,CRITICAL
2026-09-27 10:30:00,103.5,31.4,6.2,6.58,2.0,0.78,68.8,0.585,137.3,985.3,LOW,Sudden Upstream,CRITICAL
2026-09-27 11:00:00,237.4,35.1,14.7,6.62,1.92,0.92,74.1,0.714,85.4,903.5,LOW,Sudden Upstream,CRITICAL
2026-09-27 11:30:00,107.3,32.8,6.3,6.41,2.14,0.75,69.7,0.613,72.3,540.5,LOW,Sudden Upstream,CRITICAL
2026-09-27 12:00:00,168.0,31.7,10.8,6.42,2.12,0.84,73.0,0.654,119.2,475.0,LOW,Sudden Upstream,CRITICAL
2026-09-27 12:30:00,191.9,34.0,11.0,6.53,2.08,0.76,73.3,0.697,53.1,371.0,MEDIUM,Sudden Upstream,CRITICAL
2026-09-27 13:00:00,141.7,31.7,8.5,6.7,2.07,0.8,69.8,0.631,68.0,381.9,MEDIUM,Sudden Upstream,CRITICAL
2026-09-27 13:30:00,92.5,33.5,5.5,6.64,1.97,0.74,70.4,0.58,158.2,461.4,LOW,Sudden Upstream,CRITICAL
2026-09-27 14:00:00,98.5,30.5,6.5,6.83,2.05,0.82,68.6,0.585,115.8,612.6,LOW,Sudden Upstream,CRITICAL
2026-09-27 14:30:00,148.5,30.3,10.5,6.43,2.08,0.81,73.1,0.669,116.1,918.5,LOW,Sudden Upstream,CRITICAL
2026-09-27 15:00:00,245.3,34.2,14.4,6.68,2.0,0.77,72.5,0.734,39.1,138.1,HIGH,Sudden Upstream,CRITICAL
2026-09-27 15:30:00,205.8,31.5,13.2,6.83,2.1,0.72,74.6,0.705,26.0,29.6,CRITICAL,Sudden Upstream,CRITICAL
2026-09-27 16:00:00,224.5,31.2,15.4,6.56,1.99,0.88,73.4,0.725,58.8,230.7,HIGH,Sudden Upstream,CRITICAL
2026-09-27 16:30:00,148.6,28.8,10.8,6.61,2.15,0.8,73.4,0.668,157.4,1085.0,LOW,Sudden Upstream,CRITICAL
2026-09-27 17:00:00,81.9,27.6,6.1,6.65,2.09,0.65,68.5,0.572,110.6,723.3,LOW,Sudden Upstream,CRITICAL
2026-09-27 17:30:00,252.2,32.8,15.4,6.75,2.04,0.85,72.7,0.737,69.1,547.6,LOW,Sudden Upstream,CRITICAL
2026-09-27 18:00:00,215.3,34.5,13.0,6.56,1.94,0.85,74.1,0.722,138.1,351.1,LOW,Sudden Upstream,CRITICAL
2026-09-27 18:30:00,170.1,28.4,11.7,6.79,2.03,0.7,70.5,0.645,123.7,862.7,LOW,Sudden Upstream,CRITICAL
2026-09-27 19:00:00,173.5,27.6,12.0,6.46,2.02,0.82,74.8,0.694,89.6,454.2,LOW,Sudden Upstream,CRITICAL
2026-09-27 19:30:00,191.4,28.0,13.3,6.69,2.14,0.79,69.7,0.666,61.7,326.1,MEDIUM,Sudden Upstream,CRITICAL
2026-09-27 20:00:00,158.8,35.2,8.5,6.62,2.18,0.81,69.5,0.628,104.8,372.2,LOW,Sudden Upstream,CRITICAL
2026-09-27 20:30:00,216.6,33.0,14.2,6.59,2.12,0.78,71.9,0.698,120.6,856.1,LOW,Sudden Upstream,CRITICAL
2026-09-27 21:00:00,222.2,34.8,13.7,6.47,2.11,0.7,74.1,0.715,109.5,1006.7,LOW,Sudden Upstream,CRITICAL
2026-09-27 21:30:00,112.8,33.9,6.5,6.56,2.09,0.85,72.2,0.621,95.1,608.2,LOW,Sudden Upstream,CRITICAL
2026-09-27 22:00:00,184.6,30.5,12.6,6.66,2.05,0.76,72.5,0.674,16.2,211.1,CRITICAL,Sudden Upstream,CRITICAL
2026-09-27 22:30:00,128.0,35.5,7.1,6.91,1.99,0.78,72.4,0.643,31.3,24.2,CRITICAL,Sudden Upstream,CRITICAL
2026-09-27 23:00:00,125.5,29.9,8.0,6.63,2.04,0.74,73.2,0.624,72.4,371.5,MEDIUM,Sudden Upstream,CRITICAL
2026-09-27 23:30:00,225.4,30.1,15.6,6.84,2.03,0.7,71.5,0.702,68.9,440.4,MEDIUM,Sudden Upstream,CRITICAL
2026-09-28 00:00:00,96.7,28.1,6.3,6.53,2.04,0.69,69.6,0.582,80.1,440.5,MEDIUM,Sudden Upstream,CRITICAL
2026-09-28 00:30:00,162.2,34.8,9.2,6.58,2.04,0.83,73.0,0.664,174.5,848.9,LOW,Sudden Upstream,CRITICAL
2026-09-28 01:00:00,204.3,29.1,15.1,6.98,2.13,0.8,72.2,0.679,27.1,121.6,CRITICAL,Sudden Upstream,CRITICAL
2026-09-28 01:30:00,192.8,30.9,12.5,6.6,2.08,0.95,69.4,0.67,57.7,388.2,MEDIUM,Sudden Upstream,CRITICAL
2026-09-28 02:00:00,159.6,30.6,11.0,6.85,1.99,0.75,73.1,0.646,58.9,228.7,HIGH,Sudden Upstream,CRITICAL
2026-09-28 02:30:00,226.6,30.4,15.5,6.81,2.14,0.82,74.1,0.721,84.3,643.2,LOW,Sudden Upstream,CRITICAL
2026-09-28 03:00:00,192.8,32.2,12.3,6.88,2.08,0.76,72.8,0.691,21.6,75.0,CRITICAL,Sudden Upstream,CRITICAL
2026-09-28 03:30:00,176.1,33.0,11.3,6.94,1.98,0.88,74.3,0.67,122.8,370.8,LOW,Sudden Upstream,CRITICAL
2026-09-28 04:00:00,169.2,29.1,11.9,6.78,2.06,0.88,69.7,0.638,168.9,1096.2,LOW,Sudden Upstream,CRITICAL
2026-09-28 04:30:00,258.0,35.4,15.1,6.76,2.11,0.96,73.3,0.735,76.8,494.5,LOW,Sudden Upstream,CRITICAL
2026-09-28 05:00:00,96.5,32.2,6.0,6.97,2.1,0.75,70.1,0.582,102.0,867.3,LOW,Sudden Upstream,CRITICAL
2026-09-28 05:30:00,213.5,28.9,14.9,6.71,2.17,0.97,74.4,0.706,46.9,468.7,MEDIUM,Sudden Upstream,CRITICAL
2026-09-28 06:00:00,81.4,34.1,4.6,7.01,2.06,0.83,74.7,0.625,183.9,958.2,LOW,Sudden Upstream,CRITICAL
2026-09-28 06:30:00,206.2,30.8,13.2,6.96,2.05,0.72,70.8,0.677,97.8,391.0,LOW,Sudden Upstream,CRITICAL
2026-09-28 07:00:00,166.1,33.2,9.5,6.58,2.01,0.9,72.1,0.65,147.1,989.9,LOW,Sudden Upstream,CRITICAL
2026-09-28 07:30:00,198.7,30.3,13.9,6.89,2.15,0.68,76.2,0.71,141.3,1077.9,LOW,Sudden Upstream,CRITICAL
2026-09-28 08:00:00,183.9,31.3,12.6,6.97,2.08,0.73,74.2,0.679,97.7,958.6,LOW,Sudden Upstream,CRITICAL
2026-09-28 08:30:00,100.3,33.9,5.1,6.93,2.05,0.87,76.2,0.638,159.8,421.5,LOW,Sudden Upstream,CRITICAL
2026-09-28 09:00:00,103.6,31.2,6.3,6.97,2.0,0.9,71.8,0.601,74.9,287.0,MEDIUM,Sudden Upstream,CRITICAL
2026-09-28 09:30:00,226.8,34.8,12.9,6.65,2.07,0.88,70.8,0.697,18.1,80.5,CRITICAL,Sudden Upstream,CRITICAL
2026-09-28 10:00:00,139.3,34.7,8.3,7.06,2.18,0.95,76.6,0.681,118.0,353.2,LOW,Sudden Upstream,CRITICAL
2026-09-28 10:30:00,167.9,33.1,10.3,6.72,2.2,0.74,73.2,0.665,18.2,91.7,CRITICAL,Sudden Upstream,CRITICAL
2026-09-28 11:00:00,250.6,36.2,14.8,6.79,2.08,0.97,73.3,0.731,114.1,397.5,LOW,Sudden Upstream,CRITICAL
2026-09-28 11:30:00,185.6,35.3,10.6,6.99,2.19,0.78,73.8,0.695,19.3,194.2,CRITICAL,Sudden Upstream,CRITICAL
2026-09-28 12:00:00,180.3,36.0,9.8,6.6,2.2,0.96,74.1,0.691,139.0,444.3,LOW,Sudden Upstream,CRITICAL
2026-09-28 12:30:00,65.9,33.7,4.0,6.79,2.06,0.95,70.5,0.58,151.7,361.6,LOW,Sudden Upstream,CRITICAL
2026-09-28 13:00:00,207.4,31.1,14.0,7.09,2.15,0.87,70.1,0.671,80.8,751.2,LOW,Sudden Upstream,CRITICAL
2026-09-28 13:30:00,194.7,35.3,11.0,6.69,2.18,0.74,71.1,0.669,55.6,127.8,HIGH,Sudden Upstream,CRITICAL
2026-09-28 14:00:00,203.5,33.0,12.2,6.85,2.21,0.95,75.8,0.711,139.8,534.7,LOW,Sudden Upstream,CRITICAL
2026-09-28 14:30:00,122.8,29.0,8.0,7.11,2.2,0.95,70.9,0.628,20.5,186.4,CRITICAL,Sudden Upstream,CRITICAL
2026-09-28 15:00:00,92.6,34.9,5.3,7.08,2.14,0.9,75.3,0.632,58.6,427.8,MEDIUM,Sudden Upstream,CRITICAL
2026-09-28 15:30:00,111.3,31.1,7.4,6.71,2.07,0.87,71.7,0.605,37.7,417.3,HIGH,Sudden Upstream,CRITICAL
2026-09-28 16:00:00,68.0,28.6,4.6,6.71,2.12,0.98,74.6,0.617,39.9,404.8,HIGH,Sudden Upstream,CRITICAL
2026-09-28 16:30:00,199.6,35.1,11.6,6.75,2.18,0.77,71.2,0.671,67.8,283.7,MEDIUM,Sudden Upstream,CRITICAL
2026-09-28 17:00:00,156.6,31.7,9.8,6.77,2.23,0.91,75.2,0.68,150.4,564.4,LOW,Sudden Upstream,CRITICAL
2026-09-28 17:30:00,191.6,36.2,10.4,7.1,2.23,0.84,71.6,0.687,24.0,71.4,CRITICAL,Sudden Upstream,CRITICAL
2026-09-28 18:00:00,74.9,32.2,4.0,6.76,2.11,0.97,70.5,0.584,95.9,490.8,LOW,Sudden Upstream,CRITICAL
2026-09-28 18:30:00,245.7,31.9,15.6,7.02,2.05,0.72,76.5,0.737,46.2,200.4,HIGH,Sudden Upstream,CRITICAL
2026-09-28 19:00:00,132.8,33.3,7.8,6.87,2.13,0.84,74.0,0.639,140.2,868.4,LOW,Sudden Upstream,CRITICAL
2026-09-28 19:30:00,144.1,29.0,10.0,7.15,2.16,0.75,76.8,0.669,159.8,497.6,LOW,Sudden Upstream,CRITICAL
2026-09-28 20:00:00,96.9,32.6,5.0,6.82,2.06,0.75,77.2,0.655,78.6,328.7,MEDIUM,Sudden Upstream,CRITICAL
2026-09-28 20:30:00,191.1,34.2,10.9,7.02,2.22,0.72,70.9,0.653,60.1,152.0,HIGH,Sudden Upstream,CRITICAL
2026-09-28 21:00:00,229.3,30.1,15.1,6.88,2.08,0.81,70.4,0.686,127.1,833.8,LOW,Sudden Upstream,CRITICAL
2026-09-28 21:30:00,218.7,35.8,12.4,7.12,2.1,0.79,75.1,0.711,118.2,491.9,LOW,Sudden Upstream,CRITICAL
2026-09-28 22:00:00,149.6,29.5,9.5,7.07,2.23,0.87,76.5,0.685,161.4,505.4,LOW,Sudden Upstream,CRITICAL
2026-09-28 22:30:00,176.8,36.2,10.1,7.07,2.18,0.92,74.6,0.686,70.9,447.9,MEDIUM,Sudden Upstream,CRITICAL
2026-09-28 23:00:00,196.9,31.4,12.9,7.02,2.16,0.72,71.7,0.681,151.9,707.7,LOW,Sudden Upstream,CRITICAL
2026-09-28 23:30:00,203.2,34.1,12.9,7.11,2.14,0.87,70.9,0.668,87.4,960.0,LOW,Sudden Upstream,CRITICAL
2026-09-29 00:00:00,125.8,34.1,7.5,6.76,2.2,0.93,74.7,0.65,58.5,227.3,HIGH,Sudden Upstream,CRITICAL
2026-09-29 00:30:00,193.3,35.6,11.7,6.75,2.18,0.82,76.3,0.706,91.2,1054.0,LOW,Sudden Upstream,CRITICAL
2026-09-29 01:00:00,75.6,30.1,4.0,7.08,2.19,0.82,75.1,0.631,57.7,389.1,MEDIUM,Sudden Upstream,CRITICAL
2026-09-29 01:30:00,189.5,29.2,12.9,6.77,2.12,0.93,72.6,0.689,24.4,101.7,CRITICAL,Sudden Upstream,CRITICAL
2026-09-29 02:00:00,142.8,33.9,9.0,6.82,2.19,0.88,70.8,0.63,66.2,293.0,MEDIUM,Sudden Upstream,CRITICAL
2026-09-29 02:30:00,111.4,32.1,7.0,6.85,2.24,0.96,71.9,0.618,135.7,367.6,LOW,Sudden Upstream,CRITICAL
2026-09-29 03:00:00,228.9,34.6,14.2,7.19,2.13,0.73,72.6,0.702,22.1,151.5,CRITICAL,Sudden Upstream,CRITICAL
2026-09-29 03:30:00,224.8,35.4,13.2,7.05,2.12,0.98,71.9,0.712,32.7,139.8,CRITICAL,Sudden Upstream,CRITICAL
2026-09-29 04:00:00,213.0,32.0,14.1,7.14,2.26,0.9,73.1,0.695,137.7,1061.1,LOW,Sudden Upstream,CRITICAL
2026-09-29 04:30:00,110.7,36.7,6.2,6.99,2.25,0.83,72.6,0.631,107.0,396.3,LOW,Sudden Upstream,CRITICAL
2026-09-29 05:00:00,175.2,31.8,11.5,7.13,2.16,0.9,70.9,0.655,182.0,902.8,LOW,Sudden Upstream,CRITICAL
2026-09-29 05:30:00,70.5,29.1,4.9,7.2,2.04,0.75,77.4,0.63,102.6,357.0,LOW,Sudden Upstream,CRITICAL
2026-09-29 06:00:00,198.2,36.3,11.7,7.06,2.22,0.86,75.2,0.702,16.4,67.5,CRITICAL,Sudden Upstream,CRITICAL
2026-09-29 06:30:00,95.2,36.6,4.6,7.05,2.14,0.92,75.8,0.623,151.4,1038.1,LOW,Sudden Upstream,CRITICAL
2026-09-29 07:00:00,75.3,33.4,4.4,6.74,2.21,0.84,72.5,0.587,34.5,27.1,CRITICAL,Sudden Upstream,CRITICAL
2026-09-29 07:30:00,228.3,34.3,14.2,7.1,2.04,0.82,72.2,0.69,75.0,344.5,MEDIUM,Sudden Upstream,CRITICAL
2026-09-29 08:00:00,117.3,31.9,7.8,6.89,2.14,1.01,71.5,0.619,32.1,122.1,CRITICAL,Sudden Upstream,CRITICAL
2026-09-29 08:30:00,87.1,32.1,4.9,7.18,2.07,0.93,74.0,0.612,130.6,398.8,LOW,Sudden Upstream,CRITICAL
2026-09-29 09:00:00,165.1,29.8,10.5,7.07,2.07,0.74,71.9,0.666,137.4,984.6,LOW,Sudden Upstream,CRITICAL
2026-09-29 09:30:00,208.0,33.8,13.0,7.15,2.05,0.75,77.5,0.722,13.8,67.2,CRITICAL,Sudden Upstream,CRITICAL
2026-09-29 10:00:00,175.8,36.4,10.0,6.97,2.07,0.93,74.3,0.689,24.9,44.9,CRITICAL,Sudden Upstream,CRITICAL
2026-09-29 10:30:00,121.4,29.1,7.9,7.1,2.12,0.96,72.9,0.632,15.5,121.1,CRITICAL,Sudden Upstream,CRITICAL
2026-09-29 11:00:00,85.4,33.8,4.4,6.84,2.07,0.95,72.4,0.611,18.7,152.8,CRITICAL,Sudden Upstream,CRITICAL
2026-09-29 11:30:00,185.3,34.1,11.0,7.02,2.24,0.97,71.5,0.682,145.7,978.0,LOW,Sudden Upstream,CRITICAL
2026-09-29 12:00:00,83.9,33.7,4.3,7.16,2.07,0.97,74.0,0.624,134.4,1095.5,LOW,Sudden Upstream,CRITICAL
2026-09-29 12:30:00,209.0,35.7,11.9,7.18,2.17,0.85,76.0,0.722,70.0,374.2,MEDIUM,Sudden Upstream,CRITICAL
2026-09-29 13:00:00,193.0,35.3,11.5,7.14,2.09,0.93,71.9,0.69,85.8,833.6,LOW,Sudden Upstream,CRITICAL
2026-09-29 13:30:00,179.4,34.6,10.4,7.18,2.26,0.97,74.7,0.688,164.0,378.1,LOW,Sudden Upstream,CRITICAL
2026-09-29 14:00:00,218.0,33.4,13.2,7.14,2.22,0.86,72.2,0.683,139.3,719.5,LOW,Sudden Upstream,CRITICAL
2026-09-29 14:30:00,171.1,34.2,10.2,6.73,2.17,0.72,75.7,0.69,35.3,533.1,MEDIUM,Sudden Upstream,CRITICAL
2026-09-29 15:00:00,213.2,34.0,13.5,6.83,2.22,0.99,76.2,0.724,183.9,690.8,LOW,Sudden Upstream,CRITICAL
2026-09-29 15:30:00,186.0,34.3,10.7,6.93,2.14,0.97,72.0,0.663,26.2,184.4,CRITICAL,Sudden Upstream,CRITICAL
2026-09-29 16:00:00,203.0,36.7,11.1,7.16,2.22,0.84,73.7,0.711,164.5,771.7,LOW,Sudden Upstream,CRITICAL
2026-09-29 16:30:00,231.0,32.3,15.4,7.02,2.07,1.01,70.9,0.708,53.4,131.6,HIGH,Sudden Upstream,CRITICAL
2026-09-29 17:00:00,208.7,34.3,11.9,7.12,2.14,0.87,71.1,0.684,103.5,521.4,LOW,Sudden Upstream,CRITICAL
2026-09-29 17:30:00,117.8,33.6,6.6,7.09,2.13,0.84,75.4,0.659,97.3,356.4,LOW,Sudden Upstream,CRITICAL
2026-09-29 18:00:00,128.0,33.2,8.2,6.77,2.06,0.97,75.2,0.662,106.9,382.3,LOW,Sudden Upstream,CRITICAL
2026-09-29 18:30:00,100.9,29.3,6.2,6.92,2.24,0.97,77.8,0.66,76.1,305.4,MEDIUM,Sudden Upstream,CRITICAL
2026-09-29 19:00:00,225.6,33.6,13.6,6.87,2.24,0.98,73.9,0.709,79.9,279.9,MEDIUM,Sudden Upstream,CRITICAL
2026-09-29 19:30:00,193.1,35.0,11.2,6.79,2.29,0.86,71.8,0.683,121.1,432.2,LOW,Sudden Upstream,CRITICAL
2026-09-29 20:00:00,133.9,36.0,7.7,6.75,2.17,0.8,71.9,0.648,175.6,687.4,LOW,Sudden Upstream,CRITICAL
2026-09-29 20:30:00,241.8,34.5,14.0,6.91,2.24,0.85,71.1,0.699,131.9,850.9,LOW,Sudden Upstream,CRITICAL
2026-09-29 21:00:00,111.1,32.9,6.3,6.91,2.1,0.99,74.1,0.62,123.5,848.6,LOW,Sudden Upstream,CRITICAL
2026-09-29 21:30:00,106.1,31.6,6.1,6.76,2.11,0.89,72.4,0.607,112.9,509.7,LOW,Sudden Upstream,CRITICAL
2026-09-29 22:00:00,168.7,32.5,10.7,7.17,2.15,1.01,76.4,0.693,68.2,152.3,HIGH,Sudden Upstream,CRITICAL
2026-09-29 22:30:00,135.1,34.6,7.1,6.82,2.12,0.9,71.0,0.623,30.1,26.6,CRITICAL,Sudden Upstream,CRITICAL
2026-09-29 23:00:00,213.7,34.7,13.1,6.81,2.18,0.98,72.7,0.699,36.8,492.1,MEDIUM,Sudden Upstream,CRITICAL
2026-09-29 23:30:00,205.0,31.0,14.2,7.09,2.24,0.73,71.2,0.681,92.3,716.8,LOW,Sudden Upstream,CRITICAL
2026-09-30 00:00:00,218.8,31.8,13.7,7.0,2.15,0.89,73.8,0.71,66.1,505.2,MEDIUM,Sudden Upstream,CRITICAL
2026-09-30 00:30:00,121.5,33.7,6.7,7.11,2.23,0.99,74.0,0.627,123.9,443.9,LOW,Sudden Upstream,CRITICAL
2026-09-30 01:00:00,168.1,35.7,9.6,6.88,2.16,0.73,75.5,0.676,160.3,378.2,LOW,Sudden Upstream,CRITICAL
2026-09-30 01:30:00,83.1,35.8,4.2,6.93,2.13,0.96,73.3,0.616,36.6,159.1,HIGH,Sudden Upstream,CRITICAL
2026-09-30 02:00:00,138.0,33.3,7.8,7.06,2.28,0.99,77.3,0.679,159.0,851.5,LOW,Sudden Upstream,CRITICAL
2026-09-30 02:30:00,117.3,30.5,7.3,6.87,2.07,0.74,73.1,0.63,88.3,413.2,LOW,Sudden Upstream,CRITICAL
2026-09-30 03:00:00,124.7,30.8,7.6,6.97,2.11,0.93,72.6,0.638,145.4,834.5,LOW,Sudden Upstream,CRITICAL
2026-09-30 03:30:00,223.8,33.1,14.1,7.05,2.11,0.95,74.1,0.719,142.4,428.5,LOW,Sudden Upstream,CRITICAL
2026-09-30 04:00:00,177.9,30.4,11.8,7.05,2.05,0.81,75.5,0.7,104.9,947.1,LOW,Sudden Upstream,CRITICAL
2026-09-30 04:30:00,116.7,32.2,6.4,7.24,2.07,0.75,77.7,0.655,31.3,181.9,CRITICAL,Sudden Upstream,CRITICAL
2026-09-30 05:00:00,228.7,35.6,12.8,6.94,2.15,0.75,77.2,0.742,163.2,729.3,LOW,Sudden Upstream,CRITICAL
2026-09-30 05:30:00,147.6,30.3,10.0,6.93,2.23,0.98,71.9,0.649,111.8,767.6,LOW,Sudden Upstream,CRITICAL
2026-09-30 06:00:00,220.1,36.3,12.4,6.92,2.12,0.81,75.8,0.72,164.5,762.9,LOW,Sudden Upstream,CRITICAL
2026-09-30 06:30:00,211.1,30.6,14.6,7.05,2.29,1.02,71.2,0.675,32.7,67.8,CRITICAL,Sudden Upstream,CRITICAL
2026-09-30 07:00:00,131.8,29.3,8.7,6.86,2.15,0.82,75.8,0.666,134.8,517.2,LOW,Sudden Upstream,CRITICAL
2026-09-30 07:30:00,179.8,30.6,12.0,7.24,2.17,0.9,75.3,0.68,149.7,879.1,LOW,Sudden Upstream,CRITICAL
2026-09-30 08:00:00,174.0,36.5,10.2,7.07,2.06,0.94,72.6,0.675,178.3,1047.4,LOW,Sudden Upstream,CRITICAL
2026-09-30 08:30:00,122.3,30.4,7.8,6.87,2.2,0.92,72.9,0.627,27.0,57.8,CRITICAL,Sudden Upstream,CRITICAL
2026-09-30 09:00:00,162.0,29.9,10.7,6.82,2.24,0.94,73.4,0.675,91.2,1036.2,LOW,Sudden Upstream,CRITICAL
2026-09-30 09:30:00,195.5,29.4,14.1,7.07,2.14,0.93,76.6,0.705,88.7,670.9,LOW,Sudden Upstream,CRITICAL
2026-09-30 10:00:00,124.9,29.0,8.0,6.99,2.1,0.95,77.3,0.667,122.2,1019.5,LOW,Sudden Upstream,CRITICAL
2026-09-30 10:30:00,87.1,30.7,4.7,6.78,2.1,1.02,72.2,0.6,55.8,240.8,HIGH,Sudden Upstream,CRITICAL
2026-09-30 11:00:00,190.1,29.7,13.2,6.96,2.1,0.91,75.9,0.721,122.9,731.2,LOW,Sudden Upstream,CRITICAL
2026-09-30 11:30:00,202.5,30.2,13.5,7.02,2.21,0.85,71.5,0.69,103.3,871.5,LOW,Sudden Upstream,CRITICAL
2026-09-30 12:00:00,196.6,32.8,12.9,7.2,2.14,0.8,71.1,0.679,97.2,541.2,LOW,Sudden Upstream,CRITICAL
2026-09-30 12:30:00,131.2,29.2,8.5,6.82,2.06,0.94,73.8,0.634,100.4,501.7,LOW,Sudden Upstream,CRITICAL
2026-09-30 13:00:00,145.1,33.8,8.0,6.87,2.25,0.86,76.6,0.689,108.3,708.2,LOW,Sudden Upstream,CRITICAL
2026-09-30 13:30:00,106.8,30.0,7.1,6.88,2.3,0.95,71.7,0.61,45.4,237.2,HIGH,Sudden Upstream,CRITICAL
2026-09-30 14:00:00,220.8,33.2,13.4,7.15,2.15,0.83,76.3,0.742,178.8,485.6,LOW,Sudden Upstream,CRITICAL
2026-09-30 14:30:00,189.9,32.8,12.0,6.91,2.16,0.95,76.7,0.702,14.4,174.7,CRITICAL,Sudden Upstream,CRITICAL
2026-09-30 15:00:00,270.1,35.0,15.6,7.05,2.11,0.86,73.2,0.745,81.1,573.8,LOW,Sudden Upstream,CRITICAL
2026-09-30 15:30:00,98.3,29.3,6.2,7.18,2.15,0.82,74.3,0.642,80.8,728.2,LOW,Sudden Upstream,CRITICAL
2026-09-30 16:00:00,118.8,34.2,6.4,7.21,2.26,0.72,76.0,0.662,93.1,929.4,LOW,Sudden Upstream,CRITICAL
2026-09-30 16:30:00,98.2,32.5,6.0,7.19,2.1,0.88,71.9,0.621,162.6,688.1,LOW,Sudden Upstream,CRITICAL
2026-09-30 17:00:00,136.6,34.4,8.2,6.87,2.21,0.92,71.0,0.641,154.4,814.9,LOW,Sudden Upstream,CRITICAL
2026-09-30 17:30:00,216.5,30.8,14.8,7.13,2.11,0.97,71.3,0.695,118.4,1096.6,LOW,Sudden Upstream,CRITICAL
2026-09-30 18:00:00,241.0,35.0,14.6,7.08,2.15,0.88,77.1,0.743,119.3,1068.3,LOW,Sudden Upstream,CRITICAL
2026-09-30 18:30:00,84.6,34.6,4.6,7.2,2.26,0.97,72.0,0.605,40.6,308.9,HIGH,Sudden Upstream,CRITICAL
2026-09-30 19:00:00,91.6,32.5,5.3,6.77,2.16,1.0,77.0,0.642,33.2,196.1,HIGH,Sudden Upstream,CRITICAL
2026-09-30 19:30:00,201.3,30.6,12.9,6.99,2.25,0.79,74.3,0.69,22.9,19.1,CRITICAL,Sudden Upstream,CRITICAL
2026-09-30 20:00:00,106.4,29.5,6.6,7.16,2.07,0.85,75.8,0.649,85.4,583.0,LOW,Sudden Upstream,CRITICAL
2026-09-30 20:30:00,152.9,34.7,8.8,6.96,2.18,0.94,77.2,0.694,41.8,436.7,MEDIUM,Sudden Upstream,CRITICAL
2026-09-30 21:00:00,115.4,32.6,6.2,6.97,2.2,0.76,75.3,0.647,165.9,764.0,LOW,Sudden Upstream,CRITICAL
2026-09-30 21:30:00,243.9,32.5,15.8,6.98,2.15,0.91,74.7,0.733,91.6,455.7,LOW,Sudden Upstream,CRITICAL
2026-09-30 22:00:00,138.3,30.2,8.4,6.74,2.29,0.9,77.7,0.68,147.8,491.8,LOW,Sudden Upstream,CRITICAL
2026-09-30 22:30:00,107.7,32.4,6.7,6.95,2.1,1.02,76.8,0.661,142.8,1073.1,LOW,Sudden Upstream,CRITICAL
2026-09-30 23:00:00,151.3,36.8,7.8,7.13,2.27,0.88,73.0,0.651,88.9,936.6,LOW,Sudden Upstream,CRITICAL
2026-09-30 23:30:00,136.8,29.0,9.4,7.01,2.2,1.01,76.5,0.686,32.2,34.9,CRITICAL,Sudden Upstream,CRITICAL
2026-10-01 00:00:00,217.7,31.2,14.8,6.86,2.08,0.84,73.1,0.715,182.9,991.4,LOW,Sudden Upstream,CRITICAL
2026-10-01 00:30:00,126.6,34.4,6.9,7.07,2.22,0.77,70.9,0.637,39.8,527.6,MEDIUM,Sudden Upstream,CRITICAL
2026-10-01 01:00:00,164.5,34.9,9.4,7.01,2.11,0.89,76.6,0.698,144.0,917.4,LOW,Sudden Upstream,CRITICAL
2026-10-01 01:30:00,119.9,34.4,6.8,7.07,2.12,0.87,73.2,0.634,45.9,137.7,HIGH,Sudden Upstream,CRITICAL
2026-10-01 02:00:00,197.8,30.5,13.6,6.8,2.13,0.99,73.4,0.705,93.5,732.7,LOW,Sudden Upstream,CRITICAL
2026-10-01 02:30:00,232.6,30.6,15.8,7.11,2.09,0.9,77.5,0.753,66.0,253.1,HIGH,Sudden Upstream,CRITICAL
2026-10-01 03:00:00,202.3,29.0,14.5,7.09,2.27,0.94,76.6,0.722,143.7,773.4,LOW,Sudden Upstream,CRITICAL
2026-10-01 03:30:00,137.0,34.4,8.5,6.84,2.06,1.01,74.9,0.664,161.4,917.3,LOW,Sudden Upstream,CRITICAL
2026-10-01 04:00:00,203.5,30.9,13.9,7.01,2.08,0.94,70.9,0.664,116.2,712.5,LOW,Sudden Upstream,CRITICAL
2026-10-01 04:30:00,79.6,33.3,4.7,6.74,2.15,0.97,77.0,0.647,49.3,184.9,HIGH,Sudden Upstream,CRITICAL
2026-10-01 05:00:00,171.7,33.4,10.0,6.71,2.18,0.96,73.1,0.674,12.4,151.6,CRITICAL,Sudden Upstream,CRITICAL
2026-10-01 05:30:00,261.9,33.7,15.7,6.9,2.15,0.84,77.4,0.777,22.5,143.8,CRITICAL,Sudden Upstream,CRITICAL
2026-10-01 06:00:00,71.8,30.6,4.4,7.11,2.27,0.72,72.7,0.593,182.1,552.6,LOW,Sudden Upstream,CRITICAL
2026-10-01 06:30:00,86.7,35.1,4.2,6.82,2.05,0.97,76.8,0.635,84.0,1036.8,LOW,Sudden Upstream,CRITICAL
2026-10-01 07:00:00,106.3,29.5,6.3,6.81,2.05,1.0,72.7,0.621,121.2,841.7,LOW,Sudden Upstream,CRITICAL
2026-10-01 07:30:00,184.7,34.7,10.9,6.86,2.21,0.74,77.3,0.716,165.1,949.5,LOW,Sudden Upstream,CRITICAL
2026-10-01 08:00:00,207.1,30.5,14.3,7.15,2.14,0.83,74.3,0.691,15.1,187.4,CRITICAL,Sudden Upstream,CRITICAL
2026-10-01 08:30:00,170.9,33.0,10.9,7.16,2.12,0.98,76.6,0.692,182.8,665.4,LOW,Sudden Upstream,CRITICAL
2026-10-01 09:00:00,92.8,29.3,5.3,7.04,2.22,0.77,70.4,0.595,78.6,210.4,MEDIUM,Sudden Upstream,CRITICAL
2026-10-01 09:30:00,207.0,36.5,11.5,6.72,2.24,0.85,70.3,0.669,112.9,375.0,LOW,Sudden Upstream,CRITICAL
2026-10-01 10:00:00,103.2,30.2,6.3,6.77,2.26,0.71,75.8,0.63,71.5,305.8,MEDIUM,Sudden Upstream,CRITICAL
2026-10-01 10:30:00,142.7,36.5,7.7,7.14,2.2,0.87,76.0,0.661,105.3,998.1,LOW,Sudden Upstream,CRITICAL
2026-10-01 11:00:00,157.6,28.9,11.1,6.81,2.15,0.91,77.1,0.684,28.8,97.9,CRITICAL,Sudden Upstream,CRITICAL
2026-10-01 11:30:00,103.6,30.8,5.9,6.87,2.24,0.89,75.7,0.649,176.9,566.9,LOW,Sudden Upstream,CRITICAL
2026-10-01 12:00:00,166.6,30.2,11.6,6.9,2.04,0.7,75.6,0.673,24.7,96.3,CRITICAL,Sudden Upstream,CRITICAL
2026-10-01 12:30:00,169.0,34.0,9.9,6.68,2.18,0.81,73.7,0.682,156.0,857.3,LOW,Sudden Upstream,CRITICAL
2026-10-01 13:00:00,141.6,35.5,8.5,6.77,2.18,0.76,74.2,0.669,17.7,177.5,CRITICAL,Sudden Upstream,CRITICAL
2026-10-01 13:30:00,180.2,36.4,10.3,6.95,2.24,0.86,73.5,0.686,148.8,806.6,LOW,Sudden Upstream,CRITICAL
2026-10-01 14:00:00,147.2,30.0,10.5,6.67,2.12,0.76,70.4,0.643,179.3,942.6,LOW,Sudden Upstream,CRITICAL
2026-10-01 14:30:00,174.8,30.9,11.7,6.89,2.18,0.83,76.7,0.697,25.4,53.7,CRITICAL,Sudden Upstream,CRITICAL
2026-10-01 15:00:00,195.0,31.2,12.6,6.66,2.24,0.7,70.5,0.683,29.5,160.6,CRITICAL,Sudden Upstream,CRITICAL
2026-10-01 15:30:00,83.1,35.4,4.9,6.8,2.25,0.85,75.1,0.629,30.9,189.3,HIGH,Sudden Upstream,CRITICAL
2026-10-01 16:00:00,85.4,29.9,5.6,6.98,2.23,0.7,71.9,0.615,68.3,256.9,MEDIUM,Sudden Upstream,CRITICAL
2026-10-01 16:30:00,185.8,31.5,12.3,6.75,2.09,0.72,76.5,0.719,126.7,887.4,LOW,Sudden Upstream,CRITICAL
2026-10-01 17:00:00,201.9,32.9,12.7,6.92,2.02,0.94,74.5,0.709,33.0,44.9,CRITICAL,Sudden Upstream,CRITICAL
2026-10-01 17:30:00,148.9,31.8,9.9,7.09,2.22,0.78,71.0,0.631,141.8,378.3,LOW,Sudden Upstream,CRITICAL
2026-10-01 18:00:00,149.0,34.4,8.1,6.67,2.1,0.71,75.6,0.67,83.4,885.8,LOW,Sudden Upstream,CRITICAL
2026-10-01 18:30:00,94.0,33.9,5.0,6.96,2.0,0.71,71.3,0.595,132.4,441.9,LOW,Sudden Upstream,CRITICAL
2026-10-01 19:00:00,204.9,31.0,13.8,7.05,2.24,0.88,71.1,0.678,106.9,835.4,LOW,Sudden Upstream,CRITICAL
2026-10-01 19:30:00,97.1,32.3,6.2,7.04,2.05,0.77,71.0,0.617,99.4,912.5,LOW,Sudden Upstream,CRITICAL
2026-10-01 20:00:00,169.3,28.7,11.2,6.95,2.12,0.99,75.2,0.677,14.4,164.7,CRITICAL,Sudden Upstream,CRITICAL
2026-10-01 20:30:00,200.1,35.5,11.3,6.62,2.06,0.84,73.5,0.69,80.7,598.5,LOW,Sudden Upstream,CRITICAL
2026-10-01 21:00:00,93.0,28.4,6.1,7.04,2.03,0.77,76.3,0.637,156.1,629.5,LOW,Sudden Upstream,CRITICAL
2026-10-01 21:30:00,229.0,31.0,15.4,7.0,2.2,0.84,75.7,0.718,76.6,264.5,MEDIUM,Sudden Upstream,CRITICAL
2026-10-01 22:00:00,188.6,33.9,11.0,6.7,2.03,0.81,71.8,0.675,35.8,328.1,HIGH,Sudden Upstream,CRITICAL
2026-10-01 22:30:00,119.1,30.3,7.6,6.85,2.22,0.88,70.0,0.598,40.0,503.2,MEDIUM,Sudden Upstream,CRITICAL
2026-10-01 23:00:00,175.9,31.8,11.7,6.89,2.06,0.71,74.5,0.688,37.2,254.3,HIGH,Sudden Upstream,CRITICAL
2026-10-01 23:30:00,175.6,34.2,9.8,7.04,2.04,0.77,75.5,0.686,35.7,280.3,HIGH,Sudden Upstream,CRITICAL
2026-10-02 00:00:00,83.8,29.2,4.7,6.61,2.03,0.68,69.9,0.57,85.4,974.6,LOW,Sudden Upstream,CRITICAL
2026-10-02 00:30:00,119.0,31.8,7.3,7.03,2.15,0.88,72.0,0.615,126.8,812.9,LOW,Sudden Upstream,CRITICAL
2026-10-02 01:00:00,240.7,35.8,14.6,6.92,2.14,0.8,73.3,0.729,81.1,1051.3,LOW,Sudden Upstream,CRITICAL
2026-10-02 01:30:00,199.3,35.8,10.9,6.88,2.15,0.78,72.4,0.684,146.9,408.4,LOW,Sudden Upstream,CRITICAL
2026-10-02 02:00:00,72.0,31.6,4.1,6.77,2.05,0.86,74.2,0.599,134.2,492.5,LOW,Sudden Upstream,CRITICAL
2026-10-02 02:30:00,174.1,35.6,10.0,6.68,2.2,0.86,71.5,0.663,125.9,935.7,LOW,Sudden Upstream,CRITICAL
2026-10-02 03:00:00,78.9,28.7,5.5,6.94,2.18,0.92,76.0,0.631,138.7,456.8,LOW,Sudden Upstream,CRITICAL
2026-10-02 03:30:00,130.9,32.5,8.3,6.63,2.13,0.94,73.1,0.656,151.8,524.2,LOW,Sudden Upstream,CRITICAL
2026-10-02 04:00:00,248.5,35.5,14.7,6.96,2.07,0.93,72.5,0.709,129.3,1033.4,LOW,Sudden Upstream,CRITICAL
2026-10-02 04:30:00,146.0,31.8,9.7,6.81,2.21,0.91,75.4,0.667,149.0,438.3,LOW,Sudden Upstream,CRITICAL
2026-10-02 05:00:00,207.8,28.9,14.7,6.67,2.19,0.82,71.7,0.686,171.6,650.5,LOW,Sudden Upstream,CRITICAL
2026-10-02 05:30:00,122.3,29.6,7.5,6.91,2.14,0.76,72.8,0.623,181.6,883.4,LOW,Sudden Upstream,CRITICAL
2026-10-02 06:00:00,220.5,31.4,14.1,6.68,2.07,0.83,69.2,0.684,127.9,617.7,LOW,Sudden Upstream,CRITICAL
2026-10-02 06:30:00,170.2,28.4,11.4,6.81,2.17,0.82,70.9,0.66,22.5,165.3,CRITICAL,Sudden Upstream,CRITICAL
2026-10-02 07:00:00,202.0,32.6,13.2,6.8,2.03,0.73,70.4,0.683,79.4,531.5,LOW,Sudden Upstream,CRITICAL
2026-10-02 07:30:00,170.0,31.0,10.4,6.75,2.07,0.7,71.7,0.652,103.0,904.9,LOW,Sudden Upstream,CRITICAL
2026-10-02 08:00:00,171.0,30.1,11.6,6.97,2.02,0.79,74.0,0.684,76.9,173.9,HIGH,Sudden Upstream,CRITICAL
2026-10-02 08:30:00,180.7,29.7,12.2,6.88,1.98,0.81,72.4,0.685,67.0,333.1,MEDIUM,Sudden Upstream,CRITICAL
2026-10-02 09:00:00,81.8,29.4,5.3,6.65,2.11,0.92,73.4,0.62,115.3,827.6,LOW,Sudden Upstream,CRITICAL
2026-10-02 09:30:00,150.0,34.0,9.4,6.88,2.17,0.85,73.1,0.64,76.6,536.5,LOW,Sudden Upstream,CRITICAL
2026-10-02 10:00:00,65.2,31.5,4.1,6.7,2.18,0.69,75.4,0.597,113.7,431.3,LOW,Sudden Upstream,CRITICAL
2026-10-02 10:30:00,170.4,30.5,11.4,6.64,1.97,0.67,74.1,0.667,170.3,471.9,LOW,Sudden Upstream,CRITICAL
2026-10-02 11:00:00,89.8,31.4,5.1,6.91,2.03,0.75,71.4,0.611,169.9,919.5,LOW,Sudden Upstream,CRITICAL
2026-10-02 11:30:00,103.1,30.1,6.5,6.54,1.97,0.7,68.9,0.598,24.6,100.8,CRITICAL,Sudden Upstream,CRITICAL
2026-10-02 12:00:00,136.1,31.2,8.8,6.86,1.98,0.67,73.3,0.66,137.3,735.2,LOW,Sudden Upstream,CRITICAL
2026-10-02 12:30:00,169.7,31.2,11.4,6.72,1.98,0.66,75.4,0.684,180.5,901.1,LOW,Sudden Upstream,CRITICAL
2026-10-02 13:00:00,208.0,35.4,12.5,6.43,1.98,0.76,73.5,0.695,19.2,198.2,CRITICAL,Sudden Upstream,CRITICAL
2026-10-02 13:30:00,189.1,32.9,11.4,6.55,2.01,0.81,73.1,0.68,33.9,96.4,CRITICAL,Sudden Upstream,CRITICAL
2026-10-02 14:00:00,109.0,28.3,7.0,6.76,2.13,0.88,68.6,0.595,110.6,718.8,LOW,Sudden Upstream,CRITICAL
2026-10-02 14:30:00,129.8,35.0,7.4,6.83,1.99,0.7,69.1,0.619,178.6,699.7,LOW,Sudden Upstream,CRITICAL
2026-10-02 15:00:00,129.9,32.1,8.4,6.67,2.07,0.65,70.7,0.611,25.9,70.5,CRITICAL,Sudden Upstream,CRITICAL
2026-10-02 15:30:00,97.7,28.8,7.1,6.51,2.13,0.91,73.7,0.632,19.8,108.4,CRITICAL,Sudden Upstream,CRITICAL
2026-10-02 16:00:00,95.7,31.1,5.6,6.85,2.16,0.9,72.1,0.598,139.0,715.0,LOW,Sudden Upstream,CRITICAL
2026-10-02 16:30:00,149.4,30.5,10.4,6.74,2.11,0.93,71.4,0.636,161.9,687.7,LOW,Sudden Upstream,CRITICAL
2026-10-02 17:00:00,159.0,34.3,9.9,6.4,1.94,0.88,70.5,0.633,130.9,785.4,LOW,Sudden Upstream,CRITICAL
2026-10-02 17:30:00,162.9,30.2,10.2,6.55,1.95,0.78,69.9,0.655,149.6,951.4,LOW,Sudden Upstream,CRITICAL
2026-10-02 18:00:00,98.7,28.8,6.8,6.5,2.08,0.75,68.2,0.579,158.1,1044.7,LOW,Sudden Upstream,CRITICAL
2026-10-02 18:30:00,141.6,30.4,8.9,6.6,1.99,0.73,69.6,0.63,126.0,778.1,LOW,Sudden Upstream,CRITICAL
2026-10-02 19:00:00,100.2,34.3,5.3,6.78,1.93,0.75,73.2,0.606,66.0,407.8,MEDIUM,Sudden Upstream,CRITICAL
2026-10-02 19:30:00,94.4,32.1,5.6,6.54,2.1,0.82,69.9,0.578,113.6,383.4,LOW,Sudden Upstream,CRITICAL
2026-10-02 20:00:00,91.9,30.9,6.2,6.81,2.06,0.75,68.0,0.585,13.8,80.9,CRITICAL,Sudden Upstream,CRITICAL
2026-10-02 20:30:00,194.1,29.0,13.8,6.54,1.95,0.85,69.6,0.67,68.3,546.0,LOW,Sudden Upstream,CRITICAL
2026-10-02 21:00:00,133.4,33.2,7.4,6.63,2.12,0.65,74.0,0.647,67.4,289.0,MEDIUM,Sudden Upstream,CRITICAL
2026-10-02 21:30:00,222.4,32.5,14.2,6.74,1.91,0.66,71.2,0.684,31.7,86.3,CRITICAL,Sudden Upstream,CRITICAL
2026-10-02 22:00:00,178.3,28.5,12.0,6.8,1.91,0.8,72.9,0.681,34.6,188.9,HIGH,Sudden Upstream,CRITICAL
2026-10-02 22:30:00,119.5,31.4,8.0,6.56,2.0,0.86,74.0,0.629,27.0,98.1,CRITICAL,Sudden Upstream,CRITICAL
2026-10-02 23:00:00,106.6,32.3,5.8,6.76,2.12,0.87,71.1,0.615,161.2,526.7,LOW,Sudden Upstream,CRITICAL
2026-10-02 23:30:00,148.2,31.4,9.8,6.41,2.05,0.63,73.1,0.652,45.6,339.8,HIGH,Sudden Upstream,CRITICAL
2026-10-03 00:00:00,171.4,29.7,11.5,6.56,1.93,0.73,70.0,0.644,101.6,756.6,LOW,Sudden Upstream,CRITICAL
2026-10-03 00:30:00,157.9,30.2,10.9,6.36,1.89,0.67,74.3,0.655,14.3,56.4,CRITICAL,Sudden Upstream,CRITICAL
2026-10-03 01:00:00,200.6,29.1,13.6,6.4,2.04,0.78,68.8,0.656,150.7,548.6,LOW,Sudden Upstream,CRITICAL
2026-10-03 01:30:00,102.1,30.6,6.4,6.39,1.92,0.86,68.4,0.592,36.9,295.3,HIGH,Sudden Upstream,CRITICAL
2026-10-03 02:00:00,145.6,29.0,9.9,6.48,1.94,0.76,73.3,0.661,117.7,896.7,LOW,Sudden Upstream,CRITICAL
2026-10-03 02:30:00,244.0,32.6,15.1,6.42,2.0,0.65,71.8,0.721,42.1,514.1,MEDIUM,Sudden Upstream,CRITICAL
2026-10-03 03:00:00,253.2,33.4,15.7,6.47,1.9,0.88,67.6,0.675,98.7,792.1,LOW,Sudden Upstream,CRITICAL
2026-10-03 03:30:00,197.7,31.5,12.8,6.36,1.88,0.61,69.7,0.664,42.6,183.0,HIGH,Sudden Upstream,CRITICAL
2026-10-03 04:00:00,119.6,33.3,7.4,6.44,1.96,0.68,68.6,0.593,35.2,422.6,HIGH,Sudden Upstream,CRITICAL
2026-10-03 04:30:00,98.3,33.8,6.0,6.31,1.94,0.71,67.2,0.581,28.7,141.8,CRITICAL,Sudden Upstream,CRITICAL
2026-10-03 05:00:00,189.3,28.1,13.1,6.28,1.97,0.71,71.5,0.674,70.5,422.0,MEDIUM,Sudden Upstream,CRITICAL
2026-10-03 05:30:00,68.0,26.6,4.6,6.52,2.05,0.69,69.0,0.575,30.4,55.9,CRITICAL,Sudden Upstream,CRITICAL
2026-10-03 06:00:00,182.5,26.6,13.6,6.64,1.94,0.74,71.2,0.662,82.3,907.9,LOW,Sudden Upstream,CRITICAL
2026-10-03 06:30:00,153.5,34.3,9.5,6.28,1.87,0.87,66.7,0.623,38.8,436.8,MEDIUM,Sudden Upstream,CRITICAL
2026-10-03 07:00:00,194.9,30.8,12.3,6.23,1.93,0.7,69.5,0.648,49.6,369.5,MEDIUM,Sudden Upstream,CRITICAL
2026-10-03 07:30:00,174.0,34.4,9.9,6.57,2.09,0.73,69.5,0.651,163.2,616.4,LOW,Sudden Upstream,CRITICAL
2026-10-03 08:00:00,179.7,27.0,12.8,6.48,1.94,0.84,69.3,0.652,140.1,453.4,LOW,Sudden Upstream,CRITICAL
2026-10-03 08:30:00,234.1,31.0,15.6,6.61,2.04,0.79,68.1,0.674,127.3,903.5,LOW,Sudden Upstream,CRITICAL
2026-10-03 09:00:00,193.5,34.1,11.9,6.39,1.87,0.71,67.2,0.633,92.9,923.0,LOW,Sudden Upstream,CRITICAL
2026-10-03 09:30:00,95.8,27.8,7.1,6.65,1.88,0.68,67.1,0.578,136.0,792.8,LOW,Sudden Upstream,CRITICAL
2026-10-03 10:00:00,208.0,27.0,15.5,6.62,2.04,0.76,68.1,0.659,47.3,315.1,HIGH,Sudden Upstream,CRITICAL
2026-10-03 10:30:00,175.5,31.0,11.7,6.16,1.89,0.75,71.3,0.647,52.7,323.8,HIGH,Sudden Upstream,CRITICAL
2026-10-03 11:00:00,119.8,32.1,7.5,6.36,2.07,0.68,67.5,0.577,128.3,571.1,LOW,Sudden Upstream,CRITICAL
2026-10-03 11:30:00,201.7,33.9,12.1,6.59,2.07,0.87,68.7,0.651,172.8,496.7,LOW,Sudden Upstream,CRITICAL
2026-10-03 12:00:00,121.9,26.8,9.1,6.25,1.89,0.87,70.5,0.611,99.5,1024.6,LOW,Sudden Upstream,CRITICAL
2026-10-03 12:30:00,90.5,32.5,5.1,6.2,2.06,0.78,68.7,0.574,105.3,777.2,LOW,Sudden Upstream,CRITICAL
2026-10-03 13:00:00,205.1,28.1,14.6,6.37,1.99,0.63,68.0,0.661,91.7,855.7,LOW,Sudden Upstream,CRITICAL
2026-10-03 13:30:00,252.0,33.9,15.2,6.15,1.98,0.73,71.0,0.71,75.9,246.1,MEDIUM,Sudden Upstream,CRITICAL
2026-10-03 14:00:00,73.9,28.4,5.0,6.21,1.92,0.6,69.4,0.577,87.0,940.0,LOW,Sudden Upstream,CRITICAL
2026-10-03 14:30:00,185.2,32.8,12.1,6.25,1.84,0.82,67.4,0.635,90.3,364.9,MEDIUM,Sudden Upstream,CRITICAL
2026-10-03 15:00:00,207.8,32.6,13.3,6.22,1.83,0.72,65.7,0.649,116.7,1035.8,LOW,Sudden Upstream,CRITICAL
2026-10-03 15:30:00,85.9,26.5,6.6,6.38,2.0,0.81,71.6,0.594,126.7,640.9,LOW,Sudden Upstream,CRITICAL
2026-10-03 16:00:00,88.3,30.6,5.4,6.12,1.84,0.58,68.5,0.585,118.0,398.9,LOW,Sudden Upstream,CRITICAL
2026-10-03 16:30:00,78.9,28.9,5.0,6.22,2.03,0.75,70.3,0.592,108.6,867.7,LOW,Sudden Upstream,CRITICAL
2026-10-03 17:00:00,123.3,32.9,6.8,6.24,1.95,0.6,67.1,0.591,32.9,214.8,HIGH,Sudden Upstream,CRITICAL
2026-10-03 17:30:00,55.2,28.9,3.7,6.32,1.82,0.77,70.5,0.563,173.0,386.6,LOW,Sudden Upstream,CRITICAL
2026-10-03 18:00:00,150.5,32.5,9.3,6.45,1.86,0.69,69.7,0.634,112.7,416.8,LOW,Sudden Upstream,CRITICAL
2026-10-03 18:30:00,229.9,31.7,14.9,6.4,1.89,0.68,66.7,0.653,69.1,258.5,MEDIUM,Sudden Upstream,CRITICAL
2026-10-03 19:00:00,146.2,27.2,10.0,6.24,1.82,0.74,68.7,0.62,166.7,994.7,LOW,Sudden Upstream,CRITICAL
2026-10-03 19:30:00,130.7,31.2,8.0,6.32,1.94,0.58,71.3,0.619,92.6,535.4,LOW,Sudden Upstream,CRITICAL
2026-10-03 20:00:00,227.3,31.2,14.9,6.33,1.82,0.65,71.9,0.697,51.2,417.7,MEDIUM,Sudden Upstream,CRITICAL
2026-10-03 20:30:00,121.5,29.6,8.6,6.41,1.89,0.58,67.6,0.584,48.7,393.9,MEDIUM,Sudden Upstream,CRITICAL
2026-10-03 21:00:00,132.5,33.3,7.7,6.21,2.0,0.79,68.9,0.614,118.5,726.9,LOW,Sudden Upstream,CRITICAL
2026-10-03 21:30:00,157.2,29.8,11.0,6.35,1.97,0.72,69.8,0.641,102.0,594.0,LOW,Sudden Upstream,CRITICAL
2026-10-03 22:00:00,89.5,30.1,5.2,6.09,1.96,0.63,66.9,0.57,109.9,439.0,LOW,Sudden Upstream,CRITICAL
2026-10-03 22:30:00,76.2,27.4,4.6,6.17,2.01,0.55,70.6,0.573,37.4,511.2,MEDIUM,Sudden Upstream,CRITICAL
2026-10-03 23:00:00,204.8,29.3,15.1,6.04,1.77,0.77,69.3,0.668,95.9,868.0,LOW,Sudden Upstream,CRITICAL
2026-10-03 23:30:00,169.8,26.9,13.2,6.36,1.87,0.65,70.3,0.664,20.6,107.8,CRITICAL,Sudden Upstream,CRITICAL
2026-10-04 00:00:00,208.9,29.8,14.3,5.94,1.84,0.73,64.7,0.649,133.8,615.2,LOW,Sudden Upstream,CRITICAL
2026-10-04 00:30:00,209.1,30.2,14.6,6.42,1.87,0.78,66.4,0.658,151.2,426.9,LOW,Sudden Upstream,CRITICAL
2026-10-04 01:00:00,102.2,30.9,6.9,6.0,1.76,0.57,64.7,0.565,36.8,256.6,HIGH,Sudden Upstream,CRITICAL
2026-10-04 01:30:00,79.5,25.4,6.2,6.31,1.92,0.54,64.9,0.552,88.3,1027.2,LOW,Sudden Upstream,CRITICAL
2026-10-04 02:00:00,128.0,30.1,9.0,5.97,1.83,0.63,67.6,0.609,44.5,385.8,HIGH,Sudden Upstream,CRITICAL
2026-10-04 02:30:00,213.0,29.0,15.2,6.37,1.93,0.62,66.1,0.64,35.6,284.3,HIGH,Sudden Upstream,CRITICAL
2026-10-04 03:00:00,188.2,27.0,13.6,6.05,1.9,0.68,69.2,0.644,83.7,399.7,MEDIUM,Sudden Upstream,CRITICAL
2026-10-04 03:30:00,85.2,27.3,6.2,5.93,1.75,0.56,64.3,0.557,85.0,386.8,MEDIUM,Sudden Upstream,CRITICAL
2026-10-04 04:00:00,198.4,30.3,13.1,6.06,1.93,0.53,69.2,0.666,54.1,548.0,MEDIUM,Sudden Upstream,CRITICAL
2026-10-04 04:30:00,80.8,28.8,5.1,5.97,1.95,0.81,68.9,0.588,124.7,1051.5,LOW,Sudden Upstream,CRITICAL
2026-10-04 05:00:00,80.3,31.0,4.2,6.22,1.95,0.54,64.9,0.551,180.9,819.2,LOW,Sudden Upstream,CRITICAL
2026-10-04 05:30:00,65.6,27.9,4.8,5.93,1.83,0.57,65.3,0.538,103.4,632.2,LOW,Sudden Upstream,CRITICAL
2026-10-04 06:00:00,140.9,25.7,11.6,6.24,1.92,0.51,70.2,0.643,38.7,494.1,MEDIUM,Sudden Upstream,CRITICAL
2026-10-04 06:30:00,172.8,31.9,10.3,6.22,1.89,0.78,64.6,0.621,157.3,944.8,LOW,Sudden Upstream,CRITICAL
2026-10-04 07:00:00,182.1,26.6,14.2,6.28,1.79,0.7,67.8,0.637,129.9,611.5,LOW,Sudden Upstream,CRITICAL
2026-10-04 07:30:00,120.1,26.2,9.1,6.01,1.86,0.67,65.6,0.591,14.9,47.1,CRITICAL,Sudden Upstream,CRITICAL
2026-10-04 08:00:00,96.7,29.6,6.8,6.12,1.72,0.69,65.2,0.558,13.7,24.1,CRITICAL,Sudden Upstream,CRITICAL
2026-10-04 08:30:00,165.5,29.6,11.5,5.99,1.82,0.65,65.0,0.61,70.8,367.8,MEDIUM,Sudden Upstream,CRITICAL
2026-10-04 09:00:00,214.7,31.2,14.9,5.9,1.91,0.64,69.7,0.681,43.9,285.1,HIGH,Sudden Upstream,CRITICAL
2026-10-04 09:30:00,205.9,32.1,13.5,6.13,1.86,0.75,67.2,0.667,79.7,384.8,MEDIUM,Sudden Upstream,CRITICAL
2026-10-04 10:00:00,99.2,28.9,6.4,5.78,1.87,0.71,63.1,0.551,171.6,1086.5,LOW,Sudden Upstream,CRITICAL
2026-10-04 10:30:00,226.1,31.8,14.5,5.92,1.86,0.58,69.0,0.685,97.0,455.9,LOW,Sudden Upstream,CRITICAL
2026-10-04 11:00:00,68.3,25.2,4.3,5.99,1.86,0.74,69.8,0.571,129.4,477.5,LOW,Sudden Upstream,CRITICAL
2026-10-04 11:30:00,126.6,27.0,9.0,6.12,1.72,0.72,67.3,0.602,174.3,747.2,LOW,Sudden Upstream,CRITICAL
2026-10-04 12:00:00,65.0,32.2,3.9,5.76,1.85,0.51,67.3,0.554,34.7,171.2,HIGH,Sudden Upstream,CRITICAL
2026-10-04 12:30:00,90.6,30.3,5.4,6.14,1.72,0.58,65.0,0.538,73.8,536.7,LOW,Sudden Upstream,CRITICAL
2026-10-04 13:00:00,75.0,24.7,6.2,6.18,1.86,0.6,67.2,0.547,48.6,421.8,MEDIUM,Sudden Upstream,CRITICAL
2026-10-04 13:30:00,74.6,25.0,5.5,6.01,1.78,0.63,63.4,0.538,40.4,242.8,HIGH,Sudden Upstream,CRITICAL
2026-10-04 14:00:00,173.1,25.9,13.8,5.79,1.89,0.58,66.9,0.615,75.6,291.1,MEDIUM,Sudden Upstream,CRITICAL
2026-10-04 14:30:00,79.5,28.7,5.5,5.99,1.9,0.57,66.5,0.551,139.0,578.0,LOW,Sudden Upstream,CRITICAL
2026-10-04 15:00:00,182.1,28.0,12.6,5.78,1.85,0.6,65.5,0.615,108.1,882.5,LOW,Sudden Upstream,CRITICAL
2026-10-04 15:30:00,107.0,27.4,7.8,6.12,1.78,0.63,69.2,0.606,87.6,787.7,LOW,Sudden Upstream,CRITICAL
2026-10-04 16:00:00,113.6,27.9,7.5,6.09,1.73,0.63,68.8,0.61,21.0,110.1,CRITICAL,Sudden Upstream,CRITICAL
2026-10-04 16:30:00,171.6,31.3,10.6,5.97,1.67,0.57,64.3,0.612,35.8,549.0,MEDIUM,Sudden Upstream,CRITICAL
2026-10-04 17:00:00,125.7,23.9,9.6,5.95,1.75,0.57,66.4,0.582,20.0,164.5,CRITICAL,Sudden Upstream,CRITICAL
2026-10-04 17:30:00,183.8,29.4,12.9,5.83,1.64,0.74,65.5,0.608,147.3,971.5,LOW,Sudden Upstream,CRITICAL
2026-10-04 18:00:00,59.3,26.2,3.9,6.05,1.83,0.55,66.3,0.54,40.2,394.9,HIGH,Sudden Upstream,CRITICAL
2026-10-04 18:30:00,104.5,24.6,7.6,5.7,1.84,0.62,67.5,0.57,136.8,549.1,LOW,Sudden Upstream,CRITICAL
2026-10-04 19:00:00,219.1,30.7,15.3,6.08,1.75,0.52,62.4,0.635,162.7,733.6,LOW,Sudden Upstream,CRITICAL
2026-10-04 19:30:00,189.5,28.7,13.8,6.07,1.65,0.65,63.6,0.605,142.4,770.2,LOW,Sudden Upstream,CRITICAL
2026-10-04 20:00:00,203.8,26.1,15.4,5.83,1.87,0.51,66.2,0.634,110.7,820.5,LOW,Sudden Upstream,CRITICAL
2026-10-04 20:30:00,158.9,29.6,10.9,6.04,1.71,0.73,66.0,0.612,115.8,604.8,LOW,Sudden Upstream,CRITICAL
2026-10-04 21:00:00,167.7,28.7,12.1,5.91,1.65,0.44,61.9,0.572,27.5,151.8,CRITICAL,Sudden Upstream,CRITICAL
2026-10-04 21:30:00,127.3,29.6,9.0,5.67,1.69,0.62,64.3,0.581,16.4,126.3,CRITICAL,Sudden Upstream,CRITICAL
2026-10-04 22:00:00,176.5,23.9,14.7,5.71,1.68,0.73,66.5,0.632,121.9,426.5,LOW,Sudden Upstream,CRITICAL
2026-10-04 22:30:00,206.4,31.1,14.3,5.78,1.82,0.54,66.6,0.652,48.0,511.8,MEDIUM,Sudden Upstream,CRITICAL
2026-10-04 23:00:00,110.9,29.2,7.8,5.53,1.61,0.52,64.7,0.58,62.9,158.6,HIGH,Sudden Upstream,CRITICAL
2026-10-04 23:30:00,152.7,30.7,10.1,5.75,1.67,0.44,64.1,0.59,68.1,135.0,HIGH,Sudden Upstream,CRITICAL
2026-10-05 00:00:00,77.6,31.2,5.0,5.69,1.61,0.49,64.1,0.532,92.6,351.7,MEDIUM,Sudden Upstream,CRITICAL
2026-10-05 00:30:00,141.7,29.5,8.8,5.93,1.76,0.43,63.7,0.59,169.1,667.8,LOW,Sudden Upstream,CRITICAL
2026-10-05 01:00:00,77.5,26.1,6.0,5.92,1.79,0.5,62.2,0.515,158.7,584.9,LOW,Sudden Upstream,CRITICAL
2026-10-05 01:30:00,120.4,29.8,7.8,5.51,1.62,0.56,63.6,0.572,119.2,448.5,LOW,Sudden Upstream,CRITICAL
2026-10-05 02:00:00,157.7,28.3,10.7,5.91,1.68,0.62,64.8,0.587,87.2,365.6,MEDIUM,Sudden Upstream,CRITICAL
2026-10-05 02:30:00,71.9,26.4,5.6,5.86,1.62,0.48,65.2,0.541,16.7,142.9,CRITICAL,Sudden Upstream,CRITICAL
2026-10-05 03:00:00,119.0,27.7,7.9,5.84,1.72,0.51,61.9,0.561,57.1,232.4,HIGH,Sudden Upstream,CRITICAL
2026-10-05 03:30:00,109.2,28.0,7.6,5.87,1.62,0.52,65.3,0.558,58.5,417.9,MEDIUM,Sudden Upstream,CRITICAL
2026-10-05 04:00:00,139.3,26.7,10.0,5.71,1.69,0.41,60.9,0.548,147.5,866.4,LOW,Sudden Upstream,CRITICAL
2026-10-05 04:30:00,67.6,28.6,4.5,5.75,1.68,0.5,61.3,0.515,47.0,234.4,HIGH,Sudden Upstream,CRITICAL
2026-10-05 05:00:00,66.0,30.0,4.5,5.45,1.68,0.63,63.6,0.513,95.9,801.3,LOW,Sudden Upstream,CRITICAL
2026-10-05 05:30:00,169.7,26.6,12.4,5.76,1.72,0.65,61.4,0.573,175.9,479.5,LOW,Sudden Upstream,CRITICAL
2026-10-05 06:00:00,125.4,23.8,9.6,5.71,1.63,0.55,65.0,0.563,161.0,434.2,LOW,Sudden Upstream,CRITICAL
2026-10-05 06:30:00,173.4,28.9,12.8,5.61,1.77,0.57,65.5,0.615,17.9,74.6,CRITICAL,Sudden Upstream,CRITICAL
2026-10-05 07:00:00,207.6,30.5,13.9,5.68,1.55,0.63,63.4,0.612,40.4,238.2,HIGH,Sudden Upstream,CRITICAL
2026-10-05 07:30:00,63.5,23.6,4.0,5.47,1.7,0.67,64.1,0.513,28.6,116.4,CRITICAL,Sudden Upstream,CRITICAL
2026-10-05 08:00:00,86.3,22.8,6.0,5.71,1.76,0.64,63.0,0.54,41.5,424.1,MEDIUM,Sudden Upstream,CRITICAL
2026-10-05 08:30:00,125.8,24.2,9.4,5.58,1.66,0.45,64.9,0.581,20.1,143.8,CRITICAL,Sudden Upstream,CRITICAL
2026-10-05 09:00:00,90.6,30.1,5.3,5.82,1.68,0.55,62.3,0.527,26.1,94.0,CRITICAL,Sudden Upstream,CRITICAL
2026-10-05 09:30:00,134.2,25.7,11.1,5.38,1.56,0.41,59.5,0.541,157.3,842.3,LOW,Sudden Upstream,CRITICAL
2026-10-05 10:00:00,167.5,27.4,12.1,5.59,1.57,0.42,60.1,0.568,132.4,1016.5,LOW,Sudden Upstream,CRITICAL
2026-10-05 10:30:00,124.1,23.1,11.0,5.56,1.58,0.56,64.0,0.563,182.2,965.4,LOW,Sudden Upstream,CRITICAL
2026-10-05 11:00:00,142.7,28.8,10.5,5.75,1.72,0.46,65.7,0.589,56.4,236.8,HIGH,Sudden Upstream,CRITICAL
2026-10-05 11:30:00,145.3,28.1,10.4,5.34,1.6,0.51,65.4,0.607,21.5,115.3,CRITICAL,Sudden Upstream,CRITICAL
2026-10-05 12:00:00,81.0,23.1,7.1,5.55,1.71,0.49,63.1,0.54,174.8,960.0,LOW,Sudden Upstream,CRITICAL
2026-10-05 12:30:00,164.4,24.5,13.9,5.4,1.68,0.47,59.4,0.557,62.6,256.8,HIGH,Sudden Upstream,CRITICAL
2026-10-05 13:00:00,155.0,26.1,11.9,5.43,1.66,0.48,64.9,0.592,165.1,807.8,LOW,Sudden Upstream,CRITICAL
2026-10-05 13:30:00,100.3,29.8,6.4,5.35,1.63,0.41,62.9,0.556,50.7,307.9,HIGH,Sudden Upstream,CRITICAL
2026-10-05 14:00:00,180.0,24.7,14.8,5.46,1.64,0.5,65.6,0.624,141.5,1097.4,LOW,Sudden Upstream,CRITICAL
2026-10-05 14:30:00,173.7,23.9,15.4,5.37,1.55,0.4,63.9,0.611,149.7,887.4,LOW,Sudden Upstream,CRITICAL
2026-10-05 15:00:00,131.2,24.0,11.5,5.31,1.55,0.39,64.5,0.589,90.8,459.7,LOW,Sudden Upstream,CRITICAL
2026-10-05 15:30:00,184.3,26.6,14.4,5.52,1.68,0.36,64.4,0.613,52.9,220.9,HIGH,Sudden Upstream,CRITICAL
2026-10-05 16:00:00,144.9,27.0,10.6,5.29,1.6,0.48,60.9,0.574,28.8,15.1,CRITICAL,Sudden Upstream,CRITICAL
2026-10-05 16:30:00,142.5,29.4,9.7,5.61,1.56,0.62,63.7,0.574,179.7,1058.1,LOW,Sudden Upstream,CRITICAL
2026-10-05 17:00:00,73.5,26.5,4.4,5.2,1.66,0.45,58.5,0.48,102.5,923.9,LOW,Sudden Upstream,CRITICAL
2026-10-05 17:30:00,154.5,25.7,11.7,5.19,1.49,0.38,64.7,0.598,119.3,486.0,LOW,Sudden Upstream,CRITICAL
2026-10-05 18:00:00,171.3,27.2,13.2,5.34,1.49,0.53,59.3,0.555,125.8,791.2,LOW,Sudden Upstream,CRITICAL
2026-10-05 18:30:00,186.7,24.2,15.2,5.46,1.5,0.42,62.8,0.609,145.0,683.6,LOW,Sudden Upstream,CRITICAL
2026-10-05 19:00:00,105.9,28.1,6.6,5.26,1.62,0.4,59.7,0.527,45.9,389.5,MEDIUM,Sudden Upstream,CRITICAL
2026-10-05 19:30:00,190.5,28.3,13.6,5.48,1.47,0.55,59.2,0.589,77.1,215.3,MEDIUM,Sudden Upstream,CRITICAL
2026-10-05 20:00:00,91.1,26.6,6.1,5.17,1.61,0.56,59.4,0.504,99.0,979.3,LOW,Sudden Upstream,CRITICAL
2026-10-05 20:30:00,151.6,22.2,14.4,5.33,1.67,0.37,63.2,0.59,175.0,673.8,LOW,Sudden Upstream,CRITICAL
2026-10-05 21:00:00,65.4,22.4,4.3,5.47,1.58,0.47,58.7,0.49,144.4,1097.3,LOW,Sudden Upstream,CRITICAL
2026-10-05 21:30:00,115.6,22.6,10.8,5.46,1.53,0.49,59.8,0.524,153.2,755.3,LOW,Sudden Upstream,CRITICAL
2026-10-05 22:00:00,183.7,25.7,14.6,5.25,1.57,0.35,63.2,0.592,21.7,36.8,CRITICAL,Sudden Upstream,CRITICAL
2026-10-05 22:30:00,66.4,23.3,4.0,5.23,1.61,0.45,58.0,0.484,161.7,516.7,LOW,Sudden Upstream,CRITICAL
2026-10-05 23:00:00,89.4,24.8,7.4,5.22,1.66,0.32,59.9,0.51,105.0,703.6,LOW,Sudden Upstream,CRITICAL
2026-10-05 23:30:00,147.4,28.4,10.4,5.44,1.58,0.47,60.1,0.55,122.5,945.6,LOW,Sudden Upstream,CRITICAL
2026-10-06 00:00:00,133.9,27.3,9.9,5.43,1.43,0.42,63.4,0.579,30.5,136.4,CRITICAL,Sudden Upstream,CRITICAL
2026-10-06 00:30:00,81.0,24.1,5.2,5.4,1.53,0.34,57.4,0.475,115.1,741.0,LOW,Sudden Upstream,CRITICAL
2026-10-06 01:00:00,196.4,28.5,13.8,5.09,1.42,0.41,56.9,0.552,18.4,175.4,CRITICAL,Sudden Upstream,CRITICAL
2026-10-06 01:30:00,145.4,28.2,10.0,5.26,1.44,0.6,58.9,0.551,158.9,951.1,LOW,Sudden Upstream,CRITICAL
2026-10-06 02:00:00,166.2,26.4,13.1,5.17,1.49,0.54,57.2,0.542,76.1,506.7,LOW,Sudden Upstream,CRITICAL
2026-10-06 02:30:00,51.1,23.7,3.9,5.39,1.64,0.57,57.5,0.482,173.1,680.7,LOW,Sudden Upstream,CRITICAL
2026-10-06 03:00:00,91.5,24.0,6.4,5.14,1.57,0.33,61.2,0.54,79.4,332.0,MEDIUM,Sudden Upstream,CRITICAL
2026-10-06 03:30:00,118.8,22.8,10.4,5.3,1.57,0.57,58.3,0.527,142.9,869.1,LOW,Sudden Upstream,CRITICAL
2026-10-06 04:00:00,153.9,22.6,12.7,5.18,1.47,0.46,58.8,0.546,51.7,155.7,HIGH,Sudden Upstream,CRITICAL
2026-10-06 04:30:00,191.6,27.9,14.8,5.28,1.54,0.37,59.6,0.595,96.0,1059.1,LOW,Sudden Upstream,CRITICAL
2026-10-06 05:00:00,93.5,21.4,8.4,5.17,1.46,0.54,58.6,0.492,172.4,421.9,LOW,Sudden Upstream,CRITICAL
2026-10-06 05:30:00,151.1,25.8,12.1,5.05,1.41,0.28,60.6,0.57,57.2,481.5,MEDIUM,Sudden Upstream,CRITICAL
2026-10-06 06:00:00,155.9,20.8,15.0,5.27,1.57,0.28,57.5,0.541,103.2,911.3,LOW,Sudden Upstream,CRITICAL
2026-10-06 06:30:00,196.6,25.4,15.1,5.17,1.46,0.37,58.8,0.594,144.4,686.7,LOW,Sudden Upstream,CRITICAL
2026-10-06 07:00:00,142.1,24.1,12.4,5.16,1.54,0.54,60.1,0.554,22.0,172.6,CRITICAL,Sudden Upstream,CRITICAL
2026-10-06 07:30:00,91.0,21.5,7.9,5.32,1.45,0.34,61.7,0.521,103.3,396.3,LOW,Sudden Upstream,CRITICAL
2026-10-06 08:00:00,174.2,24.3,14.3,5.28,1.45,0.5,60.8,0.587,52.2,446.5,MEDIUM,Sudden Upstream,CRITICAL
2026-10-06 08:30:00,118.5,24.4,9.6,5.27,1.45,0.46,59.5,0.518,76.6,166.2,HIGH,Sudden Upstream,CRITICAL
2026-10-06 09:00:00,126.1,21.8,10.5,5.04,1.38,0.34,59.8,0.553,123.2,812.7,LOW,Sudden Upstream,CRITICAL
2026-10-06 09:30:00,94.3,21.7,7.3,4.86,1.34,0.26,60.7,0.512,178.3,626.1,LOW,Sudden Upstream,HIGH
2026-10-06 10:00:00,100.7,22.4,7.9,5.0,1.47,0.4,57.6,0.508,152.9,381.2,LOW,Sudden Upstream,CRITICAL
2026-10-06 10:30:00,93.4,21.6,7.8,4.97,1.34,0.34,60.5,0.527,30.7,211.3,HIGH,Sudden Upstream,CRITICAL
2026-10-06 11:00:00,134.5,27.5,10.0,5.0,1.48,0.31,58.6,0.525,14.5,131.5,CRITICAL,Sudden Upstream,CRITICAL
2026-10-06 11:30:00,79.2,25.6,5.1,4.76,1.45,0.42,61.5,0.525,90.9,974.4,LOW,Sudden Upstream,HIGH
2026-10-06 12:00:00,164.6,27.3,12.2,4.86,1.47,0.27,60.5,0.584,114.3,763.9,LOW,Sudden Upstream,HIGH
2026-10-06 12:30:00,146.6,23.4,11.6,5.0,1.33,0.36,55.6,0.521,71.7,192.8,HIGH,Sudden Upstream,CRITICAL
2026-10-06 13:00:00,135.3,20.2,14.3,5.03,1.4,0.42,57.6,0.523,62.5,120.7,HIGH,Sudden Upstream,CRITICAL
2026-10-06 13:30:00,49.1,23.6,3.9,4.89,1.46,0.44,59.6,0.488,24.3,16.8,CRITICAL,Sudden Upstream,CRITICAL
2026-10-06 14:00:00,104.8,22.2,9.5,4.71,1.41,0.23,54.4,0.47,13.1,45.7,CRITICAL,Sudden Upstream,CRITICAL
2026-10-06 14:30:00,124.3,20.8,11.9,5.14,1.5,0.49,54.5,0.486,28.6,167.8,CRITICAL,Sudden Upstream,CRITICAL
2026-10-06 15:00:00,156.5,20.0,14.8,4.85,1.42,0.24,55.5,0.516,58.5,372.8,MEDIUM,Sudden Upstream,HIGH
2026-10-06 15:30:00,98.0,23.0,7.8,4.67,1.51,0.47,60.9,0.511,60.7,251.1,HIGH,Sudden Upstream,CRITICAL
2026-10-06 16:00:00,160.4,25.5,12.8,5.01,1.49,0.38,56.5,0.525,110.2,543.0,LOW,Sudden Upstream,CRITICAL
2026-10-06 16:30:00,170.8,23.9,14.8,4.85,1.43,0.25,54.6,0.52,167.4,713.5,LOW,Sudden Upstream,HIGH
2026-10-06 17:00:00,70.9,21.7,5.0,4.77,1.47,0.39,54.0,0.467,39.2,238.4,HIGH,Sudden Upstream,CRITICAL
2026-10-06 17:30:00,140.1,19.8,14.0,4.76,1.51,0.25,59.2,0.552,122.1,387.8,LOW,Sudden Upstream,HIGH
2026-10-06 18:00:00,181.0,24.0,14.5,4.74,1.26,0.47,60.3,0.588,124.6,453.7,LOW,Sudden Upstream,HIGH
2026-10-06 18:30:00,142.3,20.4,14.7,4.83,1.37,0.3,56.9,0.519,33.6,155.7,CRITICAL,Sudden Upstream,CRITICAL
2026-10-06 19:00:00,34.3,19.1,3.2,4.63,1.3,0.44,55.0,0.427,146.6,661.5,LOW,Sudden Upstream,HIGH
2026-10-06 19:30:00,146.6,25.4,11.9,4.81,1.38,0.25,56.7,0.528,13.9,202.0,CRITICAL,Sudden Upstream,CRITICAL
2026-10-06 20:00:00,53.4,25.5,3.7,4.83,1.35,0.2,55.9,0.461,79.7,313.1,MEDIUM,Sudden Upstream,HIGH
2026-10-06 20:30:00,68.7,21.8,5.2,4.96,1.48,0.4,59.7,0.508,66.0,382.3,MEDIUM,Sudden Upstream,HIGH
2026-10-06 21:00:00,148.2,19.0,14.9,4.67,1.36,0.48,60.0,0.542,68.7,230.5,HIGH,Sudden Upstream,CRITICAL
2026-10-06 21:30:00,81.8,22.7,7.0,4.74,1.31,0.31,57.9,0.503,32.4,156.0,CRITICAL,Sudden Upstream,CRITICAL
2026-10-06 22:00:00,91.6,21.3,8.5,4.6,1.34,0.41,58.7,0.518,102.2,986.7,LOW,Sudden Upstream,HIGH
2026-10-06 22:30:00,63.2,24.8,4.9,4.96,1.34,0.29,54.5,0.463,138.9,823.7,LOW,Sudden Upstream,HIGH
2026-10-06 23:00:00,169.9,24.6,13.5,4.62,1.29,0.31,57.0,0.537,124.0,491.8,LOW,Sudden Upstream,HIGH
2026-10-06 23:30:00,111.6,19.7,11.8,4.62,1.29,0.29,58.5,0.526,178.9,570.4,LOW,Sudden Upstream,HIGH
2026-10-07 00:00:00,73.5,26.3,5.5,4.57,1.45,0.21,57.9,0.5,69.6,225.2,HIGH,Sudden Upstream,HIGH
2026-10-07 00:30:00,115.1,24.8,8.1,4.92,1.4,0.33,57.7,0.51,153.2,927.8,LOW,Sudden Upstream,HIGH
2026-10-07 01:00:00,84.9,25.5,6.7,4.53,1.2,0.4,57.1,0.494,106.7,434.8,LOW,Sudden Upstream,HIGH
2026-10-07 01:30:00,118.7,23.3,10.7,4.75,1.35,0.43,55.5,0.492,13.4,202.4,CRITICAL,Sudden Upstream,CRITICAL
2026-10-07 02:00:00,58.0,18.8,4.5,4.82,1.32,0.35,53.5,0.455,73.2,382.1,MEDIUM,Sudden Upstream,HIGH
2026-10-07 02:30:00,52.1,21.0,4.0,4.41,1.37,0.28,57.4,0.457,77.1,506.3,LOW,Sudden Upstream,HIGH
2026-10-07 03:00:00,110.4,18.2,10.7,4.77,1.39,0.34,52.8,0.473,162.8,628.0,LOW,Sudden Upstream,HIGH
2026-10-07 03:30:00,151.0,22.4,14.3,4.5,1.19,0.33,53.3,0.493,18.1,109.2,CRITICAL,Sudden Upstream,HIGH
2026-10-07 04:00:00,139.1,23.4,12.1,4.67,1.32,0.19,56.0,0.511,107.8,975.7,LOW,Sudden Upstream,HIGH
2026-10-07 04:30:00,75.9,19.5,7.7,4.71,1.27,0.28,56.4,0.478,29.4,78.4,CRITICAL,Sudden Upstream,CRITICAL
2026-10-07 05:00:00,57.2,20.5,3.8,4.76,1.29,0.4,58.4,0.465,59.8,234.4,HIGH,Sudden Upstream,HIGH
2026-10-07 05:30:00,66.9,23.5,5.3,4.5,1.31,0.15,58.3,0.5,56.5,284.0,HIGH,Sudden Upstream,HIGH
2026-10-07 06:00:00,149.3,21.8,14.3,4.68,1.38,0.29,54.1,0.5,64.0,431.4,MEDIUM,Sudden Upstream,HIGH
2026-10-07 06:30:00,152.2,24.3,11.8,4.43,1.37,0.24,54.5,0.524,54.6,459.9,MEDIUM,Sudden Upstream,HIGH
2026-10-07 07:00:00,129.6,18.7,13.6,4.36,1.3,0.37,53.2,0.485,153.3,693.7,LOW,Sudden Upstream,HIGH
2026-10-07 07:30:00,150.7,21.9,14.4,4.61,1.34,0.23,51.1,0.493,124.7,559.7,LOW,Sudden Upstream,HIGH
2026-10-07 08:00:00,45.5,19.9,3.2,4.67,1.24,0.16,54.2,0.427,103.1,950.2,LOW,Sudden Upstream,HIGH
2026-10-07 08:30:00,111.9,24.1,9.8,4.52,1.22,0.33,53.5,0.477,34.2,167.5,HIGH,Sudden Upstream,HIGH
2026-10-07 09:00:00,129.8,19.1,13.2,4.6,1.33,0.4,50.7,0.476,141.1,821.6,LOW,Sudden Upstream,HIGH
2026-10-07 09:30:00,74.0,20.1,7.2,4.65,1.21,0.31,53.2,0.44,131.9,690.8,LOW,Sudden Upstream,HIGH
2026-10-07 10:00:00,102.6,19.0,11.0,4.47,1.21,0.21,56.4,0.507,151.6,442.3,LOW,Sudden Upstream,HIGH
2026-10-07 10:30:00,110.8,18.1,11.9,4.3,1.15,0.18,54.3,0.502,83.1,1018.7,LOW,Sudden Upstream,HIGH
2026-10-07 11:00:00,93.5,18.2,10.6,4.29,1.22,0.2,53.7,0.48,106.7,402.4,LOW,Sudden Upstream,HIGH
2026-10-07 11:30:00,87.1,24.7,5.8,4.51,1.16,0.37,54.9,0.488,26.5,26.6,CRITICAL,Sudden Upstream,HIGH
2026-10-07 12:00:00,144.7,21.4,12.9,4.24,1.35,0.2,56.4,0.522,48.8,302.5,HIGH,Sudden Upstream,HIGH
2026-10-07 12:30:00,100.4,18.6,11.1,4.47,1.12,0.15,54.3,0.472,173.5,665.5,LOW,Sudden Upstream,HIGH
2026-10-07 13:00:00,119.9,20.7,11.7,4.3,1.26,0.24,52.1,0.477,80.7,679.8,LOW,Sudden Upstream,HIGH
2026-10-07 13:30:00,127.6,20.4,11.3,4.32,1.33,0.1,54.1,0.485,30.0,206.3,HIGH,Sudden Upstream,HIGH
2026-10-07 14:00:00,124.6,19.3,11.8,4.54,1.18,0.19,51.7,0.465,84.7,966.2,LOW,Sudden Upstream,HIGH
2026-10-07 14:30:00,52.1,24.0,4.2,4.37,1.18,0.28,51.8,0.417,16.9,94.3,CRITICAL,Sudden Upstream,HIGH
2026-10-07 15:00:00,51.5,17.0,4.2,4.21,1.24,0.09,56.3,0.47,55.2,219.3,HIGH,Sudden Upstream,HIGH
2026-10-07 15:30:00,46.6,19.3,4.4,4.49,1.22,0.11,52.2,0.421,46.5,504.9,MEDIUM,Sudden Upstream,HIGH
2026-10-07 16:00:00,115.6,18.5,11.8,4.4,1.31,0.1,52.9,0.49,129.9,1064.9,LOW,Sudden Upstream,HIGH
2026-10-07 16:30:00,115.6,16.8,13.4,4.39,1.14,0.18,55.5,0.493,90.0,716.5,LOW,Sudden Upstream,HIGH
2026-10-07 17:00:00,69.7,23.6,4.4,4.43,1.26,0.3,55.2,0.477,98.7,422.8,LOW,Sudden Upstream,HIGH
2026-10-07 17:30:00,136.3,23.5,12.0,4.38,1.25,0.34,50.4,0.467,69.5,435.9,MEDIUM,Sudden Upstream,HIGH
2026-10-07 18:00:00,101.1,19.4,9.0,4.43,1.16,0.09,55.0,0.484,16.0,162.4,CRITICAL,Sudden Upstream,HIGH
2026-10-07 18:30:00,103.3,23.8,8.1,4.47,1.21,0.07,53.8,0.474,85.8,1061.4,LOW,Sudden Upstream,HIGH
2026-10-07 19:00:00,111.2,19.2,10.3,4.37,1.23,0.1,50.5,0.456,58.9,166.1,HIGH,Sudden Upstream,HIGH
2026-10-07 19:30:00,41.2,21.6,3.7,4.26,1.23,0.14,52.3,0.428,101.1,507.8,LOW,Sudden Upstream,HIGH
2026-10-07 20:00:00,96.2,16.6,12.2,4.04,1.05,0.25,54.8,0.482,96.5,640.6,LOW,Sudden Upstream,HIGH
2026-10-07 20:30:00,114.0,17.1,13.6,4.03,1.2,0.24,49.0,0.44,28.5,136.4,CRITICAL,Sudden Upstream,HIGH
2026-10-07 21:00:00,123.0,22.9,9.6,4.01,1.16,0.31,51.2,0.482,12.5,188.8,CRITICAL,Sudden Upstream,HIGH
2026-10-07 21:30:00,85.7,18.9,8.5,4.41,1.02,0.2,51.2,0.46,88.0,981.6,LOW,Sudden Upstream,HIGH
2026-10-07 22:00:00,50.6,17.0,4.4,4.18,1.04,0.08,49.7,0.417,100.3,1030.2,LOW,Sudden Upstream,HIGH
2026-10-07 22:30:00,89.0,19.4,7.8,4.01,1.03,0.33,49.5,0.45,158.3,925.8,LOW,Sudden Upstream,HIGH
2026-10-07 23:00:00,61.0,17.8,6.4,4.27,1.04,0.33,52.7,0.438,85.8,486.8,LOW,Sudden Upstream,HIGH
2026-10-07 23:30:00,70.6,17.7,7.0,4.31,1.17,0.05,54.0,0.465,67.4,444.0,MEDIUM,Sudden Upstream,HIGH
2026-10-08 00:00:00,100.4,16.6,12.2,3.92,1.02,0.08,50.0,0.444,104.5,495.7,LOW,Sudden Upstream,HIGH
2026-10-08 00:30:00,62.8,21.6,4.0,4.02,1.06,0.1,48.9,0.401,61.0,125.3,HIGH,Sudden Upstream,HIGH
2026-10-08 01:00:00,143.6,18.9,14.8,4.0,1.11,0.12,52.7,0.497,86.0,586.5,LOW,Sudden Upstream,HIGH
2026-10-08 01:30:00,91.0,16.5,9.3,4.14,1.2,0.17,51.3,0.456,42.6,446.0,MEDIUM,Sudden Upstream,HIGH
2026-10-08 02:00:00,144.6,19.6,13.7,3.84,1.22,0.1,52.8,0.512,22.0,172.8,CRITICAL,Sudden Upstream,HIGH
2026-10-08 02:30:00,64.8,21.5,5.4,4.02,0.99,0.23,52.1,0.432,119.2,1039.8,LOW,Sudden Upstream,HIGH
2026-10-08 03:00:00,58.1,19.3,5.5,3.91,1.09,0.16,47.7,0.405,70.7,222.5,HIGH,Sudden Upstream,HIGH
2026-10-08 03:30:00,152.3,22.7,12.9,3.83,1.03,0.27,50.0,0.493,146.3,970.3,LOW,Sudden Upstream,HIGH
2026-10-08 04:00:00,138.0,23.1,11.6,3.96,1.07,0.26,52.3,0.479,176.2,930.0,LOW,Sudden Upstream,HIGH
2026-10-08 04:30:00,138.4,20.3,12.7,4.25,1.18,0.08,49.9,0.485,129.7,690.6,LOW,Sudden Upstream,HIGH
2026-10-08 05:00:00,62.5,22.0,4.0,4.04,1.12,0.08,53.1,0.437,141.6,921.4,LOW,Sudden Upstream,HIGH
2026-10-08 05:30:00,107.8,15.5,14.7,3.75,1.12,0.27,51.8,0.466,70.0,444.8,MEDIUM,Sudden Upstream,HIGH
2026-10-08 06:00:00,106.4,15.9,11.7,3.79,0.99,0.22,53.3,0.466,21.2,31.3,CRITICAL,Sudden Upstream,HIGH
2026-10-08 06:30:00,72.5,17.2,7.6,3.96,1.03,0.25,48.3,0.398,100.0,731.2,LOW,Sudden Upstream,HIGH
2026-10-08 07:00:00,104.3,18.7,10.5,3.95,1.18,0.1,51.3,0.466,97.0,899.3,LOW,Sudden Upstream,HIGH
2026-10-08 07:30:00,101.2,18.7,11.2,4.15,1.15,0.01,50.5,0.446,62.8,148.8,HIGH,Sudden Upstream,HIGH
2026-10-08 08:00:00,47.2,17.8,3.5,3.99,1.16,0.23,50.2,0.422,73.3,128.9,HIGH,Sudden Upstream,HIGH
2026-10-08 08:30:00,152.6,20.5,14.4,3.91,0.97,0.02,49.7,0.493,80.8,740.2,LOW,Sudden Upstream,HIGH
2026-10-08 09:00:00,163.9,22.6,14.5,3.76,0.99,-0.01,52.6,0.509,174.5,598.2,LOW,Sudden Upstream,HIGH
2026-10-08 09:30:00,167.8,21.7,14.8,4.02,0.98,0.01,46.1,0.47,88.6,655.3,LOW,Sudden Upstream,HIGH
2026-10-08 10:00:00,121.0,16.4,14.8,3.81,1.12,0.06,48.8,0.463,55.0,545.5,MEDIUM,Sudden Upstream,HIGH
2026-10-08 10:30:00,95.1,20.0,7.8,4.08,1.04,0.21,50.4,0.454,40.5,429.0,MEDIUM,Sudden Upstream,HIGH
2026-10-08 11:00:00,64.4,17.0,6.4,3.64,1.01,0.1,50.4,0.423,110.2,658.4,LOW,Sudden Upstream,HIGH
2026-10-08 11:30:00,58.1,19.5,4.1,3.79,0.98,0.15,46.0,0.383,60.6,217.5,HIGH,Sudden Upstream,HIGH
2026-10-08 12:00:00,67.7,15.9,6.9,4.02,1.02,0.02,49.3,0.429,156.4,782.3,LOW,Sudden Upstream,HIGH
2026-10-08 12:30:00,120.4,16.3,13.2,3.59,0.93,0.25,48.9,0.456,69.4,516.7,LOW,Sudden Upstream,MEDIUM
2026-10-08 13:00:00,102.5,14.5,14.4,3.57,0.91,0.16,48.0,0.427,55.5,500.3,MEDIUM,Sudden Upstream,HIGH
2026-10-08 13:30:00,90.7,15.9,11.4,3.57,1.08,-0.0,51.3,0.459,88.1,951.4,LOW,Sudden Upstream,HIGH
2026-10-08 14:00:00,87.4,20.7,8.5,3.97,0.89,0.09,49.2,0.434,172.4,960.9,LOW,Sudden Upstream,HIGH
2026-10-08 14:30:00,67.0,15.2,6.3,3.92,1.02,-0.02,48.4,0.418,97.8,550.7,LOW,Sudden Upstream,HIGH
2026-10-08 15:00:00,34.5,16.7,3.7,3.51,0.98,0.05,51.3,0.418,130.3,666.4,LOW,Sudden Upstream,MEDIUM
2026-10-08 15:30:00,57.7,19.5,4.5,3.69,1.04,0.02,45.3,0.368,167.8,874.3,LOW,Sudden Upstream,HIGH
2026-10-08 16:00:00,68.7,18.8,6.6,3.72,0.98,0.02,51.5,0.45,66.7,416.8,MEDIUM,Sudden Upstream,HIGH
2026-10-08 16:30:00,71.9,17.9,7.9,3.69,1.04,0.19,47.1,0.417,141.9,696.9,LOW,Sudden Upstream,HIGH
2026-10-08 17:00:00,102.2,14.8,14.4,3.88,0.99,0.22,49.0,0.446,116.7,414.8,LOW,Sudden Upstream,HIGH
2026-10-08 17:30:00,94.3,13.8,11.6,3.45,1.09,0.12,45.5,0.405,87.9,996.4,LOW,Sudden Upstream,MEDIUM
2026-10-08 18:00:00,92.7,16.1,11.6,3.91,0.96,0.18,44.2,0.407,179.7,514.6,LOW,Sudden Upstream,HIGH
2026-10-08 18:30:00,90.5,19.7,8.7,3.87,1.03,0.01,46.5,0.415,109.6,903.3,LOW,Sudden Upstream,HIGH
2026-10-08 19:00:00,111.7,17.9,11.9,3.71,1.01,0.17,47.6,0.424,132.6,801.7,LOW,Sudden Upstream,HIGH
2026-10-08 19:30:00,50.1,15.2,4.9,3.86,0.87,0.08,47.4,0.381,16.4,155.4,CRITICAL,Sudden Upstream,HIGH
2026-10-08 20:00:00,90.2,21.4,7.2,3.53,0.95,0.15,47.2,0.417,132.0,639.9,LOW,Sudden Upstream,MEDIUM
2026-10-08 20:30:00,38.3,14.6,2.8,3.83,0.92,-0.03,44.5,0.355,34.3,50.5,CRITICAL,Sudden Upstream,HIGH
2026-10-08 21:00:00,57.0,15.4,7.1,3.48,0.92,0.0,49.2,0.425,138.4,352.3,LOW,Sudden Upstream,MEDIUM
2026-10-08 21:30:00,119.5,16.3,13.6,3.49,0.97,-0.02,47.5,0.435,126.1,668.0,LOW,Sudden Upstream,MEDIUM
2026-10-08 22:00:00,99.1,15.3,12.4,3.41,0.8,0.2,48.2,0.422,98.9,711.0,LOW,Sudden Upstream,MEDIUM
2026-10-08 22:30:00,38.1,15.2,3.3,3.7,1.01,0.06,45.2,0.352,120.8,841.4,LOW,Sudden Upstream,HIGH
2026-10-08 23:00:00,86.7,16.2,9.9,3.7,0.86,0.16,47.7,0.411,142.8,809.6,LOW,Sudden Upstream,HIGH
2026-10-08 23:30:00,89.5,18.9,8.7,3.41,0.99,0.06,48.2,0.416,81.0,785.6,LOW,Sudden Upstream,MEDIUM
2026-10-09 00:00:00,56.8,14.0,6.8,3.77,0.92,0.11,43.8,0.37,184.6,611.4,LOW,Sudden Upstream,HIGH
2026-10-09 00:30:00,55.3,13.3,5.7,3.59,0.94,0.14,44.6,0.382,106.0,717.9,LOW,Sudden Upstream,MEDIUM
2026-10-09 01:00:00,60.5,13.8,7.0,3.39,0.78,0.17,49.3,0.42,81.9,850.2,LOW,Sudden Upstream,MEDIUM
2026-10-09 01:30:00,112.0,14.3,13.8,3.28,0.97,0.1,45.5,0.435,38.6,429.4,HIGH,Sudden Upstream,HIGH
2026-10-09 02:00:00,72.4,14.3,10.2,3.47,0.78,0.0,49.5,0.42,151.5,753.7,LOW,Sudden Upstream,MEDIUM
2026-10-09 02:30:00,85.3,18.4,8.0,3.26,0.88,0.04,46.8,0.409,74.1,367.8,MEDIUM,Sudden Upstream,MEDIUM
2026-10-09 03:00:00,87.7,20.3,7.8,3.4,0.9,-0.06,47.3,0.41,60.5,407.5,MEDIUM,Sudden Upstream,MEDIUM
2026-10-09 03:30:00,46.4,15.7,5.7,3.7,0.81,-0.08,47.2,0.376,98.2,642.1,LOW,Sudden Upstream,HIGH
2026-10-09 04:00:00,84.2,18.8,9.1,3.39,0.88,-0.01,43.8,0.376,112.4,366.1,LOW,Sudden Upstream,MEDIUM
2026-10-09 04:30:00,61.6,16.3,7.0,3.46,0.85,-0.07,45.5,0.377,37.5,290.6,HIGH,Sudden Upstream,HIGH
2026-10-09 05:00:00,44.7,12.6,6.5,3.59,0.97,0.08,45.6,0.38,135.2,616.2,LOW,Sudden Upstream,MEDIUM
2026-10-09 05:30:00,86.0,12.6,12.1,3.38,0.88,0.01,46.8,0.421,133.1,470.8,LOW,Sudden Upstream,MEDIUM
2026-10-09 06:00:00,73.6,18.7,5.8,3.18,0.91,0.14,43.8,0.387,17.0,118.2,CRITICAL,Sudden Upstream,HIGH
2026-10-09 06:30:00,57.9,18.1,5.3,3.61,0.8,0.11,44.1,0.371,183.5,980.7,LOW,Sudden Upstream,HIGH
2026-10-09 07:00:00,73.9,18.0,7.3,3.44,0.91,0.03,44.9,0.393,37.9,180.8,HIGH,Sudden Upstream,HIGH
2026-10-09 07:30:00,107.4,15.2,13.0,3.23,0.91,-0.05,48.3,0.437,13.8,116.8,CRITICAL,Sudden Upstream,HIGH
2026-10-09 08:00:00,119.0,18.1,11.9,3.54,0.84,-0.03,48.4,0.436,93.4,1019.6,LOW,Sudden Upstream,MEDIUM
2026-10-09 08:30:00,97.9,18.9,9.3,3.27,0.94,-0.12,47.5,0.424,77.3,375.6,MEDIUM,Sudden Upstream,MEDIUM
2026-10-09 09:00:00,123.1,16.2,13.8,3.09,0.75,0.13,43.7,0.4,13.1,20.2,CRITICAL,Sudden Upstream,HIGH
2026-10-09 09:30:00,96.4,16.9,11.8,3.53,0.79,-0.0,47.7,0.43,49.9,371.7,MEDIUM,Sudden Upstream,MEDIUM
2026-10-09 10:00:00,120.7,18.9,13.0,3.14,0.79,-0.03,42.4,0.409,28.6,167.3,CRITICAL,Sudden Upstream,HIGH
2026-10-09 10:30:00,70.1,14.1,10.0,3.33,0.85,0.07,45.6,0.393,169.4,651.5,LOW,Sudden Upstream,MEDIUM
2026-10-09 11:00:00,44.0,12.2,5.1,3.32,0.77,0.01,41.2,0.344,14.3,166.3,CRITICAL,Sudden Upstream,HIGH
2026-10-09 11:30:00,57.9,14.7,7.8,3.12,0.9,0.07,47.2,0.401,124.6,397.8,LOW,Sudden Upstream,MEDIUM
2026-10-09 12:00:00,100.3,14.1,12.8,3.23,0.81,-0.14,42.1,0.376,16.3,92.0,CRITICAL,Sudden Upstream,HIGH
2026-10-09 12:30:00,44.3,15.9,5.3,3.44,0.76,-0.01,46.3,0.388,112.9,918.3,LOW,Sudden Upstream,MEDIUM
2026-10-09 13:00:00,75.8,15.7,7.3,3.08,0.73,0.05,42.6,0.386,74.4,152.1,HIGH,Sudden Upstream,MEDIUM
2026-10-09 13:30:00,69.5,18.5,6.4,3.02,0.72,-0.15,45.1,0.383,21.2,158.8,CRITICAL,Sudden Upstream,HIGH
2026-10-09 14:00:00,94.7,15.7,11.5,2.99,0.73,0.09,47.2,0.423,59.1,126.6,HIGH,Sudden Upstream,MEDIUM
2026-10-09 14:30:00,91.4,19.0,9.1,3.26,0.91,-0.05,41.6,0.389,98.4,983.3,LOW,Sudden Upstream,MEDIUM
2026-10-09 15:00:00,98.6,13.4,14.0,3.14,0.79,-0.18,41.3,0.366,16.7,176.1,CRITICAL,Sudden Upstream,HIGH
2026-10-09 15:30:00,86.7,14.5,12.5,3.24,0.81,-0.1,46.2,0.416,74.4,489.4,LOW,Sudden Upstream,MEDIUM
2026-10-09 16:00:00,124.5,17.5,13.2,3.12,0.7,-0.1,44.4,0.41,160.7,674.6,LOW,Sudden Upstream,MEDIUM
2026-10-09 16:30:00,115.4,14.1,14.3,3.33,0.8,0.05,44.4,0.401,132.4,671.1,LOW,Sudden Upstream,MEDIUM
2026-10-09 17:00:00,97.7,12.9,13.2,3.18,0.78,0.09,46.3,0.417,65.4,234.6,HIGH,Sudden Upstream,HIGH
2026-10-09 17:30:00,110.5,17.9,13.0,2.92,0.68,0.06,45.3,0.417,146.3,898.9,LOW,Sudden Upstream,MEDIUM
2026-10-09 18:00:00,69.0,11.2,12.2,3.26,0.67,-0.08,43.1,0.386,169.3,927.0,LOW,Sudden Upstream,MEDIUM
2026-10-09 18:30:00,48.7,16.3,5.5,3.15,0.65,0.03,40.5,0.332,124.1,921.4,LOW,Sudden Upstream,MEDIUM
2026-10-09 19:00:00,64.3,12.5,8.3,3.32,0.76,0.02,45.0,0.372,13.3,200.8,CRITICAL,Sudden Upstream,HIGH
2026-10-09 19:30:00,46.2,13.0,3.7,3.22,0.68,-0.06,39.5,0.33,65.4,213.3,HIGH,Sudden Upstream,MEDIUM
2026-10-09 20:00:00,98.7,15.0,13.1,2.98,0.65,-0.11,46.0,0.406,169.0,644.5,LOW,Sudden Upstream,MEDIUM
2026-10-09 20:30:00,32.7,16.1,2.9,3.17,0.75,-0.21,45.5,0.373,111.6,612.3,LOW,Sudden Upstream,MEDIUM
2026-10-09 21:00:00,89.7,15.1,11.5,2.83,0.82,0.04,39.7,0.374,66.3,215.0,HIGH,Sudden Upstream,MEDIUM
2026-10-09 21:30:00,94.5,17.2,10.7,2.81,0.74,-0.06,42.4,0.387,119.4,1033.1,LOW,Sudden Upstream,MEDIUM
2026-10-09 22:00:00,80.6,16.5,9.9,3.04,0.67,-0.07,44.6,0.402,72.1,445.8,MEDIUM,Sudden Upstream,MEDIUM
2026-10-09 22:30:00,72.5,11.5,11.9,3.07,0.7,-0.2,43.0,0.379,55.7,315.3,HIGH,Sudden Upstream,MEDIUM
2026-10-09 23:00:00,92.4,13.8,12.9,2.95,0.8,0.04,42.5,0.37,74.6,488.4,LOW,Sudden Upstream,MEDIUM
2026-10-09 23:30:00,65.8,16.7,6.4,3.15,0.69,-0.09,41.6,0.353,74.4,386.9,MEDIUM,Sudden Upstream,MEDIUM
2026-10-10 00:00:00,60.5,11.8,9.6,2.8,0.65,-0.01,44.8,0.374,109.1,976.1,LOW,Sudden Upstream,MEDIUM
2026-10-10 00:30:00,72.5,18.2,7.0,2.99,0.66,-0.05,41.2,0.351,66.0,501.2,MEDIUM,Sudden Upstream,MEDIUM
2026-10-10 01:00:00,40.6,12.1,5.3,3.09,0.81,-0.05,39.8,0.329,125.9,411.5,LOW,Sudden Upstream,MEDIUM
2026-10-10 01:30:00,70.4,11.9,10.6,3.15,0.77,0.04,39.4,0.336,99.7,706.1,LOW,Sudden Upstream,MEDIUM
2026-10-10 02:00:00,80.9,16.9,7.9,2.8,0.68,-0.03,42.5,0.37,151.5,432.7,LOW,Sudden Upstream,MEDIUM
2026-10-10 02:30:00,45.8,15.8,3.3,2.85,0.7,0.01,41.9,0.355,127.3,742.0,LOW,Sudden Upstream,MEDIUM
2026-10-10 03:00:00,91.9,15.4,12.2,3.02,0.72,-0.03,42.8,0.401,64.7,346.9,MEDIUM,Sudden Upstream,MEDIUM
2026-10-10 03:30:00,52.5,17.0,5.7,2.87,0.67,-0.09,43.2,0.355,72.1,266.9,MEDIUM,Sudden Upstream,MEDIUM
2026-10-10 04:00:00,83.0,16.8,9.3,2.79,0.68,-0.19,38.9,0.351,33.5,118.7,CRITICAL,Sudden Upstream,MEDIUM
2026-10-10 04:30:00,47.6,12.5,5.5,2.69,0.78,-0.23,44.2,0.369,100.9,674.0,LOW,Sudden Upstream,MEDIUM
2026-10-10 05:00:00,39.0,10.5,5.4,2.65,0.74,-0.07,43.5,0.348,127.5,538.9,LOW,Sudden Upstream,MEDIUM
2026-10-10 05:30:00,59.3,12.5,6.1,3.03,0.66,0.02,37.7,0.338,153.7,635.9,LOW,Sudden Upstream,MEDIUM
2026-10-10 06:00:00,64.6,15.2,7.6,2.78,0.77,0.03,40.8,0.339,44.5,302.9,HIGH,Sudden Upstream,MEDIUM
2026-10-10 06:30:00,46.1,15.6,5.6,2.84,0.6,-0.09,37.5,0.329,13.0,37.8,CRITICAL,Sudden Upstream,MEDIUM
2026-10-10 07:00:00,79.2,15.0,10.1,2.76,0.61,-0.18,39.3,0.347,160.3,838.6,LOW,Sudden Upstream,MEDIUM
2026-10-10 07:30:00,95.9,14.0,11.7,3.01,0.62,-0.27,38.5,0.352,80.2,894.9,LOW,Sudden Upstream,MEDIUM
2026-10-10 08:00:00,63.6,13.9,8.6,2.75,0.65,-0.02,40.9,0.363,103.6,993.2,LOW,Sudden Upstream,MEDIUM
2026-10-10 08:30:00,99.4,14.8,14.1,3.01,0.66,-0.28,42.6,0.397,137.2,638.9,LOW,Sudden Upstream,MEDIUM
2026-10-10 09:00:00,15.6,9.7,2.4,2.89,0.68,-0.21,37.8,0.287,117.6,385.7,LOW,Sudden Upstream,MEDIUM
2026-10-10 09:30:00,49.7,11.4,8.5,2.72,0.55,-0.1,41.9,0.336,36.0,549.5,MEDIUM,Sudden Upstream,MEDIUM
2026-10-10 10:00:00,51.2,13.4,4.9,2.65,0.66,-0.2,38.3,0.314,170.6,639.4,LOW,Sudden Upstream,MEDIUM
2026-10-10 10:30:00,58.3,11.5,9.4,2.59,0.55,-0.04,42.0,0.342,125.6,624.5,LOW,Sudden Upstream,MEDIUM
2026-10-10 11:00:00,41.4,15.7,3.0,2.78,0.71,-0.01,42.9,0.354,145.0,982.6,LOW,Sudden Upstream,MEDIUM
2026-10-10 11:30:00,74.5,12.1,10.5,2.51,0.6,-0.26,39.2,0.334,22.7,20.2,CRITICAL,Sudden Upstream,MEDIUM
2026-10-10 12:00:00,61.1,10.5,10.8,2.6,0.49,-0.21,41.4,0.356,31.8,189.8,HIGH,Sudden Upstream,MEDIUM
2026-10-10 12:30:00,97.0,14.1,11.8,2.67,0.66,-0.18,41.4,0.373,180.4,1083.5,LOW,Sudden Upstream,MEDIUM
2026-10-10 13:00:00,56.2,11.5,6.7,2.52,0.59,-0.3,41.6,0.341,111.5,487.4,LOW,Sudden Upstream,MEDIUM
2026-10-10 13:30:00,43.9,12.0,5.5,2.77,0.7,-0.25,38.4,0.309,111.2,625.5,LOW,Sudden Upstream,MEDIUM
2026-10-10 14:00:00,48.5,10.3,9.1,2.59,0.59,-0.05,40.3,0.35,119.7,693.8,LOW,Sudden Upstream,MEDIUM
2026-10-10 14:30:00,50.2,10.3,6.1,2.73,0.67,-0.11,38.4,0.321,87.4,752.1,LOW,Sudden Upstream,MEDIUM
2026-10-10 15:00:00,52.3,11.8,7.2,2.45,0.52,-0.1,36.9,0.312,24.3,61.0,CRITICAL,Sudden Upstream,MEDIUM
2026-10-10 15:30:00,75.2,13.1,10.7,2.79,0.51,-0.09,37.1,0.34,64.1,437.0,MEDIUM,Sudden Upstream,MEDIUM
2026-10-10 16:00:00,80.0,11.2,11.8,2.54,0.54,-0.09,39.3,0.343,135.2,523.3,LOW,Sudden Upstream,MEDIUM
2026-10-10 16:30:00,59.1,10.4,8.6,2.52,0.54,-0.21,36.0,0.31,160.3,1053.7,LOW,Sudden Upstream,LOW
2026-10-10 17:00:00,94.2,11.5,13.5,2.71,0.54,-0.18,37.6,0.355,77.7,526.6,LOW,Sudden Upstream,MEDIUM
2026-10-10 17:30:00,105.8,16.4,11.7,2.73,0.61,-0.09,36.6,0.335,141.5,702.7,LOW,Sudden Upstream,MEDIUM
2026-10-10 18:00:00,63.5,11.3,8.0,2.81,0.45,-0.32,35.7,0.328,48.9,128.7,HIGH,Sudden Upstream,MEDIUM
2026-10-10 18:30:00,32.1,9.8,3.5,2.39,0.68,-0.3,41.1,0.321,115.2,518.3,LOW,Sudden Upstream,MEDIUM
2026-10-10 19:00:00,71.4,15.9,9.0,2.54,0.68,-0.06,36.9,0.318,35.0,439.8,HIGH,Sudden Upstream,MEDIUM
2026-10-10 19:30:00,26.9,10.7,3.7,2.34,0.55,-0.24,37.5,0.308,156.4,644.6,LOW,Sudden Upstream,LOW
2026-10-10 20:00:00,65.3,12.9,7.6,2.65,0.62,-0.05,39.6,0.345,143.7,425.3,LOW,Sudden Upstream,MEDIUM
2026-10-10 20:30:00,62.3,10.0,8.7,2.47,0.6,-0.23,40.6,0.339,83.7,860.4,LOW,Sudden Upstream,MEDIUM
2026-10-10 21:00:00,89.8,15.0,10.9,2.73,0.47,-0.34,37.4,0.335,26.3,108.3,CRITICAL,Sudden Upstream,MEDIUM
2026-10-10 21:30:00,55.2,9.2,10.7,2.78,0.5,-0.21,38.8,0.32,93.2,829.1,LOW,Sudden Upstream,MEDIUM
2026-10-10 22:00:00,69.7,15.4,6.8,2.77,0.5,-0.27,38.9,0.331,14.5,140.5,CRITICAL,Sudden Upstream,MEDIUM
2026-10-10 22:30:00,50.8,13.1,7.5,2.61,0.59,-0.35,37.8,0.323,174.3,1093.4,LOW,Sudden Upstream,MEDIUM
2026-10-10 23:00:00,58.7,10.0,9.6,2.58,0.43,-0.19,40.9,0.351,120.6,567.8,LOW,Sudden Upstream,LOW
2026-10-10 23:30:00,83.5,11.9,13.2,2.28,0.45,-0.07,39.5,0.371,13.5,44.1,CRITICAL,Sudden Upstream,MEDIUM
2026-10-11 00:00:00,57.6,12.1,6.3,2.34,0.53,-0.24,41.0,0.336,90.4,599.9,LOW,Sudden Upstream,LOW
2026-10-11 00:30:00,63.5,8.4,12.8,2.43,0.6,-0.18,37.5,0.317,86.9,1015.7,LOW,Sudden Upstream,LOW
2026-10-11 01:00:00,89.8,14.7,12.0,2.67,0.41,-0.25,34.8,0.326,128.1,653.8,LOW,Sudden Upstream,MEDIUM
2026-10-11 01:30:00,70.7,10.5,11.3,2.51,0.6,-0.31,37.1,0.34,74.9,459.9,MEDIUM,Sudden Upstream,MEDIUM
2026-10-11 02:00:00,29.2,10.7,3.2,2.3,0.4,-0.36,34.6,0.288,126.4,457.9,LOW,Sudden Upstream,LOW
2026-10-11 02:30:00,57.8,12.4,7.2,2.46,0.63,-0.14,38.4,0.324,117.2,1091.5,LOW,Sudden Upstream,MEDIUM
2026-10-11 03:00:00,34.1,9.9,5.8,2.56,0.4,-0.2,35.2,0.3,29.5,85.9,CRITICAL,Sudden Upstream,MEDIUM
2026-10-11 03:30:00,81.6,11.3,13.4,2.54,0.54,-0.15,40.2,0.372,30.6,24.1,CRITICAL,Sudden Upstream,MEDIUM
2026-10-11 04:00:00,86.7,14.8,10.1,2.22,0.55,-0.19,34.8,0.316,178.8,908.9,LOW,Sudden Upstream,LOW
2026-10-11 04:30:00,36.0,8.2,6.5,2.49,0.53,-0.17,37.2,0.298,59.2,189.5,HIGH,Sudden Upstream,MEDIUM
2026-10-11 05:00:00,43.2,9.5,7.0,2.54,0.38,-0.33,35.9,0.303,35.5,417.6,HIGH,Sudden Upstream,MEDIUM
2026-10-11 05:30:00,73.4,13.6,10.6,2.49,0.45,-0.21,33.8,0.312,62.0,229.0,HIGH,Sudden Upstream,MEDIUM
2026-10-11 06:00:00,31.8,9.9,3.2,2.59,0.39,-0.19,38.5,0.313,154.3,953.9,LOW,Sudden Upstream,LOW
2026-10-11 06:30:00,69.9,13.6,10.0,2.33,0.55,-0.11,39.5,0.343,15.3,35.1,CRITICAL,Sudden Upstream,MEDIUM
2026-10-11 07:00:00,34.1,8.8,3.4,2.57,0.54,-0.28,39.6,0.326,146.8,752.7,LOW,Sudden Upstream,MEDIUM
2026-10-11 07:30:00,49.2,8.8,8.1,2.1,0.56,-0.22,36.4,0.312,54.7,492.7,MEDIUM,Sudden Upstream,LOW
2026-10-11 08:00:00,61.4,10.0,12.2,2.2,0.46,-0.2,36.4,0.304,35.4,483.6,MEDIUM,Sudden Upstream,LOW
2026-10-11 08:30:00,33.0,12.2,5.1,2.4,0.44,-0.31,36.5,0.31,94.8,609.2,LOW,Sudden Upstream,LOW
2026-10-11 09:00:00,52.9,9.0,11.4,2.23,0.37,-0.2,34.9,0.298,16.3,55.9,CRITICAL,Sudden Upstream,MEDIUM
2026-10-11 09:30:00,52.3,10.4,6.2,2.18,0.44,-0.27,39.4,0.345,45.0,509.7,MEDIUM,Sudden Upstream,LOW
2026-10-11 10:00:00,25.5,8.0,3.4,2.32,0.39,-0.32,38.6,0.294,64.1,180.6,HIGH,Sudden Upstream,MEDIUM
2026-10-11 10:30:00,43.8,10.2,4.6,2.35,0.33,-0.14,39.9,0.336,123.1,839.9,LOW,Sudden Upstream,LOW
2026-10-11 11:00:00,49.4,9.2,9.0,2.46,0.42,-0.31,37.9,0.313,86.8,416.0,LOW,Sudden Upstream,LOW
2026-10-11 11:30:00,55.6,14.4,7.2,2.19,0.34,-0.13,34.1,0.292,142.6,451.8,LOW,Sudden Upstream,LOW
2026-10-11 12:00:00,35.6,8.9,6.1,2.43,0.48,-0.2,36.9,0.291,143.9,776.1,LOW,Sudden Upstream,LOW
2026-10-11 12:30:00,68.0,10.4,9.3,2.5,0.43,-0.25,34.2,0.312,42.5,407.7,MEDIUM,Sudden Upstream,MEDIUM
2026-10-11 13:00:00,68.9,10.2,13.9,2.1,0.42,-0.39,37.5,0.33,148.1,830.5,LOW,Sudden Upstream,LOW
2026-10-11 13:30:00,36.1,9.5,2.7,2.46,0.44,-0.42,38.8,0.311,14.5,97.0,CRITICAL,Sudden Upstream,MEDIUM
2026-10-11 14:00:00,82.8,14.7,9.8,2.41,0.45,-0.35,37.2,0.327,33.7,209.5,HIGH,Sudden Upstream,MEDIUM
2026-10-11 14:30:00,53.5,14.4,4.6,2.34,0.35,-0.14,33.7,0.295,163.2,1060.4,LOW,Sudden Upstream,LOW
2026-10-11 15:00:00,37.2,9.2,5.9,2.35,0.41,-0.23,36.6,0.293,87.0,844.3,LOW,Sudden Upstream,LOW
2026-10-11 15:30:00,75.1,14.3,9.7,1.96,0.43,-0.21,37.8,0.334,131.5,504.6,LOW,Sudden Upstream,LOW
2026-10-11 16:00:00,69.4,11.3,9.5,2.35,0.47,-0.14,38.0,0.323,12.2,146.4,CRITICAL,Sudden Upstream,MEDIUM
2026-10-11 16:30:00,60.2,7.8,12.5,2.08,0.31,-0.17,32.8,0.286,105.4,439.7,LOW,Sudden Upstream,LOW
2026-10-11 17:00:00,66.0,14.4,6.4,2.2,0.47,-0.19,36.2,0.326,68.4,417.2,MEDIUM,Sudden Upstream,LOW
2026-10-11 17:30:00,67.0,10.8,12.0,2.21,0.33,-0.28,37.0,0.322,24.4,174.6,CRITICAL,Sudden Upstream,MEDIUM
2026-10-11 18:00:00,45.2,9.7,8.9,2.23,0.52,-0.25,33.3,0.29,138.6,1064.9,LOW,Sudden Upstream,LOW
2026-10-11 18:30:00,73.3,13.9,9.3,2.19,0.48,-0.43,33.2,0.3,152.8,1008.8,LOW,Sudden Upstream,LOW
2026-10-11 19:00:00,90.5,14.3,11.0,2.27,0.48,-0.15,32.4,0.299,20.5,111.1,CRITICAL,Sudden Upstream,MEDIUM
2026-10-11 19:30:00,52.0,7.7,12.2,2.07,0.41,-0.2,35.8,0.29,69.2,495.0,MEDIUM,Sudden Upstream,LOW
2026-10-11 20:00:00,61.0,11.3,10.4,1.96,0.51,-0.31,32.0,0.271,47.4,279.8,HIGH,Sudden Upstream,MEDIUM
2026-10-11 20:30:00,41.3,11.1,4.8,1.94,0.36,-0.42,33.3,0.281,144.3,815.0,LOW,Sudden Upstream,LOW
2026-10-11 21:00:00,78.2,13.8,11.0,1.95,0.47,-0.31,35.4,0.321,92.9,1085.2,LOW,Sudden Upstream,LOW
2026-10-11 21:30:00,50.5,8.4,12.0,1.93,0.4,-0.36,36.9,0.327,152.1,918.5,LOW,Sudden Upstream,LOW
2026-10-11 22:00:00,42.9,8.8,6.1,2.08,0.46,-0.34,32.8,0.287,167.4,466.4,LOW,Sudden Upstream,LOW
2026-10-11 22:30:00,51.8,8.8,8.4,2.25,0.47,-0.26,35.7,0.289,33.3,118.7,CRITICAL,Sudden Upstream,MEDIUM
2026-10-11 23:00:00,31.2,13.1,2.7,1.84,0.27,-0.45,33.2,0.269,171.5,513.8,LOW,Sudden Upstream,LOW
2026-10-11 23:30:00,36.7,7.0,5.6,2.18,0.28,-0.16,35.7,0.282,114.2,536.9,LOW,Sudden Upstream,LOW
2026-10-12 00:00:00,86.3,14.2,9.6,2.3,0.44,-0.38,31.6,0.289,60.8,222.8,HIGH,Sudden Upstream,MEDIUM
2026-10-12 00:30:00,59.4,12.8,7.4,2.3,0.39,-0.2,32.1,0.295,102.0,1082.3,LOW,Sudden Upstream,LOW
2026-10-12 01:00:00,56.5,7.1,11.2,1.92,0.27,-0.35,35.9,0.314,82.7,484.2,LOW,Sudden Upstream,LOW
2026-10-12 01:30:00,50.5,10.4,8.3,2.13,0.46,-0.18,34.0,0.302,35.0,337.6,HIGH,Sudden Upstream,MEDIUM
2026-10-12 02:00:00,25.2,13.3,2.3,1.81,0.42,-0.38,34.3,0.266,172.4,481.4,LOW,Sudden Upstream,LOW
2026-10-12 02:30:00,41.9,8.2,6.1,2.19,0.27,-0.19,32.4,0.284,72.5,465.1,MEDIUM,Sudden Upstream,LOW
2026-10-12 03:00:00,45.1,6.7,8.0,1.92,0.34,-0.23,33.9,0.278,154.3,556.0,LOW,Sudden Upstream,LOW
2026-10-12 03:30:00,63.2,7.4,12.0,2.16,0.25,-0.2,37.0,0.322,155.9,836.7,LOW,Sudden Upstream,LOW
2026-10-12 04:00:00,70.3,12.9,8.3,2.19,0.44,-0.27,34.6,0.324,102.9,1036.8,LOW,Sudden Upstream,LOW
2026-10-12 04:30:00,16.0,8.3,2.7,1.89,0.27,-0.25,33.1,0.27,147.9,1078.8,LOW,Sudden Upstream,LOW
2026-10-12 05:00:00,43.2,6.1,8.2,2.18,0.46,-0.31,35.5,0.297,70.2,218.0,HIGH,Sudden Upstream,MEDIUM
2026-10-12 05:30:00,38.4,9.0,8.0,2.04,0.34,-0.36,33.8,0.268,167.0,766.1,LOW,Sudden Upstream,LOW
2026-10-12 06:00:00,62.7,12.1,7.7,2.17,0.46,-0.32,31.9,0.277,177.1,522.2,LOW,Sudden Upstream,LOW
2026-10-12 06:30:00,79.9,11.8,12.8,2.12,0.24,-0.29,35.5,0.323,94.1,1093.5,LOW,Sudden Upstream,LOW
2026-10-12 07:00:00,43.9,7.3,8.7,2.08,0.45,-0.42,35.3,0.312,157.1,479.5,LOW,Sudden Upstream,LOW
2026-10-12 07:30:00,79.7,12.4,12.3,1.87,0.27,-0.4,33.1,0.309,92.3,820.1,LOW,Sudden Upstream,LOW
2026-10-12 08:00:00,63.2,10.3,11.6,1.72,0.36,-0.23,30.5,0.267,27.8,107.6,CRITICAL,Sudden Upstream,MEDIUM
2026-10-12 08:30:00,47.0,7.5,10.8,2.02,0.21,-0.41,30.9,0.266,27.0,144.1,CRITICAL,Sudden Upstream,MEDIUM
2026-10-12 09:00:00,42.1,8.8,7.4,2.17,0.33,-0.37,33.0,0.268,137.1,767.3,LOW,Sudden Upstream,LOW
2026-10-12 09:30:00,53.6,12.0,7.0,2.18,0.43,-0.25,36.7,0.306,102.3,444.9,LOW,Sudden Upstream,LOW
2026-10-12 10:00:00,52.4,12.3,8.3,1.89,0.23,-0.37,31.1,0.265,147.1,540.8,LOW,Sudden Upstream,LOW
2026-10-12 10:30:00,46.6,9.1,6.0,1.77,0.28,-0.27,35.6,0.292,147.0,657.4,LOW,Sudden Upstream,LOW
2026-10-12 11:00:00,60.8,6.8,13.6,2.15,0.34,-0.37,36.8,0.31,113.1,1041.1,LOW,Sudden Upstream,LOW
2026-10-12 11:30:00,61.6,11.2,7.8,1.71,0.21,-0.31,30.4,0.286,150.7,667.6,LOW,Sudden Upstream,LOW
2026-10-12 12:00:00,58.0,7.5,13.1,1.85,0.22,-0.33,33.8,0.305,49.3,268.7,HIGH,Sudden Upstream,LOW
2026-10-12 12:30:00,80.8,12.9,10.8,1.68,0.39,-0.41,36.0,0.342,75.4,316.3,MEDIUM,Sudden Upstream,LOW
2026-10-12 13:00:00,75.1,12.1,11.7,2.11,0.43,-0.38,31.8,0.303,129.7,586.6,LOW,Sudden Upstream,LOW
2026-10-12 13:30:00,48.1,8.2,7.5,2.06,0.42,-0.21,30.8,0.262,174.1,363.5,LOW,Sudden Upstream,LOW
2026-10-12 14:00:00,66.5,11.0,9.9,1.83,0.38,-0.44,32.7,0.293,121.2,956.2,LOW,Sudden Upstream,LOW
2026-10-12 14:30:00,58.6,6.9,12.6,1.85,0.27,-0.4,32.2,0.293,135.1,1036.7,LOW,Sudden Upstream,LOW
2026-10-12 15:00:00,39.6,8.2,4.9,1.77,0.38,-0.35,30.0,0.269,101.2,399.2,LOW,Sudden Upstream,LOW
2026-10-12 15:30:00,70.3,10.9,11.2,2.04,0.42,-0.28,31.1,0.281,177.0,470.8,LOW,Sudden Upstream,LOW
2026-10-12 16:00:00,54.3,9.3,10.0,1.97,0.21,-0.25,29.6,0.264,135.2,514.2,LOW,Sudden Upstream,LOW
2026-10-12 16:30:00,44.4,7.1,8.8,1.87,0.25,-0.49,35.3,0.299,84.7,765.6,LOW,Sudden Upstream,LOW
2026-10-12 17:00:00,80.7,10.6,13.1,1.64,0.18,-0.24,31.9,0.308,69.6,120.2,HIGH,Sudden Upstream,LOW
2026-10-12 17:30:00,49.1,9.2,7.4,1.92,0.38,-0.33,33.8,0.299,36.7,514.3,MEDIUM,Sudden Upstream,LOW
2026-10-12 18:00:00,38.2,7.4,8.8,1.91,0.32,-0.49,33.5,0.286,31.3,171.8,CRITICAL,Sudden Upstream,MEDIUM
2026-10-12 18:30:00,43.7,7.4,7.1,1.9,0.22,-0.47,36.1,0.311,25.8,158.6,CRITICAL,Sudden Upstream,MEDIUM
2026-10-12 19:00:00,66.0,13.0,7.4,1.76,0.28,-0.3,33.6,0.296,135.8,860.8,LOW,Sudden Upstream,LOW
2026-10-12 19:30:00,87.1,11.5,13.2,1.73,0.32,-0.41,33.2,0.318,118.2,1043.9,LOW,Sudden Upstream,LOW
2026-10-12 20:00:00,21.3,10.3,3.1,1.67,0.2,-0.42,32.5,0.26,154.3,376.6,LOW,Sudden Upstream,LOW
2026-10-12 20:30:00,60.9,13.0,8.4,1.67,0.25,-0.42,31.4,0.264,154.4,410.3,LOW,Sudden Upstream,LOW
2026-10-12 21:00:00,77.4,11.1,11.6,2.04,0.3,-0.32,32.4,0.306,178.2,886.7,LOW,Sudden Upstream,LOW
2026-10-12 21:30:00,24.8,12.2,3.2,1.61,0.31,-0.36,35.7,0.297,157.0,410.5,LOW,Sudden Upstream,LOW
2026-10-12 22:00:00,29.1,7.1,2.3,2.01,0.36,-0.28,30.7,0.263,182.4,910.4,LOW,Sudden Upstream,LOW
2026-10-12 22:30:00,51.7,5.7,11.2,1.73,0.16,-0.4,32.9,0.285,130.9,497.0,LOW,Sudden Upstream,LOW
2026-10-12 23:00:00,45.8,11.1,7.3,1.68,0.32,-0.38,29.5,0.249,126.3,358.6,LOW,Sudden Upstream,LOW
2026-10-12 23:30:00,56.8,7.6,11.3,2.05,0.23,-0.25,30.4,0.262,22.9,168.2,CRITICAL,Sudden Upstream,MEDIUM
2026-10-13 00:00:00,65.6,9.8,12.4,1.62,0.31,-0.35,32.3,0.305,136.2,491.1,LOW,Sudden Upstream,LOW
2026-10-13 00:30:00,59.8,12.5,7.7,1.85,0.17,-0.26,33.6,0.304,180.1,839.0,LOW,Sudden Upstream,LOW
2026-10-13 01:00:00,64.6,11.4,8.0,1.59,0.22,-0.39,29.2,0.276,111.3,438.6,LOW,Sudden Upstream,LOW
2026-10-13 01:30:00,37.5,11.8,4.6,1.9,0.4,-0.43,30.0,0.26,21.8,219.1,CRITICAL,Sudden Upstream,MEDIUM
2026-10-13 02:00:00,21.9,9.2,2.4,2.04,0.34,-0.27,31.4,0.255,16.0,179.9,CRITICAL,Sudden Upstream,MEDIUM
2026-10-13 02:30:00,27.6,5.6,5.6,1.89,0.36,-0.29,29.3,0.248,169.0,895.3,LOW,Sudden Upstream,LOW
2026-10-13 03:00:00,51.6,8.5,8.0,1.63,0.38,-0.47,32.2,0.291,105.5,484.2,LOW,Sudden Upstream,LOW
2026-10-13 03:30:00,32.9,10.6,4.5,1.66,0.27,-0.49,32.4,0.28,79.9,438.6,MEDIUM,Sudden Upstream,LOW
